order_id,customer_id,order_date,product_id,quantity,discount_pct,payment_method,category,unit_price,unit_cost,gross_sales,discount_amount,net_sales,cost,gross_profit
O0002980,CUST00314,2024-01-01,P0013,3,0.1,Wallet,Grocery,268.38,121.9,805.14,80.51,724.63,365.7,358.93
O0003682,CUST00174,2024-01-01,P0039,3,0.15,UPI,Electronics,302.32,141.08,906.96,136.04,770.92,423.24,347.68
O0002309,CUST00595,2024-01-01,P0004,3,0.0,UPI,Home,54.29,27.5,162.87,0.0,162.87,82.5,80.37
O0004601,CUST00573,2024-01-01,P0037,4,0.1,Card,Fashion,32.76,22.26,131.04,13.1,117.94,89.04,28.9
O0003636,CUST00250,2024-01-01,P0009,1,0.1,COD,Fashion,264.14,141.26,264.14,26.41,237.73,141.26,96.47
O0003575,CUST00205,2024-01-01,P0040,1,0.1,COD,Grocery,83.65,51.18,83.65,8.36,75.29,51.18,24.11
O0001923,CUST00567,2024-01-01,P0022,2,0.05,Wallet,Electronics,326.52,146.8,653.04,32.65,620.39,293.6,326.79
O0005086,CUST00549,2024-01-01,P0026,3,0.0,UPI,Electronics,133.04,87.51,399.12,0.0,399.12,262.53,136.59
O0003477,CUST00361,2024-01-01,P0037,3,0.15,Card,Fashion,32.76,22.26,98.28,14.74,83.54,66.78,16.76
O0001939,CUST00598,2024-01-01,P0017,3,0.0,Card,Home,110.28,84.44,330.84,0.0,330.84,253.32,77.52
O0003297,CUST00385,2024-01-01,P0033,1,0.0,Wallet,Fashion,112.86,61.51,112.86,0.0,112.86,61.51,51.35
O0003348,CUST00252,2024-01-01,P0007,3,0.15,Card,Grocery,177.14,118.71,531.42,79.71,451.71,356.13,95.58
O0005155,CUST00422,2024-01-02,P0038,2,0.0,Card,Fashion,157.39,70.68,314.78,0.0,314.78,141.36,173.42
O0001164,CUST00106,2024-01-02,P0033,3,0.1,UPI,Fashion,112.86,61.51,338.58,33.86,304.72,184.53,120.19
O0000414,CUST00531,2024-01-02,P0039,1,0.15,Card,Electronics,302.32,141.08,302.32,45.35,256.97,141.08,115.89
O0003569,CUST00075,2024-01-02,P0025,3,0.1,UPI,Fashion,234.0,111.05,702.0,70.2,631.8,333.15,298.65
O0004131,CUST00523,2024-01-02,P0014,1,0.0,Wallet,Electronics,66.45,51.75,66.45,0.0,66.45,51.75,14.7
O0002676,CUST00022,2024-01-02,P0031,1,0.1,Card,Electronics,287.51,147.51,287.51,28.75,258.76,147.51,111.25
O0004687,CUST00349,2024-01-03,P0004,1,0.0,Card,Home,54.29,27.5,54.29,0.0,54.29,27.5,26.79
O0003898,CUST00528,2024-01-03,P0005,2,0.0,UPI,Electronics,273.97,126.69,547.94,0.0,547.94,253.38,294.56
O0004683,CUST00494,2024-01-03,P0020,4,0.0,Card,Home,149.95,68.06,599.8,0.0,599.8,272.24,327.56
O0000233,CUST00078,2024-01-03,P0044,2,0.05,Card,Home,319.2,142.3,638.4,31.92,606.48,284.6,321.88
O0003057,CUST00180,2024-01-03,P0016,1,0.15,UPI,Fashion,101.27,44.23,101.27,15.19,86.08,44.23,41.85
O0003730,CUST00496,2024-01-03,P0019,4,0.1,COD,Electronics,148.06,96.56,592.24,59.22,533.02,386.24,146.78
O0000676,CUST00262,2024-01-03,P0005,4,0.0,Card,Electronics,273.97,126.69,1095.88,0.0,1095.88,506.76,589.12
O0000743,CUST00294,2024-01-03,P0026,4,0.0,Card,Electronics,133.04,87.51,532.16,0.0,532.16,350.04,182.12
O0001337,CUST00102,2024-01-03,P0010,1,0.0,Card,Grocery,158.28,88.17,158.28,0.0,158.28,88.17,70.11
O0004108,CUST00600,2024-01-03,P0001,2,0.1,UPI,Fashion,114.26,54.48,228.52,22.85,205.67,108.96,96.71
O0003672,CUST00165,2024-01-03,P0002,3,0.1,COD,Electronics,165.42,102.08,496.26,49.63,446.63,306.24,140.39
O0004641,CUST00438,2024-01-03,P0016,2,0.2,Card,Fashion,101.27,44.23,202.54,40.51,162.03,88.46,73.57
O0000037,CUST00396,2024-01-03,P0002,3,0.0,Card,Electronics,165.42,102.08,496.26,0.0,496.26,306.24,190.02
O0003148,CUST00399,2024-01-04,P0025,1,0.2,COD,Fashion,234.0,111.05,234.0,46.8,187.2,111.05,76.15
O0002882,CUST00535,2024-01-04,P0001,4,0.0,UPI,Fashion,114.26,54.48,457.04,0.0,457.04,217.92,239.12
O0001930,CUST00134,2024-01-04,P0021,4,0.0,Card,Beauty,264.24,127.61,1056.96,0.0,1056.96,510.44,546.52
O0001693,CUST00418,2024-01-04,P0018,1,0.1,Net Banking,Beauty,175.93,84.8,175.93,17.59,158.34,84.8,73.54
O0002715,CUST00395,2024-01-04,P0005,2,0.1,COD,Electronics,273.97,126.69,547.94,54.79,493.15,253.38,239.77
O0000512,CUST00406,2024-01-04,P0003,1,0.05,Card,Home,236.77,123.51,236.77,11.84,224.93,123.51,101.42
O0001149,CUST00377,2024-01-05,P0002,2,0.05,Net Banking,Electronics,165.42,102.08,330.84,16.54,314.3,204.16,110.14
O0001676,CUST00533,2024-01-05,P0022,1,0.0,COD,Electronics,326.52,146.8,326.52,0.0,326.52,146.8,179.72
O0004647,CUST00197,2024-01-05,P0037,1,0.1,Card,Fashion,32.76,22.26,32.76,3.28,29.48,22.26,7.22
O0002653,CUST00527,2024-01-05,P0028,4,0.05,Card,Electronics,164.95,128.88,659.8,32.99,626.81,515.52,111.29
O0000246,CUST00437,2024-01-05,P0020,1,0.1,UPI,Home,149.95,68.06,149.95,15.0,134.95,68.06,66.89
O0000873,CUST00482,2024-01-05,P0009,3,0.0,Net Banking,Fashion,264.14,141.26,792.42,0.0,792.42,423.78,368.64
O0003031,CUST00217,2024-01-05,P0029,3,0.15,UPI,Home,354.92,154.02,1064.76,159.71,905.05,462.06,442.99
O0002618,CUST00517,2024-01-05,P0010,2,0.0,Wallet,Grocery,158.28,88.17,316.56,0.0,316.56,176.34,140.22
O0004827,CUST00025,2024-01-05,P0033,4,0.1,UPI,Fashion,112.86,61.51,451.44,45.14,406.3,246.04,160.26
O0001727,CUST00575,2024-01-05,P0028,1,0.0,COD,Electronics,164.95,128.88,164.95,0.0,164.95,128.88,36.07
O0003914,CUST00338,2024-01-06,P0034,4,0.1,Net Banking,Electronics,186.26,105.01,745.04,74.5,670.54,420.04,250.5
O0000330,CUST00348,2024-01-06,P0014,2,0.0,Net Banking,Electronics,66.45,51.75,132.9,0.0,132.9,103.5,29.4
O0003528,CUST00318,2024-01-06,P0040,1,0.05,UPI,Grocery,83.65,51.18,83.65,4.18,79.47,51.18,28.29
O0002686,CUST00428,2024-01-06,P0039,2,0.2,UPI,Electronics,302.32,141.08,604.64,120.93,483.71,282.16,201.55
O0002625,CUST00401,2024-01-06,P0031,2,0.0,Card,Electronics,287.51,147.51,575.02,0.0,575.02,295.02,280.0
O0000108,CUST00158,2024-01-06,P0017,1,0.1,Net Banking,Home,110.28,84.44,110.28,11.03,99.25,84.44,14.81
O0001092,CUST00527,2024-01-06,P0039,1,0.1,UPI,Electronics,302.32,141.08,302.32,30.23,272.09,141.08,131.01
O0003540,CUST00492,2024-01-07,P0039,1,0.15,Net Banking,Electronics,302.32,141.08,302.32,45.35,256.97,141.08,115.89
O0000728,CUST00266,2024-01-07,P0028,3,0.0,UPI,Electronics,164.95,128.88,494.85,0.0,494.85,386.64,108.21
O0004545,CUST00568,2024-01-07,P0025,2,0.05,Card,Fashion,234.0,111.05,468.0,23.4,444.6,222.1,222.5
O0000131,CUST00025,2024-01-07,P0002,1,0.05,Net Banking,Electronics,165.42,102.08,165.42,8.27,157.15,102.08,55.07
O0004485,CUST00643,2024-01-07,P0028,3,0.0,COD,Electronics,164.95,128.88,494.85,0.0,494.85,386.64,108.21
O0003668,CUST00400,2024-01-07,P0033,4,0.2,UPI,Fashion,112.86,61.51,451.44,90.29,361.15,246.04,115.11
O0000405,CUST00527,2024-01-07,P0039,1,0.15,Card,Electronics,302.32,141.08,302.32,45.35,256.97,141.08,115.89
O0001256,CUST00551,2024-01-07,P0009,4,0.0,UPI,Fashion,264.14,141.26,1056.56,0.0,1056.56,565.04,491.52
O0003403,CUST00618,2024-01-07,P0038,2,0.0,UPI,Fashion,157.39,70.68,314.78,0.0,314.78,141.36,173.42
O0002918,CUST00627,2024-01-07,P0023,1,0.0,Card,Fashion,67.68,45.5,67.68,0.0,67.68,45.5,22.18
O0001571,CUST00408,2024-01-07,P0022,1,0.1,Card,Electronics,326.52,146.8,326.52,32.65,293.87,146.8,147.07
O0002385,CUST00261,2024-01-08,P0015,3,0.1,Card,Fashion,43.69,25.91,131.07,13.11,117.96,77.73,40.23
O0003032,CUST00028,2024-01-08,P0022,1,0.0,COD,Electronics,326.52,146.8,326.52,0.0,326.52,146.8,179.72
O0004935,CUST00201,2024-01-08,P0006,1,0.1,UPI,Beauty,192.36,150.65,192.36,19.24,173.12,150.65,22.47
O0002480,CUST00595,2024-01-08,P0020,3,0.15,Card,Home,149.95,68.06,449.85,67.48,382.37,204.18,178.19
O0001749,CUST00251,2024-01-08,P0015,1,0.05,UPI,Fashion,43.69,25.91,43.69,2.18,41.51,25.91,15.6
O0003121,CUST00426,2024-01-08,P0006,2,0.05,UPI,Beauty,192.36,150.65,384.72,19.24,365.48,301.3,64.18
O0000277,CUST00029,2024-01-08,P0007,1,0.05,COD,Grocery,177.14,118.71,177.14,8.86,168.28,118.71,49.57
O0003476,CUST00443,2024-01-08,P0007,1,0.1,UPI,Grocery,177.14,118.71,177.14,17.71,159.43,118.71,40.72
O0003178,CUST00207,2024-01-08,P0009,1,0.2,Wallet,Fashion,264.14,141.26,264.14,52.83,211.31,141.26,70.05
O0001667,CUST00292,2024-01-08,P0025,1,0.05,COD,Fashion,234.0,111.05,234.0,11.7,222.3,111.05,111.25
O0004657,CUST00463,2024-01-09,P0030,2,0.05,Net Banking,Grocery,239.09,117.72,478.18,23.91,454.27,235.44,218.83
O0004191,CUST00521,2024-01-09,P0034,3,0.0,UPI,Electronics,186.26,105.01,558.78,0.0,558.78,315.03,243.75
O0000523,CUST00293,2024-01-09,P0033,1,0.2,COD,Fashion,112.86,61.51,112.86,22.57,90.29,61.51,28.78
O0003210,CUST00209,2024-01-09,P0009,3,0.1,UPI,Fashion,264.14,141.26,792.42,79.24,713.18,423.78,289.4
O0000632,CUST00602,2024-01-09,P0008,4,0.1,Card,Fashion,152.63,75.07,610.52,61.05,549.47,300.28,249.19
O0000961,CUST00564,2024-01-09,P0027,1,0.0,Card,Electronics,55.13,36.66,55.13,0.0,55.13,36.66,18.47
O0002043,CUST00102,2024-01-09,P0018,2,0.0,COD,Beauty,175.93,84.8,351.86,0.0,351.86,169.6,182.26
O0001469,CUST00645,2024-01-09,P0041,2,0.0,Net Banking,Grocery,240.98,127.74,481.96,0.0,481.96,255.48,226.48
O0003500,CUST00298,2024-01-09,P0040,1,0.1,UPI,Grocery,83.65,51.18,83.65,8.36,75.29,51.18,24.11
O0001856,CUST00037,2024-01-10,P0013,2,0.0,Wallet,Grocery,268.38,121.9,536.76,0.0,536.76,243.8,292.96
O0000545,CUST00357,2024-01-10,P0042,1,0.1,UPI,Fashion,92.99,66.18,92.99,9.3,83.69,66.18,17.51
O0002026,CUST00140,2024-01-10,P0031,2,0.0,UPI,Electronics,287.51,147.51,575.02,0.0,575.02,295.02,280.0
O0002419,CUST00418,2024-01-10,P0007,2,0.0,Net Banking,Grocery,177.14,118.71,354.28,0.0,354.28,237.42,116.86
O0002945,CUST00261,2024-01-10,P0040,4,0.0,Card,Grocery,83.65,51.18,334.6,0.0,334.6,204.72,129.88
O0000239,CUST00183,2024-01-10,P0014,1,0.1,UPI,Electronics,66.45,51.75,66.45,6.64,59.81,51.75,8.06
O0000769,CUST00576,2024-01-11,P0044,2,0.15,UPI,Home,319.2,142.3,638.4,95.76,542.64,284.6,258.04
O0004006,CUST00461,2024-01-11,P0037,2,0.15,UPI,Fashion,32.76,22.26,65.52,9.83,55.69,44.52,11.17
O0000526,CUST00387,2024-01-11,P0007,2,0.0,COD,Grocery,177.14,118.71,354.28,0.0,354.28,237.42,116.86
O0001417,CUST00166,2024-01-11,P0016,4,0.1,Card,Fashion,101.27,44.23,405.08,40.51,364.57,176.92,187.65
O0001701,CUST00453,2024-01-11,P0031,2,0.2,Wallet,Electronics,287.51,147.51,575.02,115.0,460.02,295.02,165.0
O0003328,CUST00517,2024-01-11,P0026,2,0.2,Wallet,Electronics,133.04,87.51,266.08,53.22,212.86,175.02,37.84
O0001111,CUST00175,2024-01-11,P0010,1,0.1,Net Banking,Grocery,158.28,88.17,158.28,15.83,142.45,88.17,54.28
O0000805,CUST00304,2024-01-11,P0003,1,0.0,Card,Home,236.77,123.51,236.77,0.0,236.77,123.51,113.26
O0002501,CUST00390,2024-01-11,P0033,1,0.0,COD,Fashion,112.86,61.51,112.86,0.0,112.86,61.51,51.35
O0001937,CUST00602,2024-01-11,P0017,4,0.0,Net Banking,Home,110.28,84.44,441.12,0.0,441.12,337.76,103.36
O0003360,CUST00103,2024-01-11,P0009,2,0.1,COD,Fashion,264.14,141.26,528.28,52.83,475.45,282.52,192.93
O0001335,CUST00357,2024-01-12,P0007,2,0.0,Wallet,Grocery,177.14,118.71,354.28,0.0,354.28,237.42,116.86
O0000089,CUST00181,2024-01-12,P0019,2,0.0,UPI,Electronics,148.06,96.56,296.12,0.0,296.12,193.12,103.0
O0003176,CUST00512,2024-01-12,P0016,2,0.1,Wallet,Fashion,101.27,44.23,202.54,20.25,182.29,88.46,93.83
O0001683,CUST00212,2024-01-12,P0042,2,0.1,COD,Fashion,92.99,66.18,185.98,18.6,167.38,132.36,35.02
O0004055,CUST00176,2024-01-12,P0044,2,0.15,UPI,Home,319.2,142.3,638.4,95.76,542.64,284.6,258.04
O0004881,CUST00228,2024-01-12,P0043,4,0.0,UPI,Electronics,364.08,156.96,1456.32,0.0,1456.32,627.84,828.48
O0004172,CUST00202,2024-01-12,P0027,4,0.0,UPI,Electronics,55.13,36.66,220.52,0.0,220.52,146.64,73.88
O0003547,CUST00107,2024-01-12,P0012,1,0.05,UPI,Electronics,216.75,132.72,216.75,10.84,205.91,132.72,73.19
O0000907,CUST00232,2024-01-12,P0028,1,0.2,Net Banking,Electronics,164.95,128.88,164.95,32.99,131.96,128.88,3.08
O0000992,CUST00367,2024-01-12,P0002,2,0.1,Net Banking,Electronics,165.42,102.08,330.84,33.08,297.76,204.16,93.6
O0004264,CUST00576,2024-01-13,P0037,1,0.15,Card,Fashion,32.76,22.26,32.76,4.91,27.85,22.26,5.59
O0002273,CUST00309,2024-01-13,P0013,2,0.0,UPI,Grocery,268.38,121.9,536.76,0.0,536.76,243.8,292.96
O0004684,CUST00405,2024-01-13,P0035,1,0.0,Card,Home,139.63,80.04,139.63,0.0,139.63,80.04,59.59
O0002840,CUST00129,2024-01-13,P0011,2,0.1,Card,Electronics,158.87,121.21,317.74,31.77,285.97,242.42,43.55
O0003673,CUST00613,2024-01-13,P0040,1,0.1,Net Banking,Grocery,83.65,51.18,83.65,8.36,75.29,51.18,24.11
O0003143,CUST00400,2024-01-14,P0019,1,0.0,COD,Electronics,148.06,96.56,148.06,0.0,148.06,96.56,51.5
O0001122,CUST00367,2024-01-14,P0008,4,0.0,Net Banking,Fashion,152.63,75.07,610.52,0.0,610.52,300.28,310.24
O0003932,CUST00250,2024-01-14,P0028,1,0.1,COD,Electronics,164.95,128.88,164.95,16.5,148.45,128.88,19.57
O0000248,CUST00126,2024-01-14,P0039,4,0.1,Wallet,Electronics,302.32,141.08,1209.28,120.93,1088.35,564.32,524.03
O0000937,CUST00350,2024-01-14,P0023,1,0.1,COD,Fashion,67.68,45.5,67.68,6.77,60.91,45.5,15.41
O0001797,CUST00572,2024-01-14,P0023,1,0.15,Card,Fashion,67.68,45.5,67.68,10.15,57.53,45.5,12.03
O0000315,CUST00005,2024-01-14,P0016,1,0.0,Card,Fashion,101.27,44.23,101.27,0.0,101.27,44.23,57.04
O0004084,CUST00579,2024-01-14,P0018,1,0.1,UPI,Beauty,175.93,84.8,175.93,17.59,158.34,84.8,73.54
O0003487,CUST00560,2024-01-14,P0037,4,0.05,COD,Fashion,32.76,22.26,131.04,6.55,124.49,89.04,35.45
O0000927,CUST00229,2024-01-14,P0015,1,0.2,Card,Fashion,43.69,25.91,43.69,8.74,34.95,25.91,9.04
O0004292,CUST00520,2024-01-14,P0018,4,0.2,COD,Beauty,175.93,84.8,703.72,140.74,562.98,339.2,223.78
O0004699,CUST00103,2024-01-15,P0005,1,0.05,Card,Electronics,273.97,126.69,273.97,13.7,260.27,126.69,133.58
O0000208,CUST00166,2024-01-15,P0030,1,0.05,UPI,Grocery,239.09,117.72,239.09,11.95,227.14,117.72,109.42
O0003990,CUST00482,2024-01-15,P0018,4,0.0,Wallet,Beauty,175.93,84.8,703.72,0.0,703.72,339.2,364.52
O0002358,CUST00557,2024-01-15,P0005,3,0.0,Card,Electronics,273.97,126.69,821.91,0.0,821.91,380.07,441.84
O0005187,CUST00265,2024-01-15,P0006,4,0.1,UPI,Beauty,192.36,150.65,769.44,76.94,692.5,602.6,89.9
O0002754,CUST00644,2024-01-15,P0028,1,0.15,Wallet,Electronics,164.95,128.88,164.95,24.74,140.21,128.88,11.33
O0002192,CUST00550,2024-01-15,P0017,2,0.0,UPI,Home,110.28,84.44,220.56,0.0,220.56,168.88,51.68
O0003271,CUST00328,2024-01-16,P0044,3,0.0,COD,Home,319.2,142.3,957.6,0.0,957.6,426.9,530.7
O0002555,CUST00581,2024-01-16,P0010,2,0.0,Card,Grocery,158.28,88.17,316.56,0.0,316.56,176.34,140.22
O0004012,CUST00133,2024-01-16,P0034,2,0.1,Net Banking,Electronics,186.26,105.01,372.52,37.25,335.27,210.02,125.25
O0000709,CUST00033,2024-01-16,P0042,4,0.0,Card,Fashion,92.99,66.18,371.96,0.0,371.96,264.72,107.24
O0001351,CUST00454,2024-01-16,P0043,4,0.15,Wallet,Electronics,364.08,156.96,1456.32,218.45,1237.87,627.84,610.03
O0002771,CUST00442,2024-01-16,P0001,4,0.0,Card,Fashion,114.26,54.48,457.04,0.0,457.04,217.92,239.12
O0003025,CUST00348,2024-01-16,P0038,1,0.05,UPI,Fashion,157.39,70.68,157.39,7.87,149.52,70.68,78.84
O0003239,CUST00131,2024-01-16,P0036,4,0.1,Card,Home,308.75,157.97,1235.0,123.5,1111.5,631.88,479.62
O0002389,CUST00193,2024-01-17,P0035,4,0.1,COD,Home,139.63,80.04,558.52,55.85,502.67,320.16,182.51
O0000427,CUST00175,2024-01-17,P0001,4,0.0,UPI,Fashion,114.26,54.48,457.04,0.0,457.04,217.92,239.12
O0003773,CUST00584,2024-01-17,P0009,1,0.15,UPI,Fashion,264.14,141.26,264.14,39.62,224.52,141.26,83.26
O0004070,CUST00575,2024-01-17,P0028,1,0.0,COD,Electronics,164.95,128.88,164.95,0.0,164.95,128.88,36.07
O0005029,CUST00263,2024-01-17,P0008,4,0.05,COD,Fashion,152.63,75.07,610.52,30.53,579.99,300.28,279.71
O0003059,CUST00057,2024-01-17,P0028,1,0.0,Wallet,Electronics,164.95,128.88,164.95,0.0,164.95,128.88,36.07
O0000996,CUST00646,2024-01-17,P0003,2,0.05,Card,Home,236.77,123.51,473.54,23.68,449.86,247.02,202.84
O0002001,CUST00007,2024-01-17,P0045,4,0.05,Card,Grocery,121.81,53.8,487.24,24.36,462.88,215.2,247.68
O0000179,CUST00259,2024-01-17,P0015,3,0.05,Net Banking,Fashion,43.69,25.91,131.07,6.55,124.52,77.73,46.79
O0000138,CUST00219,2024-01-17,P0037,3,0.0,Card,Fashion,32.76,22.26,98.28,0.0,98.28,66.78,31.5
O0003350,CUST00225,2024-01-17,P0035,1,0.0,UPI,Home,139.63,80.04,139.63,0.0,139.63,80.04,59.59
O0000400,CUST00543,2024-01-17,P0020,2,0.0,UPI,Home,149.95,68.06,299.9,0.0,299.9,136.12,163.78
O0001304,CUST00320,2024-01-17,P0015,3,0.05,Net Banking,Fashion,43.69,25.91,131.07,6.55,124.52,77.73,46.79
O0001946,CUST00294,2024-01-17,P0020,1,0.05,UPI,Home,149.95,68.06,149.95,7.5,142.45,68.06,74.39
O0005044,CUST00232,2024-01-17,P0005,1,0.0,UPI,Electronics,273.97,126.69,273.97,0.0,273.97,126.69,147.28
O0001416,CUST00488,2024-01-18,P0038,2,0.0,UPI,Fashion,157.39,70.68,314.78,0.0,314.78,141.36,173.42
O0004859,CUST00569,2024-01-18,P0027,3,0.0,Card,Electronics,55.13,36.66,165.39,0.0,165.39,109.98,55.41
O0002518,CUST00500,2024-01-18,P0041,1,0.05,Net Banking,Grocery,240.98,127.74,240.98,12.05,228.93,127.74,101.19
O0005062,CUST00442,2024-01-18,P0036,2,0.05,Wallet,Home,308.75,157.97,617.5,30.88,586.62,315.94,270.68
O0002720,CUST00096,2024-01-18,P0005,2,0.1,Wallet,Electronics,273.97,126.69,547.94,54.79,493.15,253.38,239.77
O0001913,CUST00218,2024-01-18,P0022,1,0.05,UPI,Electronics,326.52,146.8,326.52,16.33,310.19,146.8,163.39
O0000975,CUST00369,2024-01-18,P0031,2,0.0,Card,Electronics,287.51,147.51,575.02,0.0,575.02,295.02,280.0
O0000860,CUST00236,2024-01-18,P0031,4,0.2,Net Banking,Electronics,287.51,147.51,1150.04,230.01,920.03,590.04,329.99
O0002915,CUST00096,2024-01-19,P0044,4,0.05,UPI,Home,319.2,142.3,1276.8,63.84,1212.96,569.2,643.76
O0001516,CUST00487,2024-01-19,P0038,1,0.2,Card,Fashion,157.39,70.68,157.39,31.48,125.91,70.68,55.23
O0000861,CUST00560,2024-01-19,P0026,2,0.0,UPI,Electronics,133.04,87.51,266.08,0.0,266.08,175.02,91.06
O0000194,CUST00584,2024-01-19,P0015,1,0.05,Card,Fashion,43.69,25.91,43.69,2.18,41.51,25.91,15.6
O0001014,CUST00059,2024-01-19,P0032,1,0.1,UPI,Electronics,325.98,157.6,325.98,32.6,293.38,157.6,135.78
O0003983,CUST00134,2024-01-19,P0016,3,0.15,UPI,Fashion,101.27,44.23,303.81,45.57,258.24,132.69,125.55
O0002170,CUST00486,2024-01-19,P0034,2,0.1,UPI,Electronics,186.26,105.01,372.52,37.25,335.27,210.02,125.25
O0001592,CUST00174,2024-01-19,P0016,4,0.0,UPI,Fashion,101.27,44.23,405.08,0.0,405.08,176.92,228.16
O0000110,CUST00414,2024-01-19,P0012,3,0.05,COD,Electronics,216.75,132.72,650.25,32.51,617.74,398.16,219.58
O0003868,CUST00619,2024-01-20,P0023,1,0.05,UPI,Fashion,67.68,45.5,67.68,3.38,64.3,45.5,18.8
O0001655,CUST00224,2024-01-20,P0025,1,0.0,COD,Fashion,234.0,111.05,234.0,0.0,234.0,111.05,122.95
O0002335,CUST00368,2024-01-20,P0043,2,0.05,Card,Electronics,364.08,156.96,728.16,36.41,691.75,313.92,377.83
O0001423,CUST00276,2024-01-20,P0014,2,0.05,Card,Electronics,66.45,51.75,132.9,6.64,126.26,103.5,22.76
O0002880,CUST00112,2024-01-20,P0042,1,0.1,Card,Fashion,92.99,66.18,92.99,9.3,83.69,66.18,17.51
O0000678,CUST00400,2024-01-20,P0011,2,0.1,Wallet,Electronics,158.87,121.21,317.74,31.77,285.97,242.42,43.55
O0001971,CUST00340,2024-01-20,P0002,2,0.15,Wallet,Electronics,165.42,102.08,330.84,49.63,281.21,204.16,77.05
O0000285,CUST00524,2024-01-20,P0044,1,0.15,Wallet,Home,319.2,142.3,319.2,47.88,271.32,142.3,129.02
O0002610,CUST00575,2024-01-21,P0043,3,0.1,COD,Electronics,364.08,156.96,1092.24,109.22,983.02,470.88,512.14
O0004732,CUST00354,2024-01-21,P0003,1,0.0,Net Banking,Home,236.77,123.51,236.77,0.0,236.77,123.51,113.26
O0003941,CUST00461,2024-01-22,P0035,4,0.0,UPI,Home,139.63,80.04,558.52,0.0,558.52,320.16,238.36
O0001511,CUST00316,2024-01-22,P0013,4,0.0,UPI,Grocery,268.38,121.9,1073.52,0.0,1073.52,487.6,585.92
O0002691,CUST00481,2024-01-22,P0001,1,0.1,UPI,Fashion,114.26,54.48,114.26,11.43,102.83,54.48,48.35
O0004723,CUST00228,2024-01-22,P0002,4,0.0,UPI,Electronics,165.42,102.08,661.68,0.0,661.68,408.32,253.36
O0001732,CUST00454,2024-01-22,P0029,1,0.1,UPI,Home,354.92,154.02,354.92,35.49,319.43,154.02,165.41
O0001301,CUST00186,2024-01-22,P0043,3,0.1,Card,Electronics,364.08,156.96,1092.24,109.22,983.02,470.88,512.14
O0002541,CUST00648,2024-01-22,P0024,4,0.0,Card,Grocery,220.04,119.95,880.16,0.0,880.16,479.8,400.36
O0001254,CUST00230,2024-01-22,P0045,3,0.0,Card,Grocery,121.81,53.8,365.43,0.0,365.43,161.4,204.03
O0001656,CUST00454,2024-01-22,P0031,4,0.05,UPI,Electronics,287.51,147.51,1150.04,57.5,1092.54,590.04,502.5
O0002353,CUST00535,2024-01-22,P0021,2,0.0,UPI,Beauty,264.24,127.61,528.48,0.0,528.48,255.22,273.26
O0004582,CUST00254,2024-01-23,P0020,1,0.0,UPI,Home,149.95,68.06,149.95,0.0,149.95,68.06,81.89
O0004824,CUST00380,2024-01-23,P0023,1,0.05,COD,Fashion,67.68,45.5,67.68,3.38,64.3,45.5,18.8
O0001404,CUST00450,2024-01-23,P0023,2,0.0,UPI,Fashion,67.68,45.5,135.36,0.0,135.36,91.0,44.36
O0001975,CUST00069,2024-01-23,P0023,1,0.0,UPI,Fashion,67.68,45.5,67.68,0.0,67.68,45.5,22.18
O0004354,CUST00092,2024-01-23,P0030,2,0.1,Card,Grocery,239.09,117.72,478.18,47.82,430.36,235.44,194.92
O0000624,CUST00015,2024-01-24,P0020,2,0.05,Card,Home,149.95,68.06,299.9,15.0,284.9,136.12,148.78
O0001224,CUST00529,2024-01-24,P0006,3,0.15,COD,Beauty,192.36,150.65,577.08,86.56,490.52,451.95,38.57
O0001266,CUST00575,2024-01-24,P0001,1,0.1,Card,Fashion,114.26,54.48,114.26,11.43,102.83,54.48,48.35
O0002292,CUST00358,2024-01-24,P0009,3,0.15,Net Banking,Fashion,264.14,141.26,792.42,118.86,673.56,423.78,249.78
O0001200,CUST00486,2024-01-24,P0016,2,0.2,Card,Fashion,101.27,44.23,202.54,40.51,162.03,88.46,73.57
O0002487,CUST00108,2024-01-24,P0018,3,0.1,Net Banking,Beauty,175.93,84.8,527.79,52.78,475.01,254.4,220.61
O0001529,CUST00224,2024-01-24,P0015,3,0.05,Card,Fashion,43.69,25.91,131.07,6.55,124.52,77.73,46.79
O0001364,CUST00038,2024-01-25,P0007,1,0.2,Card,Grocery,177.14,118.71,177.14,35.43,141.71,118.71,23.0
O0003102,CUST00500,2024-01-25,P0001,1,0.05,COD,Fashion,114.26,54.48,114.26,5.71,108.55,54.48,54.07
O0004788,CUST00132,2024-01-25,P0002,1,0.1,Net Banking,Electronics,165.42,102.08,165.42,16.54,148.88,102.08,46.8
O0003247,CUST00521,2024-01-25,P0015,1,0.2,Net Banking,Fashion,43.69,25.91,43.69,8.74,34.95,25.91,9.04
O0004980,CUST00571,2024-01-25,P0010,1,0.0,COD,Grocery,158.28,88.17,158.28,0.0,158.28,88.17,70.11
O0000461,CUST00175,2024-01-26,P0045,2,0.15,COD,Grocery,121.81,53.8,243.62,36.54,207.08,107.6,99.48
O0003138,CUST00463,2024-01-26,P0035,1,0.05,COD,Home,139.63,80.04,139.63,6.98,132.65,80.04,52.61
O0003345,CUST00312,2024-01-26,P0045,3,0.2,UPI,Grocery,121.81,53.8,365.43,73.09,292.34,161.4,130.94
O0001507,CUST00490,2024-01-26,P0023,2,0.15,UPI,Fashion,67.68,45.5,135.36,20.3,115.06,91.0,24.06
O0004710,CUST00224,2024-01-26,P0021,2,0.05,UPI,Beauty,264.24,127.61,528.48,26.42,502.06,255.22,246.84
O0004631,CUST00250,2024-01-26,P0016,4,0.2,UPI,Fashion,101.27,44.23,405.08,81.02,324.06,176.92,147.14
O0000664,CUST00454,2024-01-26,P0001,2,0.0,Card,Fashion,114.26,54.48,228.52,0.0,228.52,108.96,119.56
O0004692,CUST00395,2024-01-26,P0036,1,0.0,UPI,Home,308.75,157.97,308.75,0.0,308.75,157.97,150.78
O0000599,CUST00344,2024-01-26,P0036,2,0.15,COD,Home,308.75,157.97,617.5,92.62,524.88,315.94,208.94
O0000167,CUST00082,2024-01-26,P0003,4,0.0,UPI,Home,236.77,123.51,947.08,0.0,947.08,494.04,453.04
O0001977,CUST00175,2024-01-26,P0019,1,0.0,UPI,Electronics,148.06,96.56,148.06,0.0,148.06,96.56,51.5
O0002090,CUST00244,2024-01-26,P0021,2,0.05,Card,Beauty,264.24,127.61,528.48,26.42,502.06,255.22,246.84
O0002832,CUST00521,2024-01-26,P0035,1,0.0,UPI,Home,139.63,80.04,139.63,0.0,139.63,80.04,59.59
O0001429,CUST00239,2024-01-26,P0002,2,0.05,Card,Electronics,165.42,102.08,330.84,16.54,314.3,204.16,110.14
O0000634,CUST00384,2024-01-26,P0025,2,0.2,Card,Fashion,234.0,111.05,468.0,93.6,374.4,222.1,152.3
O0001515,CUST00191,2024-01-26,P0011,3,0.0,UPI,Electronics,158.87,121.21,476.61,0.0,476.61,363.63,112.98
O0003440,CUST00283,2024-01-27,P0032,1,0.15,Card,Electronics,325.98,157.6,325.98,48.9,277.08,157.6,119.48
O0001026,CUST00084,2024-01-27,P0034,1,0.1,Net Banking,Electronics,186.26,105.01,186.26,18.63,167.63,105.01,62.62
O0003254,CUST00283,2024-01-27,P0008,3,0.0,COD,Fashion,152.63,75.07,457.89,0.0,457.89,225.21,232.68
O0002161,CUST00441,2024-01-27,P0035,4,0.1,UPI,Home,139.63,80.04,558.52,55.85,502.67,320.16,182.51
O0004138,CUST00233,2024-01-27,P0036,1,0.2,UPI,Home,308.75,157.97,308.75,61.75,247.0,157.97,89.03
O0001606,CUST00596,2024-01-27,P0043,2,0.0,COD,Electronics,364.08,156.96,728.16,0.0,728.16,313.92,414.24
O0002946,CUST00458,2024-01-27,P0021,4,0.2,Net Banking,Beauty,264.24,127.61,1056.96,211.39,845.57,510.44,335.13
O0005147,CUST00605,2024-01-28,P0042,2,0.0,COD,Fashion,92.99,66.18,185.98,0.0,185.98,132.36,53.62
O0000563,CUST00304,2024-01-28,P0001,1,0.15,Card,Fashion,114.26,54.48,114.26,17.14,97.12,54.48,42.64
O0002770,CUST00045,2024-01-28,P0024,1,0.1,Card,Grocery,220.04,119.95,220.04,22.0,198.04,119.95,78.09
O0002015,CUST00454,2024-01-28,P0020,2,0.0,UPI,Home,149.95,68.06,299.9,0.0,299.9,136.12,163.78
O0003679,CUST00250,2024-01-28,P0041,3,0.0,Wallet,Grocery,240.98,127.74,722.94,0.0,722.94,383.22,339.72
O0000589,CUST00524,2024-01-28,P0036,1,0.2,UPI,Home,308.75,157.97,308.75,61.75,247.0,157.97,89.03
O0001251,CUST00114,2024-01-28,P0041,4,0.0,Card,Grocery,240.98,127.74,963.92,0.0,963.92,510.96,452.96
O0000723,CUST00160,2024-01-28,P0024,2,0.05,UPI,Grocery,220.04,119.95,440.08,22.0,418.08,239.9,178.18
O0002737,CUST00205,2024-01-28,P0025,1,0.1,UPI,Fashion,234.0,111.05,234.0,23.4,210.6,111.05,99.55
O0000299,CUST00295,2024-01-28,P0007,4,0.1,COD,Grocery,177.14,118.71,708.56,70.86,637.7,474.84,162.86
O0003923,CUST00011,2024-01-28,P0020,1,0.05,Card,Home,149.95,68.06,149.95,7.5,142.45,68.06,74.39
O0002301,CUST00314,2024-01-28,P0007,1,0.1,UPI,Grocery,177.14,118.71,177.14,17.71,159.43,118.71,40.72
O0000310,CUST00450,2024-01-28,P0013,1,0.1,COD,Grocery,268.38,121.9,268.38,26.84,241.54,121.9,119.64
O0003744,CUST00501,2024-01-28,P0002,4,0.0,UPI,Electronics,165.42,102.08,661.68,0.0,661.68,408.32,253.36
O0002863,CUST00289,2024-01-28,P0043,2,0.1,UPI,Electronics,364.08,156.96,728.16,72.82,655.34,313.92,341.42
O0003024,CUST00352,2024-01-29,P0040,1,0.1,Wallet,Grocery,83.65,51.18,83.65,8.36,75.29,51.18,24.11
O0000686,CUST00450,2024-01-29,P0012,4,0.0,Card,Electronics,216.75,132.72,867.0,0.0,867.0,530.88,336.12
O0001985,CUST00605,2024-01-29,P0009,4,0.1,Wallet,Fashion,264.14,141.26,1056.56,105.66,950.9,565.04,385.86
O0003659,CUST00133,2024-01-29,P0014,2,0.1,Net Banking,Electronics,66.45,51.75,132.9,13.29,119.61,103.5,16.11
O0000993,CUST00321,2024-01-29,P0001,1,0.0,Wallet,Fashion,114.26,54.48,114.26,0.0,114.26,54.48,59.78
O0004267,CUST00126,2024-01-29,P0034,2,0.05,Card,Electronics,186.26,105.01,372.52,18.63,353.89,210.02,143.87
O0000662,CUST00528,2024-01-29,P0040,2,0.0,Card,Grocery,83.65,51.18,167.3,0.0,167.3,102.36,64.94
O0002337,CUST00243,2024-01-29,P0027,3,0.0,Wallet,Electronics,55.13,36.66,165.39,0.0,165.39,109.98,55.41
O0004873,CUST00463,2024-01-29,P0042,1,0.0,UPI,Fashion,92.99,66.18,92.99,0.0,92.99,66.18,26.81
O0003747,CUST00353,2024-01-29,P0032,1,0.1,Wallet,Electronics,325.98,157.6,325.98,32.6,293.38,157.6,135.78
O0001235,CUST00041,2024-01-30,P0029,2,0.2,UPI,Home,354.92,154.02,709.84,141.97,567.87,308.04,259.83
O0003094,CUST00323,2024-01-30,P0011,3,0.0,UPI,Electronics,158.87,121.21,476.61,0.0,476.61,363.63,112.98
O0004515,CUST00288,2024-01-31,P0015,1,0.0,Card,Fashion,43.69,25.91,43.69,0.0,43.69,25.91,17.78
O0004910,CUST00605,2024-01-31,P0020,3,0.05,Card,Home,149.95,68.06,449.85,22.49,427.36,204.18,223.18
O0000430,CUST00119,2024-02-01,P0006,4,0.2,UPI,Beauty,192.36,150.65,769.44,153.89,615.55,602.6,12.95
O0003935,CUST00394,2024-02-01,P0013,3,0.05,Net Banking,Grocery,268.38,121.9,805.14,40.26,764.88,365.7,399.18
O0004747,CUST00388,2024-02-01,P0013,1,0.05,Card,Grocery,268.38,121.9,268.38,13.42,254.96,121.9,133.06
O0001509,CUST00254,2024-02-01,P0037,1,0.05,Card,Fashion,32.76,22.26,32.76,1.64,31.12,22.26,8.86
O0003685,CUST00592,2024-02-02,P0042,1,0.05,Wallet,Fashion,92.99,66.18,92.99,4.65,88.34,66.18,22.16
O0004775,CUST00405,2024-02-02,P0024,2,0.15,UPI,Grocery,220.04,119.95,440.08,66.01,374.07,239.9,134.17
O0003272,CUST00455,2024-02-02,P0006,2,0.2,Card,Beauty,192.36,150.65,384.72,76.94,307.78,301.3,6.48
O0003616,CUST00479,2024-02-02,P0027,1,0.2,Card,Electronics,55.13,36.66,55.13,11.03,44.1,36.66,7.44
O0003552,CUST00502,2024-02-02,P0026,4,0.0,UPI,Electronics,133.04,87.51,532.16,0.0,532.16,350.04,182.12
O0001798,CUST00392,2024-02-02,P0017,3,0.2,Net Banking,Home,110.28,84.44,330.84,66.17,264.67,253.32,11.35
O0002988,CUST00584,2024-02-02,P0033,1,0.1,Card,Fashion,112.86,61.51,112.86,11.29,101.57,61.51,40.06
O0001326,CUST00409,2024-02-02,P0044,1,0.0,UPI,Home,319.2,142.3,319.2,0.0,319.2,142.3,176.9
O0004907,CUST00389,2024-02-02,P0022,1,0.15,COD,Electronics,326.52,146.8,326.52,48.98,277.54,146.8,130.74
O0002834,CUST00511,2024-02-02,P0003,1,0.0,Card,Home,236.77,123.51,236.77,0.0,236.77,123.51,113.26
O0003526,CUST00633,2024-02-03,P0033,2,0.1,UPI,Fashion,112.86,61.51,225.72,22.57,203.15,123.02,80.13
O0002898,CUST00536,2024-02-03,P0002,2,0.0,Card,Electronics,165.42,102.08,330.84,0.0,330.84,204.16,126.68
O0001802,CUST00536,2024-02-03,P0002,3,0.15,Wallet,Electronics,165.42,102.08,496.26,74.44,421.82,306.24,115.58
O0001601,CUST00063,2024-02-03,P0032,1,0.0,Card,Electronics,325.98,157.6,325.98,0.0,325.98,157.6,168.38
O0003804,CUST00625,2024-02-03,P0030,1,0.0,Card,Grocery,239.09,117.72,239.09,0.0,239.09,117.72,121.37
O0004477,CUST00033,2024-02-03,P0010,2,0.1,COD,Grocery,158.28,88.17,316.56,31.66,284.9,176.34,108.56
O0001910,CUST00522,2024-02-04,P0027,1,0.0,UPI,Electronics,55.13,36.66,55.13,0.0,55.13,36.66,18.47
O0001907,CUST00040,2024-02-04,P0019,1,0.1,COD,Electronics,148.06,96.56,148.06,14.81,133.25,96.56,36.69
O0001020,CUST00097,2024-02-04,P0043,1,0.1,COD,Electronics,364.08,156.96,364.08,36.41,327.67,156.96,170.71
O0001567,CUST00215,2024-02-04,P0033,2,0.15,Card,Fashion,112.86,61.51,225.72,33.86,191.86,123.02,68.84
O0000899,CUST00281,2024-02-04,P0014,1,0.05,Wallet,Electronics,66.45,51.75,66.45,3.32,63.13,51.75,11.38
O0000181,CUST00338,2024-02-04,P0041,2,0.0,UPI,Grocery,240.98,127.74,481.96,0.0,481.96,255.48,226.48
O0003740,CUST00255,2024-02-04,P0020,2,0.0,Card,Home,149.95,68.06,299.9,0.0,299.9,136.12,163.78
O0002547,CUST00583,2024-02-04,P0024,3,0.15,Card,Grocery,220.04,119.95,660.12,99.02,561.1,359.85,201.25
O0004144,CUST00037,2024-02-04,P0045,2,0.0,UPI,Grocery,121.81,53.8,243.62,0.0,243.62,107.6,136.02
O0002562,CUST00595,2024-02-05,P0001,1,0.0,COD,Fashion,114.26,54.48,114.26,0.0,114.26,54.48,59.78
O0002848,CUST00557,2024-02-05,P0031,1,0.15,Net Banking,Electronics,287.51,147.51,287.51,43.13,244.38,147.51,96.87
O0002693,CUST00161,2024-02-05,P0035,1,0.0,COD,Home,139.63,80.04,139.63,0.0,139.63,80.04,59.59
O0003614,CUST00266,2024-02-05,P0023,3,0.0,Wallet,Fashion,67.68,45.5,203.04,0.0,203.04,136.5,66.54
O0001557,CUST00183,2024-02-05,P0035,2,0.0,Card,Home,139.63,80.04,279.26,0.0,279.26,160.08,119.18
O0001001,CUST00638,2024-02-05,P0044,2,0.1,COD,Home,319.2,142.3,638.4,63.84,574.56,284.6,289.96
O0000498,CUST00526,2024-02-05,P0012,2,0.05,UPI,Electronics,216.75,132.72,433.5,21.68,411.82,265.44,146.38
O0001696,CUST00465,2024-02-05,P0032,1,0.0,Card,Electronics,325.98,157.6,325.98,0.0,325.98,157.6,168.38
O0000450,CUST00580,2024-02-06,P0006,3,0.0,UPI,Beauty,192.36,150.65,577.08,0.0,577.08,451.95,125.13
O0003645,CUST00602,2024-02-06,P0012,4,0.0,Card,Electronics,216.75,132.72,867.0,0.0,867.0,530.88,336.12
O0002629,CUST00487,2024-02-06,P0004,2,0.05,Card,Home,54.29,27.5,108.58,5.43,103.15,55.0,48.15
O0001813,CUST00082,2024-02-06,P0026,2,0.15,Wallet,Electronics,133.04,87.51,266.08,39.91,226.17,175.02,51.15
O0003493,CUST00559,2024-02-06,P0037,1,0.0,UPI,Fashion,32.76,22.26,32.76,0.0,32.76,22.26,10.5
O0001536,CUST00405,2024-02-06,P0019,1,0.2,UPI,Electronics,148.06,96.56,148.06,29.61,118.45,96.56,21.89
O0000243,CUST00560,2024-02-06,P0024,2,0.0,Card,Grocery,220.04,119.95,440.08,0.0,440.08,239.9,200.18
O0004091,CUST00415,2024-02-06,P0038,1,0.1,Net Banking,Fashion,157.39,70.68,157.39,15.74,141.65,70.68,70.97
O0004210,CUST00376,2024-02-07,P0020,1,0.2,UPI,Home,149.95,68.06,149.95,29.99,119.96,68.06,51.9
O0002817,CUST00594,2024-02-07,P0023,3,0.15,Wallet,Fashion,67.68,45.5,203.04,30.46,172.58,136.5,36.08
O0004982,CUST00189,2024-02-07,P0034,3,0.2,COD,Electronics,186.26,105.01,558.78,111.76,447.02,315.03,131.99
O0004999,CUST00585,2024-02-07,P0003,1,0.2,Card,Home,236.77,123.51,236.77,47.35,189.42,123.51,65.91
O0001904,CUST00145,2024-02-07,P0033,1,0.15,Card,Fashion,112.86,61.51,112.86,16.93,95.93,61.51,34.42
O0002476,CUST00396,2024-02-07,P0023,1,0.15,Card,Fashion,67.68,45.5,67.68,10.15,57.53,45.5,12.03
O0001140,CUST00601,2024-02-08,P0027,1,0.1,Net Banking,Electronics,55.13,36.66,55.13,5.51,49.62,36.66,12.96
O0001533,CUST00254,2024-02-08,P0019,1,0.1,Card,Electronics,148.06,96.56,148.06,14.81,133.25,96.56,36.69
O0000297,CUST00282,2024-02-08,P0023,1,0.2,UPI,Fashion,67.68,45.5,67.68,13.54,54.14,45.5,8.64
O0004250,CUST00644,2024-02-08,P0008,4,0.1,Card,Fashion,152.63,75.07,610.52,61.05,549.47,300.28,249.19
O0002071,CUST00165,2024-02-08,P0034,2,0.1,Card,Electronics,186.26,105.01,372.52,37.25,335.27,210.02,125.25
O0002396,CUST00350,2024-02-08,P0043,3,0.05,Card,Electronics,364.08,156.96,1092.24,54.61,1037.63,470.88,566.75
O0004942,CUST00276,2024-02-09,P0006,1,0.0,UPI,Beauty,192.36,150.65,192.36,0.0,192.36,150.65,41.71
O0004040,CUST00462,2024-02-09,P0040,1,0.2,Card,Grocery,83.65,51.18,83.65,16.73,66.92,51.18,15.74
O0002761,CUST00275,2024-02-09,P0001,3,0.15,COD,Fashion,114.26,54.48,342.78,51.42,291.36,163.44,127.92
O0001928,CUST00547,2024-02-09,P0025,3,0.0,UPI,Fashion,234.0,111.05,702.0,0.0,702.0,333.15,368.85
O0003993,CUST00021,2024-02-09,P0027,2,0.05,Wallet,Electronics,55.13,36.66,110.26,5.51,104.75,73.32,31.43
O0002874,CUST00294,2024-02-10,P0043,3,0.05,Card,Electronics,364.08,156.96,1092.24,54.61,1037.63,470.88,566.75
O0004127,CUST00334,2024-02-10,P0017,1,0.2,COD,Home,110.28,84.44,110.28,22.06,88.22,84.44,3.78
O0003542,CUST00414,2024-02-10,P0016,1,0.2,Card,Fashion,101.27,44.23,101.27,20.25,81.02,44.23,36.79
O0004847,CUST00285,2024-02-10,P0001,2,0.1,UPI,Fashion,114.26,54.48,228.52,22.85,205.67,108.96,96.71
O0004403,CUST00262,2024-02-10,P0012,1,0.05,Wallet,Electronics,216.75,132.72,216.75,10.84,205.91,132.72,73.19
O0000682,CUST00473,2024-02-10,P0001,2,0.0,COD,Fashion,114.26,54.48,228.52,0.0,228.52,108.96,119.56
O0002545,CUST00049,2024-02-10,P0030,1,0.1,COD,Grocery,239.09,117.72,239.09,23.91,215.18,117.72,97.46
O0002088,CUST00263,2024-02-10,P0013,2,0.05,Card,Grocery,268.38,121.9,536.76,26.84,509.92,243.8,266.12
O0002372,CUST00444,2024-02-11,P0008,2,0.0,Card,Fashion,152.63,75.07,305.26,0.0,305.26,150.14,155.12
O0002862,CUST00175,2024-02-11,P0010,4,0.1,Net Banking,Grocery,158.28,88.17,633.12,63.31,569.81,352.68,217.13
O0002853,CUST00144,2024-02-11,P0014,2,0.15,COD,Electronics,66.45,51.75,132.9,19.93,112.97,103.5,9.47
O0000085,CUST00465,2024-02-11,P0039,4,0.15,COD,Electronics,302.32,141.08,1209.28,181.39,1027.89,564.32,463.57
O0001543,CUST00121,2024-02-11,P0027,4,0.05,UPI,Electronics,55.13,36.66,220.52,11.03,209.49,146.64,62.85
O0003665,CUST00643,2024-02-11,P0038,1,0.2,UPI,Fashion,157.39,70.68,157.39,31.48,125.91,70.68,55.23
O0001194,CUST00214,2024-02-11,P0041,2,0.05,Card,Grocery,240.98,127.74,481.96,24.1,457.86,255.48,202.38
O0000532,CUST00300,2024-02-11,P0023,3,0.1,Net Banking,Fashion,67.68,45.5,203.04,20.3,182.74,136.5,46.24
O0000887,CUST00394,2024-02-12,P0045,3,0.1,COD,Grocery,121.81,53.8,365.43,36.54,328.89,161.4,167.49
O0003909,CUST00507,2024-02-12,P0018,1,0.1,Net Banking,Beauty,175.93,84.8,175.93,17.59,158.34,84.8,73.54
O0003985,CUST00312,2024-02-12,P0032,1,0.0,Card,Electronics,325.98,157.6,325.98,0.0,325.98,157.6,168.38
O0002976,CUST00260,2024-02-12,P0038,2,0.0,Net Banking,Fashion,157.39,70.68,314.78,0.0,314.78,141.36,173.42
O0002777,CUST00037,2024-02-12,P0011,1,0.0,COD,Electronics,158.87,121.21,158.87,0.0,158.87,121.21,37.66
O0002627,CUST00383,2024-02-12,P0017,4,0.05,UPI,Home,110.28,84.44,441.12,22.06,419.06,337.76,81.3
O0003867,CUST00183,2024-02-12,P0015,4,0.0,Card,Fashion,43.69,25.91,174.76,0.0,174.76,103.64,71.12
O0002634,CUST00356,2024-02-12,P0029,3,0.1,Wallet,Home,354.92,154.02,1064.76,106.48,958.28,462.06,496.22
O0002844,CUST00633,2024-02-12,P0005,1,0.15,UPI,Electronics,273.97,126.69,273.97,41.1,232.87,126.69,106.18
O0000203,CUST00613,2024-02-13,P0001,1,0.0,UPI,Fashion,114.26,54.48,114.26,0.0,114.26,54.48,59.78
O0003684,CUST00175,2024-02-13,P0014,1,0.0,COD,Electronics,66.45,51.75,66.45,0.0,66.45,51.75,14.7
O0001902,CUST00255,2024-02-13,P0034,4,0.0,COD,Electronics,186.26,105.01,745.04,0.0,745.04,420.04,325.0
O0002972,CUST00597,2024-02-13,P0006,2,0.05,UPI,Beauty,192.36,150.65,384.72,19.24,365.48,301.3,64.18
O0003829,CUST00316,2024-02-13,P0022,3,0.05,UPI,Electronics,326.52,146.8,979.56,48.98,930.58,440.4,490.18
O0004854,CUST00397,2024-02-14,P0031,1,0.2,UPI,Electronics,287.51,147.51,287.51,57.5,230.01,147.51,82.5
O0004280,CUST00489,2024-02-14,P0025,1,0.15,UPI,Fashion,234.0,111.05,234.0,35.1,198.9,111.05,87.85
O0002687,CUST00490,2024-02-14,P0023,3,0.15,UPI,Fashion,67.68,45.5,203.04,30.46,172.58,136.5,36.08
O0000445,CUST00211,2024-02-14,P0012,1,0.05,Card,Electronics,216.75,132.72,216.75,10.84,205.91,132.72,73.19
O0005026,CUST00201,2024-02-14,P0045,1,0.1,Net Banking,Grocery,121.81,53.8,121.81,12.18,109.63,53.8,55.83
O0004341,CUST00446,2024-02-14,P0008,1,0.2,Net Banking,Fashion,152.63,75.07,152.63,30.53,122.1,75.07,47.03
O0000036,CUST00526,2024-02-14,P0039,3,0.0,COD,Electronics,302.32,141.08,906.96,0.0,906.96,423.24,483.72
O0003836,CUST00007,2024-02-14,P0029,1,0.05,Card,Home,354.92,154.02,354.92,17.75,337.17,154.02,183.15
O0001273,CUST00020,2024-02-15,P0038,4,0.0,UPI,Fashion,157.39,70.68,629.56,0.0,629.56,282.72,346.84
O0003704,CUST00049,2024-02-16,P0034,1,0.0,Card,Electronics,186.26,105.01,186.26,0.0,186.26,105.01,81.25
O0000908,CUST00369,2024-02-16,P0006,1,0.15,Card,Beauty,192.36,150.65,192.36,28.85,163.51,150.65,12.86
O0004428,CUST00585,2024-02-16,P0013,2,0.05,Card,Grocery,268.38,121.9,536.76,26.84,509.92,243.8,266.12
O0003293,CUST00569,2024-02-16,P0015,4,0.0,UPI,Fashion,43.69,25.91,174.76,0.0,174.76,103.64,71.12
O0004502,CUST00595,2024-02-16,P0025,4,0.1,Net Banking,Fashion,234.0,111.05,936.0,93.6,842.4,444.2,398.2
O0002410,CUST00385,2024-02-16,P0037,2,0.0,Card,Fashion,32.76,22.26,65.52,0.0,65.52,44.52,21.0
O0001947,CUST00379,2024-02-16,P0035,3,0.0,Net Banking,Home,139.63,80.04,418.89,0.0,418.89,240.12,178.77
O0002699,CUST00335,2024-02-16,P0009,1,0.05,Net Banking,Fashion,264.14,141.26,264.14,13.21,250.93,141.26,109.67
O0000222,CUST00463,2024-02-16,P0027,1,0.05,Card,Electronics,55.13,36.66,55.13,2.76,52.37,36.66,15.71
O0002648,CUST00262,2024-02-17,P0007,3,0.0,Card,Grocery,177.14,118.71,531.42,0.0,531.42,356.13,175.29
O0003203,CUST00323,2024-02-17,P0016,1,0.1,COD,Fashion,101.27,44.23,101.27,10.13,91.14,44.23,46.91
O0001475,CUST00530,2024-02-17,P0033,4,0.1,Card,Fashion,112.86,61.51,451.44,45.14,406.3,246.04,160.26
O0004310,CUST00202,2024-02-17,P0036,2,0.2,Wallet,Home,308.75,157.97,617.5,123.5,494.0,315.94,178.06
O0002087,CUST00580,2024-02-17,P0045,1,0.05,COD,Grocery,121.81,53.8,121.81,6.09,115.72,53.8,61.92
O0003413,CUST00356,2024-02-17,P0044,1,0.05,COD,Home,319.2,142.3,319.2,15.96,303.24,142.3,160.94
O0001788,CUST00183,2024-02-17,P0002,1,0.05,Card,Electronics,165.42,102.08,165.42,8.27,157.15,102.08,55.07
O0001961,CUST00033,2024-02-17,P0005,2,0.2,UPI,Electronics,273.97,126.69,547.94,109.59,438.35,253.38,184.97
O0001338,CUST00095,2024-02-17,P0009,2,0.1,Net Banking,Fashion,264.14,141.26,528.28,52.83,475.45,282.52,192.93
O0003772,CUST00481,2024-02-18,P0011,3,0.0,Wallet,Electronics,158.87,121.21,476.61,0.0,476.61,363.63,112.98
O0004437,CUST00286,2024-02-18,P0037,3,0.0,COD,Fashion,32.76,22.26,98.28,0.0,98.28,66.78,31.5
O0000588,CUST00047,2024-02-18,P0015,1,0.2,Card,Fashion,43.69,25.91,43.69,8.74,34.95,25.91,9.04
O0004017,CUST00345,2024-02-18,P0015,1,0.1,Card,Fashion,43.69,25.91,43.69,4.37,39.32,25.91,13.41
O0004198,CUST00375,2024-02-18,P0040,1,0.1,Card,Grocery,83.65,51.18,83.65,8.36,75.29,51.18,24.11
O0000797,CUST00162,2024-02-18,P0037,4,0.0,UPI,Fashion,32.76,22.26,131.04,0.0,131.04,89.04,42.0
O0005058,CUST00585,2024-02-18,P0030,1,0.05,Wallet,Grocery,239.09,117.72,239.09,11.95,227.14,117.72,109.42
O0001708,CUST00566,2024-02-18,P0006,1,0.05,UPI,Beauty,192.36,150.65,192.36,9.62,182.74,150.65,32.09
O0002157,CUST00132,2024-02-18,P0035,1,0.2,COD,Home,139.63,80.04,139.63,27.93,111.7,80.04,31.66
O0000976,CUST00300,2024-02-19,P0040,2,0.1,Card,Grocery,83.65,51.18,167.3,16.73,150.57,102.36,48.21
O0002643,CUST00282,2024-02-19,P0019,4,0.1,UPI,Electronics,148.06,96.56,592.24,59.22,533.02,386.24,146.78
O0003163,CUST00479,2024-02-19,P0032,1,0.1,COD,Electronics,325.98,157.6,325.98,32.6,293.38,157.6,135.78
O0004823,CUST00611,2024-02-20,P0044,4,0.0,Card,Home,319.2,142.3,1276.8,0.0,1276.8,569.2,707.6
O0004632,CUST00608,2024-02-20,P0030,1,0.0,Card,Grocery,239.09,117.72,239.09,0.0,239.09,117.72,121.37
O0004821,CUST00337,2024-02-20,P0044,1,0.1,UPI,Home,319.2,142.3,319.2,31.92,287.28,142.3,144.98
O0004222,CUST00650,2024-02-20,P0006,1,0.0,Net Banking,Beauty,192.36,150.65,192.36,0.0,192.36,150.65,41.71
O0001132,CUST00605,2024-02-20,P0020,2,0.15,COD,Home,149.95,68.06,299.9,44.98,254.92,136.12,118.8
O0000474,CUST00224,2024-02-20,P0004,2,0.0,Wallet,Home,54.29,27.5,108.58,0.0,108.58,55.0,53.58
O0001389,CUST00439,2024-02-20,P0008,4,0.05,Net Banking,Fashion,152.63,75.07,610.52,30.53,579.99,300.28,279.71
O0002357,CUST00254,2024-02-20,P0029,2,0.15,Card,Home,354.92,154.02,709.84,106.48,603.36,308.04,295.32
O0001223,CUST00518,2024-02-21,P0045,3,0.0,Net Banking,Grocery,121.81,53.8,365.43,0.0,365.43,161.4,204.03
O0002482,CUST00111,2024-02-21,P0016,4,0.05,COD,Fashion,101.27,44.23,405.08,20.25,384.83,176.92,207.91
O0004323,CUST00023,2024-02-21,P0006,2,0.0,COD,Beauty,192.36,150.65,384.72,0.0,384.72,301.3,83.42
O0001821,CUST00329,2024-02-21,P0037,1,0.1,UPI,Fashion,32.76,22.26,32.76,3.28,29.48,22.26,7.22
O0003374,CUST00568,2024-02-21,P0032,1,0.1,UPI,Electronics,325.98,157.6,325.98,32.6,293.38,157.6,135.78
O0004444,CUST00239,2024-02-21,P0001,1,0.0,COD,Fashion,114.26,54.48,114.26,0.0,114.26,54.48,59.78
O0000327,CUST00427,2024-02-21,P0035,4,0.1,Card,Home,139.63,80.04,558.52,55.85,502.67,320.16,182.51
O0002671,CUST00175,2024-02-21,P0015,1,0.15,UPI,Fashion,43.69,25.91,43.69,6.55,37.14,25.91,11.23
O0001966,CUST00238,2024-02-21,P0010,1,0.2,COD,Grocery,158.28,88.17,158.28,31.66,126.62,88.17,38.45
O0000033,CUST00074,2024-02-22,P0024,4,0.0,Card,Grocery,220.04,119.95,880.16,0.0,880.16,479.8,400.36
O0000517,CUST00370,2024-02-22,P0009,1,0.0,UPI,Fashion,264.14,141.26,264.14,0.0,264.14,141.26,122.88
O0004878,CUST00602,2024-02-22,P0014,1,0.0,COD,Electronics,66.45,51.75,66.45,0.0,66.45,51.75,14.7
O0004518,CUST00193,2024-02-22,P0010,3,0.1,COD,Grocery,158.28,88.17,474.84,47.48,427.36,264.51,162.85
O0003721,CUST00013,2024-02-22,P0029,1,0.05,Card,Home,354.92,154.02,354.92,17.75,337.17,154.02,183.15
O0005019,CUST00358,2024-02-23,P0006,1,0.05,Card,Beauty,192.36,150.65,192.36,9.62,182.74,150.65,32.09
O0002595,CUST00574,2024-02-23,P0016,1,0.05,Card,Fashion,101.27,44.23,101.27,5.06,96.21,44.23,51.98
O0002406,CUST00242,2024-02-23,P0018,1,0.0,UPI,Beauty,175.93,84.8,175.93,0.0,175.93,84.8,91.13
O0004362,CUST00107,2024-02-23,P0020,1,0.05,COD,Home,149.95,68.06,149.95,7.5,142.45,68.06,74.39
O0003488,CUST00198,2024-02-23,P0014,3,0.0,Card,Electronics,66.45,51.75,199.35,0.0,199.35,155.25,44.1
O0002266,CUST00543,2024-02-23,P0001,2,0.0,Wallet,Fashion,114.26,54.48,228.52,0.0,228.52,108.96,119.56
O0001093,CUST00507,2024-02-23,P0029,1,0.1,Card,Home,354.92,154.02,354.92,35.49,319.43,154.02,165.41
O0004593,CUST00463,2024-02-24,P0031,2,0.15,Wallet,Electronics,287.51,147.51,575.02,86.25,488.77,295.02,193.75
O0003113,CUST00584,2024-02-24,P0003,3,0.0,UPI,Home,236.77,123.51,710.31,0.0,710.31,370.53,339.78
O0000717,CUST00359,2024-02-24,P0026,2,0.0,Card,Electronics,133.04,87.51,266.08,0.0,266.08,175.02,91.06
O0004443,CUST00559,2024-02-24,P0021,1,0.05,Card,Beauty,264.24,127.61,264.24,13.21,251.03,127.61,123.42
O0003108,CUST00557,2024-02-24,P0009,3,0.0,Card,Fashion,264.14,141.26,792.42,0.0,792.42,423.78,368.64
O0001691,CUST00186,2024-02-24,P0011,2,0.0,UPI,Electronics,158.87,121.21,317.74,0.0,317.74,242.42,75.32
O0002923,CUST00115,2024-02-24,P0037,2,0.0,COD,Fashion,32.76,22.26,65.52,0.0,65.52,44.52,21.0
O0001271,CUST00344,2024-02-24,P0010,4,0.0,UPI,Grocery,158.28,88.17,633.12,0.0,633.12,352.68,280.44
O0003702,CUST00450,2024-02-24,P0008,3,0.0,COD,Fashion,152.63,75.07,457.89,0.0,457.89,225.21,232.68
O0002764,CUST00463,2024-02-25,P0042,4,0.05,COD,Fashion,92.99,66.18,371.96,18.6,353.36,264.72,88.64
O0004701,CUST00517,2024-02-25,P0019,4,0.2,Card,Electronics,148.06,96.56,592.24,118.45,473.79,386.24,87.55
O0004797,CUST00013,2024-02-25,P0030,1,0.05,COD,Grocery,239.09,117.72,239.09,11.95,227.14,117.72,109.42
O0000576,CUST00314,2024-02-25,P0003,1,0.0,Wallet,Home,236.77,123.51,236.77,0.0,236.77,123.51,113.26
O0002384,CUST00600,2024-02-25,P0013,1,0.05,Card,Grocery,268.38,121.9,268.38,13.42,254.96,121.9,133.06
O0002576,CUST00511,2024-02-25,P0033,1,0.15,Card,Fashion,112.86,61.51,112.86,16.93,95.93,61.51,34.42
O0002559,CUST00611,2024-02-26,P0035,3,0.0,Card,Home,139.63,80.04,418.89,0.0,418.89,240.12,178.77
O0000436,CUST00405,2024-02-26,P0030,1,0.0,COD,Grocery,239.09,117.72,239.09,0.0,239.09,117.72,121.37
O0003179,CUST00349,2024-02-26,P0003,1,0.0,COD,Home,236.77,123.51,236.77,0.0,236.77,123.51,113.26
O0002716,CUST00358,2024-02-26,P0004,4,0.1,Net Banking,Home,54.29,27.5,217.16,21.72,195.44,110.0,85.44
O0003976,CUST00649,2024-02-26,P0022,2,0.15,COD,Electronics,326.52,146.8,653.04,97.96,555.08,293.6,261.48
O0002240,CUST00028,2024-02-26,P0018,1,0.0,UPI,Beauty,175.93,84.8,175.93,0.0,175.93,84.8,91.13
O0001306,CUST00525,2024-02-27,P0031,1,0.0,Card,Electronics,287.51,147.51,287.51,0.0,287.51,147.51,140.0
O0004918,CUST00036,2024-02-27,P0023,3,0.1,COD,Fashion,67.68,45.5,203.04,20.3,182.74,136.5,46.24
O0000158,CUST00262,2024-02-27,P0034,1,0.1,Card,Electronics,186.26,105.01,186.26,18.63,167.63,105.01,62.62
O0003561,CUST00398,2024-02-27,P0041,2,0.2,COD,Grocery,240.98,127.74,481.96,96.39,385.57,255.48,130.09
O0001198,CUST00396,2024-02-27,P0004,2,0.05,COD,Home,54.29,27.5,108.58,5.43,103.15,55.0,48.15
O0003269,CUST00125,2024-02-27,P0042,1,0.1,Wallet,Fashion,92.99,66.18,92.99,9.3,83.69,66.18,17.51
O0000786,CUST00464,2024-02-27,P0037,3,0.0,UPI,Fashion,32.76,22.26,98.28,0.0,98.28,66.78,31.5
O0001826,CUST00515,2024-02-28,P0001,1,0.2,UPI,Fashion,114.26,54.48,114.26,22.85,91.41,54.48,36.93
O0000027,CUST00429,2024-02-28,P0025,3,0.1,Card,Fashion,234.0,111.05,702.0,70.2,631.8,333.15,298.65
O0003877,CUST00292,2024-02-28,P0010,2,0.0,Card,Grocery,158.28,88.17,316.56,0.0,316.56,176.34,140.22
O0001061,CUST00569,2024-02-28,P0023,2,0.05,UPI,Fashion,67.68,45.5,135.36,6.77,128.59,91.0,37.59
O0000795,CUST00120,2024-02-29,P0038,4,0.2,Net Banking,Fashion,157.39,70.68,629.56,125.91,503.65,282.72,220.93
O0005033,CUST00618,2024-02-29,P0044,4,0.0,Net Banking,Home,319.2,142.3,1276.8,0.0,1276.8,569.2,707.6
O0000918,CUST00175,2024-02-29,P0025,2,0.15,UPI,Fashion,234.0,111.05,468.0,70.2,397.8,222.1,175.7
O0001029,CUST00501,2024-02-29,P0031,1,0.15,COD,Electronics,287.51,147.51,287.51,43.13,244.38,147.51,96.87
O0002236,CUST00245,2024-02-29,P0023,3,0.2,Wallet,Fashion,67.68,45.5,203.04,40.61,162.43,136.5,25.93
O0004635,CUST00395,2024-02-29,P0013,1,0.15,Card,Grocery,268.38,121.9,268.38,40.26,228.12,121.9,106.22
O0002315,CUST00440,2024-02-29,P0010,1,0.15,COD,Grocery,158.28,88.17,158.28,23.74,134.54,88.17,46.37
O0002221,CUST00243,2024-03-01,P0032,4,0.05,Card,Electronics,325.98,157.6,1303.92,65.2,1238.72,630.4,608.32
O0002791,CUST00216,2024-03-01,P0033,2,0.05,COD,Fashion,112.86,61.51,225.72,11.29,214.43,123.02,91.41
O0004521,CUST00551,2024-03-01,P0017,1,0.05,Wallet,Home,110.28,84.44,110.28,5.51,104.77,84.44,20.33
O0000821,CUST00316,2024-03-01,P0032,1,0.1,UPI,Electronics,325.98,157.6,325.98,32.6,293.38,157.6,135.78
O0004851,CUST00488,2024-03-01,P0005,3,0.1,UPI,Electronics,273.97,126.69,821.91,82.19,739.72,380.07,359.65
O0002194,CUST00120,2024-03-01,P0002,2,0.1,Wallet,Electronics,165.42,102.08,330.84,33.08,297.76,204.16,93.6
O0001199,CUST00140,2024-03-01,P0031,3,0.1,Net Banking,Electronics,287.51,147.51,862.53,86.25,776.28,442.53,333.75
O0002302,CUST00386,2024-03-01,P0030,1,0.1,UPI,Grocery,239.09,117.72,239.09,23.91,215.18,117.72,97.46
O0001834,CUST00183,2024-03-01,P0036,4,0.1,Card,Home,308.75,157.97,1235.0,123.5,1111.5,631.88,479.62
O0001435,CUST00225,2024-03-01,P0009,1,0.05,Net Banking,Fashion,264.14,141.26,264.14,13.21,250.93,141.26,109.67
O0004082,CUST00477,2024-03-02,P0021,1,0.0,Card,Beauty,264.24,127.61,264.24,0.0,264.24,127.61,136.63
O0004142,CUST00318,2024-03-02,P0028,3,0.05,UPI,Electronics,164.95,128.88,494.85,24.74,470.11,386.64,83.47
O0004262,CUST00177,2024-03-02,P0016,4,0.05,UPI,Fashion,101.27,44.23,405.08,20.25,384.83,176.92,207.91
O0001990,CUST00262,2024-03-02,P0011,1,0.2,Wallet,Electronics,158.87,121.21,158.87,31.77,127.1,121.21,5.89
O0000587,CUST00193,2024-03-02,P0015,1,0.0,UPI,Fashion,43.69,25.91,43.69,0.0,43.69,25.91,17.78
O0004917,CUST00643,2024-03-02,P0008,2,0.1,UPI,Fashion,152.63,75.07,305.26,30.53,274.73,150.14,124.59
O0001833,CUST00279,2024-03-02,P0025,1,0.0,COD,Fashion,234.0,111.05,234.0,0.0,234.0,111.05,122.95
O0001047,CUST00124,2024-03-02,P0035,4,0.0,Card,Home,139.63,80.04,558.52,0.0,558.52,320.16,238.36
O0002682,CUST00379,2024-03-03,P0024,1,0.0,Card,Grocery,220.04,119.95,220.04,0.0,220.04,119.95,100.09
O0002296,CUST00608,2024-03-03,P0045,1,0.15,COD,Grocery,121.81,53.8,121.81,18.27,103.54,53.8,49.74
O0000487,CUST00451,2024-03-03,P0024,1,0.05,UPI,Grocery,220.04,119.95,220.04,11.0,209.04,119.95,89.09
O0002786,CUST00348,2024-03-03,P0011,4,0.1,UPI,Electronics,158.87,121.21,635.48,63.55,571.93,484.84,87.09
O0003541,CUST00557,2024-03-04,P0045,1,0.15,UPI,Grocery,121.81,53.8,121.81,18.27,103.54,53.8,49.74
O0002685,CUST00028,2024-03-04,P0028,2,0.0,COD,Electronics,164.95,128.88,329.9,0.0,329.9,257.76,72.14
O0002265,CUST00536,2024-03-04,P0001,2,0.0,Wallet,Fashion,114.26,54.48,228.52,0.0,228.52,108.96,119.56
O0004406,CUST00132,2024-03-04,P0044,1,0.0,UPI,Home,319.2,142.3,319.2,0.0,319.2,142.3,176.9
O0002326,CUST00094,2024-03-05,P0035,3,0.1,Card,Home,139.63,80.04,418.89,41.89,377.0,240.12,136.88
O0000076,CUST00205,2024-03-05,P0044,4,0.05,Net Banking,Home,319.2,142.3,1276.8,63.84,1212.96,569.2,643.76
O0000889,CUST00524,2024-03-05,P0042,1,0.0,Wallet,Fashion,92.99,66.18,92.99,0.0,92.99,66.18,26.81
O0003600,CUST00275,2024-03-05,P0015,4,0.0,Net Banking,Fashion,43.69,25.91,174.76,0.0,174.76,103.64,71.12
O0003618,CUST00417,2024-03-05,P0016,2,0.15,UPI,Fashion,101.27,44.23,202.54,30.38,172.16,88.46,83.7
O0002397,CUST00568,2024-03-06,P0042,4,0.1,UPI,Fashion,92.99,66.18,371.96,37.2,334.76,264.72,70.04
O0001341,CUST00224,2024-03-06,P0018,1,0.0,Card,Beauty,175.93,84.8,175.93,0.0,175.93,84.8,91.13
O0001348,CUST00490,2024-03-06,P0019,3,0.15,Wallet,Electronics,148.06,96.56,444.18,66.63,377.55,289.68,87.87
O0000673,CUST00214,2024-03-06,P0020,1,0.05,Wallet,Home,149.95,68.06,149.95,7.5,142.45,68.06,74.39
O0000980,CUST00594,2024-03-06,P0020,4,0.05,Net Banking,Home,149.95,68.06,599.8,29.99,569.81,272.24,297.57
O0000912,CUST00056,2024-03-06,P0033,1,0.05,UPI,Fashion,112.86,61.51,112.86,5.64,107.22,61.51,45.71
O0000625,CUST00168,2024-03-06,P0006,4,0.05,Card,Beauty,192.36,150.65,769.44,38.47,730.97,602.6,128.37
O0001281,CUST00394,2024-03-06,P0015,1,0.1,Card,Fashion,43.69,25.91,43.69,4.37,39.32,25.91,13.41
O0000150,CUST00281,2024-03-07,P0017,1,0.1,Card,Home,110.28,84.44,110.28,11.03,99.25,84.44,14.81
O0002985,CUST00382,2024-03-07,P0035,4,0.1,COD,Home,139.63,80.04,558.52,55.85,502.67,320.16,182.51
O0000683,CUST00061,2024-03-07,P0009,2,0.15,COD,Fashion,264.14,141.26,528.28,79.24,449.04,282.52,166.52
O0003492,CUST00160,2024-03-07,P0002,1,0.1,UPI,Electronics,165.42,102.08,165.42,16.54,148.88,102.08,46.8
O0003557,CUST00528,2024-03-07,P0005,3,0.2,COD,Electronics,273.97,126.69,821.91,164.38,657.53,380.07,277.46
O0003379,CUST00267,2024-03-08,P0010,2,0.0,UPI,Grocery,158.28,88.17,316.56,0.0,316.56,176.34,140.22
O0001418,CUST00171,2024-03-08,P0038,1,0.15,UPI,Fashion,157.39,70.68,157.39,23.61,133.78,70.68,63.1
O0003273,CUST00511,2024-03-08,P0034,1,0.2,Wallet,Electronics,186.26,105.01,186.26,37.25,149.01,105.01,44.0
O0001313,CUST00367,2024-03-08,P0035,2,0.1,COD,Home,139.63,80.04,279.26,27.93,251.33,160.08,91.25
O0004353,CUST00144,2024-03-08,P0011,1,0.2,COD,Electronics,158.87,121.21,158.87,31.77,127.1,121.21,5.89
O0001317,CUST00086,2024-03-08,P0034,2,0.0,UPI,Electronics,186.26,105.01,372.52,0.0,372.52,210.02,162.5
O0005159,CUST00457,2024-03-09,P0019,2,0.15,UPI,Electronics,148.06,96.56,296.12,44.42,251.7,193.12,58.58
O0000086,CUST00054,2024-03-09,P0031,2,0.2,Card,Electronics,287.51,147.51,575.02,115.0,460.02,295.02,165.0
O0001508,CUST00648,2024-03-09,P0039,1,0.1,UPI,Electronics,302.32,141.08,302.32,30.23,272.09,141.08,131.01
O0003190,CUST00295,2024-03-09,P0042,2,0.0,Net Banking,Fashion,92.99,66.18,185.98,0.0,185.98,132.36,53.62
O0003369,CUST00559,2024-03-09,P0027,1,0.15,COD,Electronics,55.13,36.66,55.13,8.27,46.86,36.66,10.2
O0003047,CUST00120,2024-03-09,P0042,1,0.1,Net Banking,Fashion,92.99,66.18,92.99,9.3,83.69,66.18,17.51
O0004981,CUST00174,2024-03-09,P0006,1,0.2,Card,Beauty,192.36,150.65,192.36,38.47,153.89,150.65,3.24
O0003096,CUST00398,2024-03-10,P0030,2,0.1,Card,Grocery,239.09,117.72,478.18,47.82,430.36,235.44,194.92
O0004059,CUST00520,2024-03-10,P0023,4,0.1,Wallet,Fashion,67.68,45.5,270.72,27.07,243.65,182.0,61.65
O0003457,CUST00390,2024-03-10,P0010,2,0.0,UPI,Grocery,158.28,88.17,316.56,0.0,316.56,176.34,140.22
O0004273,CUST00344,2024-03-10,P0045,2,0.05,Card,Grocery,121.81,53.8,243.62,12.18,231.44,107.6,123.84
O0001886,CUST00225,2024-03-10,P0020,2,0.15,Card,Home,149.95,68.06,299.9,44.98,254.92,136.12,118.8
O0004179,CUST00271,2024-03-10,P0001,1,0.0,Card,Fashion,114.26,54.48,114.26,0.0,114.26,54.48,59.78
O0002885,CUST00279,2024-03-10,P0026,3,0.15,COD,Electronics,133.04,87.51,399.12,59.87,339.25,262.53,76.72
O0002155,CUST00494,2024-03-10,P0043,4,0.1,Wallet,Electronics,364.08,156.96,1456.32,145.63,1310.69,627.84,682.85
O0002624,CUST00285,2024-03-10,P0043,3,0.0,COD,Electronics,364.08,156.96,1092.24,0.0,1092.24,470.88,621.36
O0001846,CUST00575,2024-03-10,P0043,4,0.0,UPI,Electronics,364.08,156.96,1456.32,0.0,1456.32,627.84,828.48
O0002958,CUST00244,2024-03-10,P0040,4,0.0,Net Banking,Grocery,83.65,51.18,334.6,0.0,334.6,204.72,129.88
O0004604,CUST00512,2024-03-11,P0014,2,0.1,COD,Electronics,66.45,51.75,132.9,13.29,119.61,103.5,16.11
O0002190,CUST00290,2024-03-11,P0008,1,0.2,UPI,Fashion,152.63,75.07,152.63,30.53,122.1,75.07,47.03
O0002430,CUST00046,2024-03-12,P0007,3,0.1,COD,Grocery,177.14,118.71,531.42,53.14,478.28,356.13,122.15
O0001991,CUST00497,2024-03-12,P0030,4,0.1,Card,Grocery,239.09,117.72,956.36,95.64,860.72,470.88,389.84
O0003759,CUST00475,2024-03-13,P0011,2,0.2,Card,Electronics,158.87,121.21,317.74,63.55,254.19,242.42,11.77
O0003095,CUST00176,2024-03-13,P0013,2,0.0,COD,Grocery,268.38,121.9,536.76,0.0,536.76,243.8,292.96
O0001610,CUST00238,2024-03-13,P0024,1,0.05,UPI,Grocery,220.04,119.95,220.04,11.0,209.04,119.95,89.09
O0003640,CUST00418,2024-03-13,P0040,3,0.0,COD,Grocery,83.65,51.18,250.95,0.0,250.95,153.54,97.41
O0000783,CUST00276,2024-03-14,P0021,1,0.0,Net Banking,Beauty,264.24,127.61,264.24,0.0,264.24,127.61,136.63
O0002534,CUST00517,2024-03-14,P0038,2,0.05,Wallet,Fashion,157.39,70.68,314.78,15.74,299.04,141.36,157.68
O0005113,CUST00194,2024-03-15,P0045,2,0.05,UPI,Grocery,121.81,53.8,243.62,12.18,231.44,107.6,123.84
O0004801,CUST00617,2024-03-15,P0045,1,0.1,Card,Grocery,121.81,53.8,121.81,12.18,109.63,53.8,55.83
O0001840,CUST00352,2024-03-15,P0016,4,0.15,Card,Fashion,101.27,44.23,405.08,60.76,344.32,176.92,167.4
O0005085,CUST00063,2024-03-15,P0044,1,0.05,Card,Home,319.2,142.3,319.2,15.96,303.24,142.3,160.94
O0004586,CUST00198,2024-03-15,P0036,4,0.0,Wallet,Home,308.75,157.97,1235.0,0.0,1235.0,631.88,603.12
O0004848,CUST00191,2024-03-15,P0011,2,0.05,Net Banking,Electronics,158.87,121.21,317.74,15.89,301.85,242.42,59.43
O0001793,CUST00411,2024-03-15,P0019,2,0.0,COD,Electronics,148.06,96.56,296.12,0.0,296.12,193.12,103.0
O0004876,CUST00594,2024-03-15,P0011,2,0.15,UPI,Electronics,158.87,121.21,317.74,47.66,270.08,242.42,27.66
O0001818,CUST00398,2024-03-15,P0018,2,0.0,Card,Beauty,175.93,84.8,351.86,0.0,351.86,169.6,182.26
O0000770,CUST00170,2024-03-15,P0021,1,0.15,COD,Beauty,264.24,127.61,264.24,39.64,224.6,127.61,96.99
O0003779,CUST00334,2024-03-16,P0005,2,0.2,UPI,Electronics,273.97,126.69,547.94,109.59,438.35,253.38,184.97
O0003430,CUST00569,2024-03-16,P0026,1,0.2,Net Banking,Electronics,133.04,87.51,133.04,26.61,106.43,87.51,18.92
O0003705,CUST00429,2024-03-16,P0024,1,0.0,UPI,Grocery,220.04,119.95,220.04,0.0,220.04,119.95,100.09
O0000788,CUST00253,2024-03-16,P0008,3,0.1,UPI,Fashion,152.63,75.07,457.89,45.79,412.1,225.21,186.89
O0002299,CUST00106,2024-03-16,P0045,4,0.0,Net Banking,Grocery,121.81,53.8,487.24,0.0,487.24,215.2,272.04
O0002354,CUST00252,2024-03-16,P0024,4,0.2,Card,Grocery,220.04,119.95,880.16,176.03,704.13,479.8,224.33
O0003278,CUST00442,2024-03-16,P0036,2,0.1,COD,Home,308.75,157.97,617.5,61.75,555.75,315.94,239.81
O0003657,CUST00628,2024-03-16,P0004,3,0.0,Card,Home,54.29,27.5,162.87,0.0,162.87,82.5,80.37
O0005127,CUST00324,2024-03-16,P0005,4,0.2,UPI,Electronics,273.97,126.69,1095.88,219.18,876.7,506.76,369.94
O0005046,CUST00244,2024-03-17,P0032,4,0.0,Card,Electronics,325.98,157.6,1303.92,0.0,1303.92,630.4,673.52
O0000207,CUST00379,2024-03-17,P0009,1,0.0,Card,Fashion,264.14,141.26,264.14,0.0,264.14,141.26,122.88
O0001829,CUST00300,2024-03-17,P0006,1,0.1,Net Banking,Beauty,192.36,150.65,192.36,19.24,173.12,150.65,22.47
O0003204,CUST00473,2024-03-17,P0013,2,0.0,Net Banking,Grocery,268.38,121.9,536.76,0.0,536.76,243.8,292.96
O0002431,CUST00399,2024-03-17,P0026,2,0.1,Card,Electronics,133.04,87.51,266.08,26.61,239.47,175.02,64.45
O0001871,CUST00551,2024-03-17,P0016,1,0.05,COD,Fashion,101.27,44.23,101.27,5.06,96.21,44.23,51.98
O0000635,CUST00114,2024-03-17,P0045,1,0.2,Card,Grocery,121.81,53.8,121.81,24.36,97.45,53.8,43.65
O0004890,CUST00106,2024-03-17,P0036,3,0.0,COD,Home,308.75,157.97,926.25,0.0,926.25,473.91,452.34
O0003386,CUST00098,2024-03-18,P0041,1,0.0,UPI,Grocery,240.98,127.74,240.98,0.0,240.98,127.74,113.24
O0003335,CUST00121,2024-03-18,P0023,2,0.0,Wallet,Fashion,67.68,45.5,135.36,0.0,135.36,91.0,44.36
O0003510,CUST00606,2024-03-18,P0005,2,0.05,Net Banking,Electronics,273.97,126.69,547.94,27.4,520.54,253.38,267.16
O0002956,CUST00486,2024-03-18,P0024,4,0.1,Wallet,Grocery,220.04,119.95,880.16,88.02,792.14,479.8,312.34
O0001851,CUST00239,2024-03-18,P0016,1,0.0,UPI,Fashion,101.27,44.23,101.27,0.0,101.27,44.23,57.04
O0004155,CUST00580,2024-03-18,P0028,4,0.0,UPI,Electronics,164.95,128.88,659.8,0.0,659.8,515.52,144.28
O0005008,CUST00277,2024-03-18,P0016,1,0.05,Net Banking,Fashion,101.27,44.23,101.27,5.06,96.21,44.23,51.98
O0002967,CUST00422,2024-03-18,P0005,1,0.1,Wallet,Electronics,273.97,126.69,273.97,27.4,246.57,126.69,119.88
O0000286,CUST00010,2024-03-18,P0031,1,0.0,Net Banking,Electronics,287.51,147.51,287.51,0.0,287.51,147.51,140.0
O0000516,CUST00071,2024-03-19,P0034,3,0.1,Card,Electronics,186.26,105.01,558.78,55.88,502.9,315.03,187.87
O0003576,CUST00517,2024-03-19,P0021,2,0.0,Card,Beauty,264.24,127.61,528.48,0.0,528.48,255.22,273.26
O0004961,CUST00036,2024-03-19,P0004,2,0.2,Card,Home,54.29,27.5,108.58,21.72,86.86,55.0,31.86
O0003084,CUST00579,2024-03-19,P0005,2,0.05,Net Banking,Electronics,273.97,126.69,547.94,27.4,520.54,253.38,267.16
O0001562,CUST00109,2024-03-19,P0016,4,0.05,Net Banking,Fashion,101.27,44.23,405.08,20.25,384.83,176.92,207.91
O0004019,CUST00615,2024-03-19,P0007,2,0.1,Card,Grocery,177.14,118.71,354.28,35.43,318.85,237.42,81.43
O0004921,CUST00364,2024-03-19,P0040,1,0.05,Card,Grocery,83.65,51.18,83.65,4.18,79.47,51.18,28.29
O0002305,CUST00001,2024-03-19,P0029,1,0.05,UPI,Home,354.92,154.02,354.92,17.75,337.17,154.02,183.15
O0002242,CUST00121,2024-03-19,P0006,3,0.1,Net Banking,Beauty,192.36,150.65,577.08,57.71,519.37,451.95,67.42
O0003068,CUST00137,2024-03-19,P0001,1,0.1,COD,Fashion,114.26,54.48,114.26,11.43,102.83,54.48,48.35
O0002798,CUST00625,2024-03-19,P0009,3,0.1,UPI,Fashion,264.14,141.26,792.42,79.24,713.18,423.78,289.4
O0004304,CUST00351,2024-03-20,P0026,4,0.05,UPI,Electronics,133.04,87.51,532.16,26.61,505.55,350.04,155.51
O0001243,CUST00355,2024-03-20,P0034,1,0.05,Net Banking,Electronics,186.26,105.01,186.26,9.31,176.95,105.01,71.94
O0002598,CUST00177,2024-03-20,P0021,2,0.1,COD,Beauty,264.24,127.61,528.48,52.85,475.63,255.22,220.41
O0000012,CUST00119,2024-03-20,P0007,2,0.2,COD,Grocery,177.14,118.71,354.28,70.86,283.42,237.42,46.0
O0000779,CUST00397,2024-03-20,P0023,3,0.0,UPI,Fashion,67.68,45.5,203.04,0.0,203.04,136.5,66.54
O0001674,CUST00165,2024-03-20,P0045,3,0.05,Card,Grocery,121.81,53.8,365.43,18.27,347.16,161.4,185.76
O0000409,CUST00530,2024-03-20,P0038,1,0.0,COD,Fashion,157.39,70.68,157.39,0.0,157.39,70.68,86.71
O0003314,CUST00201,2024-03-21,P0020,2,0.05,COD,Home,149.95,68.06,299.9,15.0,284.9,136.12,148.78
O0000707,CUST00324,2024-03-21,P0042,2,0.0,Card,Fashion,92.99,66.18,185.98,0.0,185.98,132.36,53.62
O0002171,CUST00500,2024-03-21,P0011,2,0.1,Net Banking,Electronics,158.87,121.21,317.74,31.77,285.97,242.42,43.55
O0004739,CUST00634,2024-03-21,P0029,2,0.05,Card,Home,354.92,154.02,709.84,35.49,674.35,308.04,366.31
O0000703,CUST00288,2024-03-21,P0019,1,0.1,COD,Electronics,148.06,96.56,148.06,14.81,133.25,96.56,36.69
O0003198,CUST00215,2024-03-21,P0019,4,0.05,UPI,Electronics,148.06,96.56,592.24,29.61,562.63,386.24,176.39
O0004303,CUST00594,2024-03-21,P0006,1,0.1,Card,Beauty,192.36,150.65,192.36,19.24,173.12,150.65,22.47
O0001723,CUST00527,2024-03-21,P0004,4,0.05,Card,Home,54.29,27.5,217.16,10.86,206.3,110.0,96.3
O0003769,CUST00517,2024-03-21,P0041,1,0.1,Card,Grocery,240.98,127.74,240.98,24.1,216.88,127.74,89.14
O0001328,CUST00108,2024-03-21,P0033,1,0.0,COD,Fashion,112.86,61.51,112.86,0.0,112.86,61.51,51.35
O0000144,CUST00012,2024-03-21,P0017,1,0.15,Wallet,Home,110.28,84.44,110.28,16.54,93.74,84.44,9.3
O0001519,CUST00443,2024-03-21,P0001,1,0.15,Card,Fashion,114.26,54.48,114.26,17.14,97.12,54.48,42.64
O0003992,CUST00367,2024-03-22,P0038,1,0.1,Card,Fashion,157.39,70.68,157.39,15.74,141.65,70.68,70.97
O0000320,CUST00482,2024-03-22,P0039,2,0.1,UPI,Electronics,302.32,141.08,604.64,60.46,544.18,282.16,262.02
O0001675,CUST00489,2024-03-22,P0001,4,0.1,Wallet,Fashion,114.26,54.48,457.04,45.7,411.34,217.92,193.42
O0004100,CUST00275,2024-03-22,P0017,2,0.0,Card,Home,110.28,84.44,220.56,0.0,220.56,168.88,51.68
O0000324,CUST00285,2024-03-22,P0022,4,0.15,UPI,Electronics,326.52,146.8,1306.08,195.91,1110.17,587.2,522.97
O0004638,CUST00379,2024-03-22,P0012,3,0.1,Card,Electronics,216.75,132.72,650.25,65.03,585.22,398.16,187.06
O0000646,CUST00369,2024-03-23,P0029,2,0.1,Wallet,Home,354.92,154.02,709.84,70.98,638.86,308.04,330.82
O0003173,CUST00460,2024-03-23,P0008,1,0.15,Wallet,Fashion,152.63,75.07,152.63,22.89,129.74,75.07,54.67
O0001770,CUST00398,2024-03-23,P0045,2,0.0,Card,Grocery,121.81,53.8,243.62,0.0,243.62,107.6,136.02
O0003117,CUST00643,2024-03-23,P0025,1,0.0,Card,Fashion,234.0,111.05,234.0,0.0,234.0,111.05,122.95
O0003627,CUST00267,2024-03-23,P0011,2,0.1,Card,Electronics,158.87,121.21,317.74,31.77,285.97,242.42,43.55
O0001599,CUST00057,2024-03-23,P0040,3,0.0,Net Banking,Grocery,83.65,51.18,250.95,0.0,250.95,153.54,97.41
O0001546,CUST00204,2024-03-23,P0035,4,0.1,COD,Home,139.63,80.04,558.52,55.85,502.67,320.16,182.51
O0004473,CUST00471,2024-03-24,P0030,4,0.0,Wallet,Grocery,239.09,117.72,956.36,0.0,956.36,470.88,485.48
O0000476,CUST00230,2024-03-24,P0008,2,0.15,UPI,Fashion,152.63,75.07,305.26,45.79,259.47,150.14,109.33
O0000029,CUST00286,2024-03-24,P0036,2,0.05,UPI,Home,308.75,157.97,617.5,30.88,586.62,315.94,270.68
O0002350,CUST00230,2024-03-24,P0041,1,0.0,Net Banking,Grocery,240.98,127.74,240.98,0.0,240.98,127.74,113.24
O0003749,CUST00138,2024-03-24,P0008,2,0.1,UPI,Fashion,152.63,75.07,305.26,30.53,274.73,150.14,124.59
O0004777,CUST00047,2024-03-24,P0038,1,0.0,COD,Fashion,157.39,70.68,157.39,0.0,157.39,70.68,86.71
O0001225,CUST00497,2024-03-25,P0037,4,0.1,Net Banking,Fashion,32.76,22.26,131.04,13.1,117.94,89.04,28.9
O0003771,CUST00479,2024-03-25,P0038,3,0.0,Card,Fashion,157.39,70.68,472.17,0.0,472.17,212.04,260.13
O0000225,CUST00555,2024-03-25,P0021,1,0.0,Card,Beauty,264.24,127.61,264.24,0.0,264.24,127.61,136.63
O0002650,CUST00458,2024-03-25,P0021,1,0.1,Card,Beauty,264.24,127.61,264.24,26.42,237.82,127.61,110.21
O0004583,CUST00384,2024-03-25,P0007,2,0.0,UPI,Grocery,177.14,118.71,354.28,0.0,354.28,237.42,116.86
O0001716,CUST00306,2024-03-25,P0013,1,0.2,UPI,Grocery,268.38,121.9,268.38,53.68,214.7,121.9,92.8
O0003435,CUST00199,2024-03-25,P0032,1,0.15,UPI,Electronics,325.98,157.6,325.98,48.9,277.08,157.6,119.48
O0004645,CUST00390,2024-03-25,P0021,1,0.0,UPI,Beauty,264.24,127.61,264.24,0.0,264.24,127.61,136.63
O0003501,CUST00584,2024-03-26,P0007,3,0.1,Card,Grocery,177.14,118.71,531.42,53.14,478.28,356.13,122.15
O0002815,CUST00459,2024-03-26,P0015,3,0.05,UPI,Fashion,43.69,25.91,131.07,6.55,124.52,77.73,46.79
O0001441,CUST00376,2024-03-26,P0041,1,0.0,Card,Grocery,240.98,127.74,240.98,0.0,240.98,127.74,113.24
O0001130,CUST00378,2024-03-26,P0003,1,0.0,Card,Home,236.77,123.51,236.77,0.0,236.77,123.51,113.26
O0004679,CUST00527,2024-03-26,P0035,1,0.05,UPI,Home,139.63,80.04,139.63,6.98,132.65,80.04,52.61
O0002605,CUST00645,2024-03-26,P0040,2,0.2,Net Banking,Grocery,83.65,51.18,167.3,33.46,133.84,102.36,31.48
O0001412,CUST00425,2024-03-26,P0040,3,0.1,COD,Grocery,83.65,51.18,250.95,25.1,225.85,153.54,72.31
O0001629,CUST00488,2024-03-26,P0045,2,0.2,Wallet,Grocery,121.81,53.8,243.62,48.72,194.9,107.6,87.3
O0004599,CUST00290,2024-03-27,P0028,1,0.15,Card,Electronics,164.95,128.88,164.95,24.74,140.21,128.88,11.33
O0003630,CUST00362,2024-03-27,P0007,1,0.0,UPI,Grocery,177.14,118.71,177.14,0.0,177.14,118.71,58.43
O0005077,CUST00554,2024-03-27,P0006,3,0.05,UPI,Beauty,192.36,150.65,577.08,28.85,548.23,451.95,96.28
O0001260,CUST00550,2024-03-27,P0029,3,0.05,Card,Home,354.92,154.02,1064.76,53.24,1011.52,462.06,549.46
O0004458,CUST00096,2024-03-27,P0019,3,0.0,Net Banking,Electronics,148.06,96.56,444.18,0.0,444.18,289.68,154.5
O0002800,CUST00505,2024-03-27,P0004,1,0.0,UPI,Home,54.29,27.5,54.29,0.0,54.29,27.5,26.79
O0002404,CUST00468,2024-03-28,P0015,4,0.0,COD,Fashion,43.69,25.91,174.76,0.0,174.76,103.64,71.12
O0001038,CUST00384,2024-03-28,P0017,1,0.0,UPI,Home,110.28,84.44,110.28,0.0,110.28,84.44,25.84
O0001013,CUST00346,2024-03-28,P0042,2,0.0,COD,Fashion,92.99,66.18,185.98,0.0,185.98,132.36,53.62
O0004883,CUST00576,2024-03-28,P0041,2,0.0,Card,Grocery,240.98,127.74,481.96,0.0,481.96,255.48,226.48
O0002388,CUST00600,2024-03-28,P0024,1,0.1,UPI,Grocery,220.04,119.95,220.04,22.0,198.04,119.95,78.09
O0003165,CUST00592,2024-03-28,P0022,1,0.05,Card,Electronics,326.52,146.8,326.52,16.33,310.19,146.8,163.39
O0000554,CUST00602,2024-03-28,P0009,1,0.0,Card,Fashion,264.14,141.26,264.14,0.0,264.14,141.26,122.88
O0001513,CUST00487,2024-03-29,P0026,2,0.0,Card,Electronics,133.04,87.51,266.08,0.0,266.08,175.02,91.06
O0005005,CUST00505,2024-03-29,P0008,2,0.0,UPI,Fashion,152.63,75.07,305.26,0.0,305.26,150.14,155.12
O0001239,CUST00517,2024-03-29,P0043,2,0.05,COD,Electronics,364.08,156.96,728.16,36.41,691.75,313.92,377.83
O0002830,CUST00433,2024-03-29,P0024,1,0.2,Card,Grocery,220.04,119.95,220.04,44.01,176.03,119.95,56.08
O0002213,CUST00600,2024-03-30,P0001,2,0.15,Card,Fashion,114.26,54.48,228.52,34.28,194.24,108.96,85.28
O0003010,CUST00484,2024-03-30,P0030,2,0.2,Card,Grocery,239.09,117.72,478.18,95.64,382.54,235.44,147.1
O0004924,CUST00165,2024-03-30,P0015,2,0.0,Card,Fashion,43.69,25.91,87.38,0.0,87.38,51.82,35.56
O0003862,CUST00582,2024-03-30,P0032,2,0.0,Card,Electronics,325.98,157.6,651.96,0.0,651.96,315.2,336.76
O0004705,CUST00027,2024-03-31,P0036,2,0.0,Net Banking,Home,308.75,157.97,617.5,0.0,617.5,315.94,301.56
O0001582,CUST00049,2024-03-31,P0034,4,0.0,Card,Electronics,186.26,105.01,745.04,0.0,745.04,420.04,325.0
O0003504,CUST00439,2024-03-31,P0020,2,0.0,Card,Home,149.95,68.06,299.9,0.0,299.9,136.12,163.78
O0005118,CUST00460,2024-03-31,P0021,2,0.1,Wallet,Beauty,264.24,127.61,528.48,52.85,475.63,255.22,220.41
O0003963,CUST00129,2024-04-01,P0038,1,0.05,Card,Fashion,157.39,70.68,157.39,7.87,149.52,70.68,78.84
O0000704,CUST00482,2024-04-01,P0038,2,0.0,COD,Fashion,157.39,70.68,314.78,0.0,314.78,141.36,173.42
O0003826,CUST00399,2024-04-01,P0021,4,0.0,COD,Beauty,264.24,127.61,1056.96,0.0,1056.96,510.44,546.52
O0001547,CUST00405,2024-04-01,P0001,1,0.0,Net Banking,Fashion,114.26,54.48,114.26,0.0,114.26,54.48,59.78
O0003206,CUST00437,2024-04-01,P0022,1,0.05,COD,Electronics,326.52,146.8,326.52,16.33,310.19,146.8,163.39
O0002033,CUST00056,2024-04-01,P0031,1,0.0,Wallet,Electronics,287.51,147.51,287.51,0.0,287.51,147.51,140.0
O0001887,CUST00120,2024-04-02,P0030,4,0.05,Card,Grocery,239.09,117.72,956.36,47.82,908.54,470.88,437.66
O0000009,CUST00059,2024-04-02,P0040,1,0.0,UPI,Grocery,83.65,51.18,83.65,0.0,83.65,51.18,32.47
O0002658,CUST00376,2024-04-02,P0017,2,0.0,Card,Home,110.28,84.44,220.56,0.0,220.56,168.88,51.68
O0004931,CUST00557,2024-04-02,P0012,3,0.05,COD,Electronics,216.75,132.72,650.25,32.51,617.74,398.16,219.58
O0003494,CUST00262,2024-04-02,P0044,1,0.0,UPI,Home,319.2,142.3,319.2,0.0,319.2,142.3,176.9
O0002062,CUST00300,2024-04-02,P0041,2,0.0,Card,Grocery,240.98,127.74,481.96,0.0,481.96,255.48,226.48
O0000596,CUST00454,2024-04-02,P0003,2,0.2,Card,Home,236.77,123.51,473.54,94.71,378.83,247.02,131.81
O0002731,CUST00413,2024-04-02,P0025,1,0.0,Card,Fashion,234.0,111.05,234.0,0.0,234.0,111.05,122.95
O0001398,CUST00560,2024-04-02,P0010,3,0.1,Card,Grocery,158.28,88.17,474.84,47.48,427.36,264.51,162.85
O0001617,CUST00615,2024-04-03,P0016,1,0.0,UPI,Fashion,101.27,44.23,101.27,0.0,101.27,44.23,57.04
O0000618,CUST00382,2024-04-03,P0013,2,0.1,Wallet,Grocery,268.38,121.9,536.76,53.68,483.08,243.8,239.28
O0000660,CUST00457,2024-04-03,P0012,1,0.05,Net Banking,Electronics,216.75,132.72,216.75,10.84,205.91,132.72,73.19
O0001885,CUST00132,2024-04-03,P0026,1,0.0,Net Banking,Electronics,133.04,87.51,133.04,0.0,133.04,87.51,45.53
O0003801,CUST00162,2024-04-03,P0010,4,0.0,UPI,Grocery,158.28,88.17,633.12,0.0,633.12,352.68,280.44
O0000139,CUST00049,2024-04-03,P0035,4,0.2,Card,Home,139.63,80.04,558.52,111.7,446.82,320.16,126.66
O0000852,CUST00338,2024-04-03,P0008,2,0.1,UPI,Fashion,152.63,75.07,305.26,30.53,274.73,150.14,124.59
O0004220,CUST00275,2024-04-03,P0017,4,0.0,Net Banking,Home,110.28,84.44,441.12,0.0,441.12,337.76,103.36
O0003415,CUST00463,2024-04-04,P0006,1,0.2,COD,Beauty,192.36,150.65,192.36,38.47,153.89,150.65,3.24
O0000491,CUST00107,2024-04-04,P0038,2,0.1,COD,Fashion,157.39,70.68,314.78,31.48,283.3,141.36,141.94
O0002005,CUST00271,2024-04-04,P0029,4,0.0,COD,Home,354.92,154.02,1419.68,0.0,1419.68,616.08,803.6
O0004057,CUST00266,2024-04-04,P0038,4,0.1,COD,Fashion,157.39,70.68,629.56,62.96,566.6,282.72,283.88
O0003298,CUST00095,2024-04-04,P0027,1,0.0,UPI,Electronics,55.13,36.66,55.13,0.0,55.13,36.66,18.47
O0001393,CUST00388,2024-04-04,P0019,1,0.1,Net Banking,Electronics,148.06,96.56,148.06,14.81,133.25,96.56,36.69
O0000527,CUST00455,2024-04-04,P0006,4,0.1,Wallet,Beauty,192.36,150.65,769.44,76.94,692.5,602.6,89.9
O0004072,CUST00523,2024-04-04,P0045,2,0.0,UPI,Grocery,121.81,53.8,243.62,0.0,243.62,107.6,136.02
O0001195,CUST00098,2024-04-04,P0024,4,0.05,Card,Grocery,220.04,119.95,880.16,44.01,836.15,479.8,356.35
O0004421,CUST00472,2024-04-04,P0035,1,0.05,Wallet,Home,139.63,80.04,139.63,6.98,132.65,80.04,52.61
O0000541,CUST00530,2024-04-05,P0039,4,0.0,Card,Electronics,302.32,141.08,1209.28,0.0,1209.28,564.32,644.96
O0000670,CUST00490,2024-04-05,P0027,1,0.0,Card,Electronics,55.13,36.66,55.13,0.0,55.13,36.66,18.47
O0001843,CUST00300,2024-04-05,P0041,2,0.05,Card,Grocery,240.98,127.74,481.96,24.1,457.86,255.48,202.38
O0003481,CUST00617,2024-04-05,P0040,1,0.0,Card,Grocery,83.65,51.18,83.65,0.0,83.65,51.18,32.47
O0003866,CUST00065,2024-04-06,P0001,1,0.2,UPI,Fashion,114.26,54.48,114.26,22.85,91.41,54.48,36.93
O0005178,CUST00361,2024-04-06,P0034,1,0.0,UPI,Electronics,186.26,105.01,186.26,0.0,186.26,105.01,81.25
O0001432,CUST00086,2024-04-06,P0009,2,0.1,UPI,Fashion,264.14,141.26,528.28,52.83,475.45,282.52,192.93
O0003119,CUST00528,2024-04-06,P0011,2,0.0,COD,Electronics,158.87,121.21,317.74,0.0,317.74,242.42,75.32
O0003412,CUST00568,2024-04-06,P0002,4,0.0,Card,Electronics,165.42,102.08,661.68,0.0,661.68,408.32,253.36
O0004568,CUST00523,2024-04-06,P0017,1,0.0,Net Banking,Home,110.28,84.44,110.28,0.0,110.28,84.44,25.84
O0002746,CUST00498,2024-04-07,P0011,2,0.15,UPI,Electronics,158.87,121.21,317.74,47.66,270.08,242.42,27.66
O0004219,CUST00586,2024-04-07,P0021,4,0.2,UPI,Beauty,264.24,127.61,1056.96,211.39,845.57,510.44,335.13
O0004951,CUST00469,2024-04-07,P0007,2,0.05,Card,Grocery,177.14,118.71,354.28,17.71,336.57,237.42,99.15
O0000019,CUST00274,2024-04-07,P0015,2,0.1,UPI,Fashion,43.69,25.91,87.38,8.74,78.64,51.82,26.82
O0004307,CUST00516,2024-04-07,P0023,1,0.05,Card,Fashion,67.68,45.5,67.68,3.38,64.3,45.5,18.8
O0000813,CUST00647,2024-04-07,P0016,1,0.1,Net Banking,Fashion,101.27,44.23,101.27,10.13,91.14,44.23,46.91
O0002223,CUST00033,2024-04-07,P0005,1,0.05,Card,Electronics,273.97,126.69,273.97,13.7,260.27,126.69,133.58
O0002271,CUST00256,2024-04-07,P0032,1,0.0,Wallet,Electronics,325.98,157.6,325.98,0.0,325.98,157.6,168.38
O0003162,CUST00123,2024-04-08,P0014,1,0.15,Card,Electronics,66.45,51.75,66.45,9.97,56.48,51.75,4.73
O0004561,CUST00303,2024-04-08,P0021,1,0.05,COD,Beauty,264.24,127.61,264.24,13.21,251.03,127.61,123.42
O0001672,CUST00113,2024-04-08,P0042,1,0.0,COD,Fashion,92.99,66.18,92.99,0.0,92.99,66.18,26.81
O0003859,CUST00414,2024-04-08,P0013,1,0.05,COD,Grocery,268.38,121.9,268.38,13.42,254.96,121.9,133.06
O0003881,CUST00116,2024-04-08,P0027,1,0.2,UPI,Electronics,55.13,36.66,55.13,11.03,44.1,36.66,7.44
O0004965,CUST00201,2024-04-08,P0002,4,0.2,Wallet,Electronics,165.42,102.08,661.68,132.34,529.34,408.32,121.02
O0003798,CUST00381,2024-04-08,P0018,2,0.0,UPI,Beauty,175.93,84.8,351.86,0.0,351.86,169.6,182.26
O0000952,CUST00529,2024-04-08,P0017,4,0.05,Net Banking,Home,110.28,84.44,441.12,22.06,419.06,337.76,81.3
O0000844,CUST00176,2024-04-09,P0007,1,0.1,UPI,Grocery,177.14,118.71,177.14,17.71,159.43,118.71,40.72
O0003567,CUST00010,2024-04-09,P0020,4,0.0,UPI,Home,149.95,68.06,599.8,0.0,599.8,272.24,327.56
O0002426,CUST00585,2024-04-09,P0006,2,0.0,Net Banking,Beauty,192.36,150.65,384.72,0.0,384.72,301.3,83.42
O0001687,CUST00517,2024-04-09,P0003,1,0.05,COD,Home,236.77,123.51,236.77,11.84,224.93,123.51,101.42
O0005091,CUST00161,2024-04-09,P0002,2,0.0,Card,Electronics,165.42,102.08,330.84,0.0,330.84,204.16,126.68
O0000817,CUST00241,2024-04-09,P0036,3,0.1,UPI,Home,308.75,157.97,926.25,92.62,833.63,473.91,359.72
O0001892,CUST00209,2024-04-09,P0033,1,0.2,Card,Fashion,112.86,61.51,112.86,22.57,90.29,61.51,28.78
O0000296,CUST00377,2024-04-09,P0043,3,0.0,UPI,Electronics,364.08,156.96,1092.24,0.0,1092.24,470.88,621.36
O0000608,CUST00361,2024-04-09,P0005,2,0.05,UPI,Electronics,273.97,126.69,547.94,27.4,520.54,253.38,267.16
O0004171,CUST00332,2024-04-10,P0012,1,0.2,COD,Electronics,216.75,132.72,216.75,43.35,173.4,132.72,40.68
O0000756,CUST00355,2024-04-10,P0021,4,0.0,Card,Beauty,264.24,127.61,1056.96,0.0,1056.96,510.44,546.52
O0004822,CUST00183,2024-04-10,P0039,2,0.15,COD,Electronics,302.32,141.08,604.64,90.7,513.94,282.16,231.78
O0002100,CUST00389,2024-04-10,P0041,3,0.0,UPI,Grocery,240.98,127.74,722.94,0.0,722.94,383.22,339.72
O0002158,CUST00260,2024-04-10,P0026,1,0.0,Wallet,Electronics,133.04,87.51,133.04,0.0,133.04,87.51,45.53
O0001128,CUST00012,2024-04-10,P0038,2,0.15,Card,Fashion,157.39,70.68,314.78,47.22,267.56,141.36,126.2
O0000930,CUST00477,2024-04-10,P0013,3,0.15,UPI,Grocery,268.38,121.9,805.14,120.77,684.37,365.7,318.67
O0002286,CUST00085,2024-04-10,P0016,1,0.0,Net Banking,Fashion,101.27,44.23,101.27,0.0,101.27,44.23,57.04
O0003534,CUST00126,2024-04-10,P0027,1,0.05,Card,Electronics,55.13,36.66,55.13,2.76,52.37,36.66,15.71
O0001330,CUST00283,2024-04-11,P0004,1,0.1,Card,Home,54.29,27.5,54.29,5.43,48.86,27.5,21.36
O0003444,CUST00535,2024-04-11,P0035,1,0.1,COD,Home,139.63,80.04,139.63,13.96,125.67,80.04,45.63
O0004424,CUST00649,2024-04-11,P0004,2,0.1,Wallet,Home,54.29,27.5,108.58,10.86,97.72,55.0,42.72
O0001129,CUST00106,2024-04-11,P0030,1,0.15,COD,Grocery,239.09,117.72,239.09,35.86,203.23,117.72,85.51
O0000657,CUST00328,2024-04-11,P0012,1,0.15,Card,Electronics,216.75,132.72,216.75,32.51,184.24,132.72,51.52
O0004911,CUST00144,2024-04-11,P0041,4,0.0,UPI,Grocery,240.98,127.74,963.92,0.0,963.92,510.96,452.96
O0002370,CUST00625,2024-04-12,P0029,2,0.0,Card,Home,354.92,154.02,709.84,0.0,709.84,308.04,401.8
O0000069,CUST00379,2024-04-12,P0026,1,0.0,COD,Electronics,133.04,87.51,133.04,0.0,133.04,87.51,45.53
O0003234,CUST00017,2024-04-12,P0017,1,0.15,UPI,Home,110.28,84.44,110.28,16.54,93.74,84.44,9.3
O0002616,CUST00110,2024-04-12,P0029,3,0.1,COD,Home,354.92,154.02,1064.76,106.48,958.28,462.06,496.22
O0005107,CUST00351,2024-04-12,P0005,2,0.0,UPI,Electronics,273.97,126.69,547.94,0.0,547.94,253.38,294.56
O0000420,CUST00570,2024-04-12,P0043,2,0.0,COD,Electronics,364.08,156.96,728.16,0.0,728.16,313.92,414.24
O0002479,CUST00166,2024-04-12,P0035,2,0.1,Card,Home,139.63,80.04,279.26,27.93,251.33,160.08,91.25
O0001232,CUST00573,2024-04-13,P0041,3,0.2,Card,Grocery,240.98,127.74,722.94,144.59,578.35,383.22,195.13
O0001481,CUST00086,2024-04-13,P0021,1,0.05,COD,Beauty,264.24,127.61,264.24,13.21,251.03,127.61,123.42
O0005023,CUST00166,2024-04-13,P0005,1,0.1,Card,Electronics,273.97,126.69,273.97,27.4,246.57,126.69,119.88
O0001112,CUST00645,2024-04-13,P0003,3,0.05,COD,Home,236.77,123.51,710.31,35.52,674.79,370.53,304.26
O0001385,CUST00190,2024-04-13,P0026,1,0.15,Wallet,Electronics,133.04,87.51,133.04,19.96,113.08,87.51,25.57
O0004652,CUST00532,2024-04-13,P0044,3,0.05,UPI,Home,319.2,142.3,957.6,47.88,909.72,426.9,482.82
O0002483,CUST00498,2024-04-13,P0015,1,0.05,Wallet,Fashion,43.69,25.91,43.69,2.18,41.51,25.91,15.6
O0004474,CUST00543,2024-04-13,P0018,4,0.0,UPI,Beauty,175.93,84.8,703.72,0.0,703.72,339.2,364.52
O0001249,CUST00266,2024-04-14,P0045,2,0.2,UPI,Grocery,121.81,53.8,243.62,48.72,194.9,107.6,87.3
O0004024,CUST00266,2024-04-14,P0029,1,0.0,Card,Home,354.92,154.02,354.92,0.0,354.92,154.02,200.9
O0004554,CUST00433,2024-04-14,P0012,1,0.1,UPI,Electronics,216.75,132.72,216.75,21.68,195.07,132.72,62.35
O0001889,CUST00356,2024-04-14,P0045,1,0.1,UPI,Grocery,121.81,53.8,121.81,12.18,109.63,53.8,55.83
O0001993,CUST00246,2024-04-14,P0003,1,0.1,UPI,Home,236.77,123.51,236.77,23.68,213.09,123.51,89.58
O0004419,CUST00582,2024-04-14,P0029,1,0.1,COD,Home,354.92,154.02,354.92,35.49,319.43,154.02,165.41
O0000241,CUST00523,2024-04-14,P0032,2,0.1,Card,Electronics,325.98,157.6,651.96,65.2,586.76,315.2,271.56
O0001495,CUST00230,2024-04-14,P0019,4,0.05,Card,Electronics,148.06,96.56,592.24,29.61,562.63,386.24,176.39
O0003172,CUST00347,2024-04-14,P0034,3,0.15,COD,Electronics,186.26,105.01,558.78,83.82,474.96,315.03,159.93
O0004365,CUST00268,2024-04-14,P0032,3,0.05,UPI,Electronics,325.98,157.6,977.94,48.9,929.04,472.8,456.24
O0004835,CUST00484,2024-04-15,P0005,2,0.2,UPI,Electronics,273.97,126.69,547.94,109.59,438.35,253.38,184.97
O0002139,CUST00276,2024-04-15,P0020,1,0.1,UPI,Home,149.95,68.06,149.95,15.0,134.95,68.06,66.89
O0002400,CUST00636,2024-04-15,P0020,3,0.1,UPI,Home,149.95,68.06,449.85,44.99,404.86,204.18,200.68
O0000325,CUST00386,2024-04-15,P0003,1,0.0,COD,Home,236.77,123.51,236.77,0.0,236.77,123.51,113.26
O0002530,CUST00590,2024-04-16,P0011,1,0.05,COD,Electronics,158.87,121.21,158.87,7.94,150.93,121.21,29.72
O0001526,CUST00252,2024-04-16,P0033,1,0.0,UPI,Fashion,112.86,61.51,112.86,0.0,112.86,61.51,51.35
O0002003,CUST00364,2024-04-16,P0036,2,0.15,COD,Home,308.75,157.97,617.5,92.62,524.88,315.94,208.94
O0001638,CUST00291,2024-04-16,P0034,1,0.15,UPI,Electronics,186.26,105.01,186.26,27.94,158.32,105.01,53.31
O0002356,CUST00358,2024-04-16,P0032,4,0.0,COD,Electronics,325.98,157.6,1303.92,0.0,1303.92,630.4,673.52
O0003568,CUST00074,2024-04-16,P0037,3,0.0,Card,Fashion,32.76,22.26,98.28,0.0,98.28,66.78,31.5
O0001007,CUST00341,2024-04-16,P0025,2,0.0,COD,Fashion,234.0,111.05,468.0,0.0,468.0,222.1,245.9
O0000358,CUST00473,2024-04-16,P0002,4,0.0,COD,Electronics,165.42,102.08,661.68,0.0,661.68,408.32,253.36
O0001015,CUST00486,2024-04-16,P0032,3,0.05,COD,Electronics,325.98,157.6,977.94,48.9,929.04,472.8,456.24
O0004836,CUST00450,2024-04-17,P0003,2,0.15,COD,Home,236.77,123.51,473.54,71.03,402.51,247.02,155.49
O0001479,CUST00571,2024-04-17,P0037,1,0.1,Card,Fashion,32.76,22.26,32.76,3.28,29.48,22.26,7.22
O0000932,CUST00596,2024-04-17,P0013,3,0.05,Wallet,Grocery,268.38,121.9,805.14,40.26,764.88,365.7,399.18
O0000095,CUST00398,2024-04-17,P0025,4,0.2,Net Banking,Fashion,234.0,111.05,936.0,187.2,748.8,444.2,304.6
O0003586,CUST00594,2024-04-17,P0007,1,0.1,Net Banking,Grocery,177.14,118.71,177.14,17.71,159.43,118.71,40.72
O0004853,CUST00397,2024-04-17,P0006,4,0.1,COD,Beauty,192.36,150.65,769.44,76.94,692.5,602.6,89.9
O0002346,CUST00293,2024-04-17,P0025,4,0.2,Card,Fashion,234.0,111.05,936.0,187.2,748.8,444.2,304.6
O0004990,CUST00460,2024-04-17,P0033,2,0.0,Card,Fashion,112.86,61.51,225.72,0.0,225.72,123.02,102.7
O0002237,CUST00157,2024-04-18,P0010,1,0.0,COD,Grocery,158.28,88.17,158.28,0.0,158.28,88.17,70.11
O0002497,CUST00376,2024-04-18,P0023,1,0.1,UPI,Fashion,67.68,45.5,67.68,6.77,60.91,45.5,15.41
O0003585,CUST00397,2024-04-19,P0018,2,0.1,Card,Beauty,175.93,84.8,351.86,35.19,316.67,169.6,147.07
O0000950,CUST00358,2024-04-19,P0044,3,0.0,COD,Home,319.2,142.3,957.6,0.0,957.6,426.9,530.7
O0000640,CUST00290,2024-04-19,P0033,1,0.15,UPI,Fashion,112.86,61.51,112.86,16.93,95.93,61.51,34.42
O0004343,CUST00019,2024-04-19,P0032,1,0.1,COD,Electronics,325.98,157.6,325.98,32.6,293.38,157.6,135.78
O0002999,CUST00643,2024-04-19,P0018,1,0.0,UPI,Beauty,175.93,84.8,175.93,0.0,175.93,84.8,91.13
O0003432,CUST00089,2024-04-19,P0043,3,0.0,UPI,Electronics,364.08,156.96,1092.24,0.0,1092.24,470.88,621.36
O0004796,CUST00361,2024-04-19,P0043,2,0.05,Wallet,Electronics,364.08,156.96,728.16,36.41,691.75,313.92,377.83
O0002477,CUST00260,2024-04-20,P0008,1,0.0,Card,Fashion,152.63,75.07,152.63,0.0,152.63,75.07,77.56
O0000559,CUST00630,2024-04-20,P0035,1,0.2,COD,Home,139.63,80.04,139.63,27.93,111.7,80.04,31.66
O0002231,CUST00133,2024-04-20,P0028,3,0.05,UPI,Electronics,164.95,128.88,494.85,24.74,470.11,386.64,83.47
O0001776,CUST00186,2024-04-20,P0017,3,0.0,Card,Home,110.28,84.44,330.84,0.0,330.84,253.32,77.52
O0002644,CUST00465,2024-04-21,P0010,1,0.0,Wallet,Grocery,158.28,88.17,158.28,0.0,158.28,88.17,70.11
O0001177,CUST00041,2024-04-21,P0032,2,0.0,COD,Electronics,325.98,157.6,651.96,0.0,651.96,315.2,336.76
O0000801,CUST00115,2024-04-21,P0006,2,0.1,UPI,Beauty,192.36,150.65,384.72,38.47,346.25,301.3,44.95
O0001018,CUST00212,2024-04-21,P0024,1,0.0,COD,Grocery,220.04,119.95,220.04,0.0,220.04,119.95,100.09
O0003553,CUST00390,2024-04-21,P0026,1,0.1,UPI,Electronics,133.04,87.51,133.04,13.3,119.74,87.51,32.23
O0004050,CUST00026,2024-04-21,P0032,1,0.1,Net Banking,Electronics,325.98,157.6,325.98,32.6,293.38,157.6,135.78
O0000773,CUST00223,2024-04-21,P0006,1,0.0,COD,Beauty,192.36,150.65,192.36,0.0,192.36,150.65,41.71
O0000152,CUST00352,2024-04-21,P0040,1,0.0,COD,Grocery,83.65,51.18,83.65,0.0,83.65,51.18,32.47
O0002968,CUST00405,2024-04-21,P0037,1,0.1,UPI,Fashion,32.76,22.26,32.76,3.28,29.48,22.26,7.22
O0002626,CUST00511,2024-04-21,P0016,2,0.0,UPI,Fashion,101.27,44.23,202.54,0.0,202.54,88.46,114.08
O0001277,CUST00439,2024-04-21,P0022,1,0.0,Card,Electronics,326.52,146.8,326.52,0.0,326.52,146.8,179.72
O0000195,CUST00031,2024-04-22,P0028,1,0.1,Card,Electronics,164.95,128.88,164.95,16.5,148.45,128.88,19.57
O0000468,CUST00041,2024-04-22,P0028,1,0.1,COD,Electronics,164.95,128.88,164.95,16.5,148.45,128.88,19.57
O0003799,CUST00026,2024-04-22,P0038,1,0.05,Net Banking,Fashion,157.39,70.68,157.39,7.87,149.52,70.68,78.84
O0001969,CUST00556,2024-04-22,P0018,2,0.0,Wallet,Beauty,175.93,84.8,351.86,0.0,351.86,169.6,182.26
O0003097,CUST00025,2024-04-22,P0001,2,0.0,Card,Fashion,114.26,54.48,228.52,0.0,228.52,108.96,119.56
O0003027,CUST00155,2024-04-23,P0023,2,0.1,COD,Fashion,67.68,45.5,135.36,13.54,121.82,91.0,30.82
O0004785,CUST00201,2024-04-23,P0026,1,0.0,Card,Electronics,133.04,87.51,133.04,0.0,133.04,87.51,45.53
O0001480,CUST00577,2024-04-23,P0014,2,0.1,UPI,Electronics,66.45,51.75,132.9,13.29,119.61,103.5,16.11
O0002461,CUST00477,2024-04-23,P0001,1,0.15,COD,Fashion,114.26,54.48,114.26,17.14,97.12,54.48,42.64
O0002191,CUST00522,2024-04-24,P0024,1,0.05,Card,Grocery,220.04,119.95,220.04,11.0,209.04,119.95,89.09
O0004316,CUST00512,2024-04-24,P0006,3,0.05,Card,Beauty,192.36,150.65,577.08,28.85,548.23,451.95,96.28
O0000406,CUST00277,2024-04-24,P0027,2,0.0,Card,Electronics,55.13,36.66,110.26,0.0,110.26,73.32,36.94
O0002174,CUST00595,2024-04-24,P0036,2,0.05,UPI,Home,308.75,157.97,617.5,30.88,586.62,315.94,270.68
O0000810,CUST00175,2024-04-24,P0009,1,0.0,UPI,Fashion,264.14,141.26,264.14,0.0,264.14,141.26,122.88
O0003258,CUST00399,2024-04-24,P0034,2,0.15,Card,Electronics,186.26,105.01,372.52,55.88,316.64,210.02,106.62
O0002954,CUST00216,2024-04-25,P0032,2,0.05,UPI,Electronics,325.98,157.6,651.96,32.6,619.36,315.2,304.16
O0002841,CUST00545,2024-04-25,P0025,4,0.0,Card,Fashion,234.0,111.05,936.0,0.0,936.0,444.2,491.8
O0002401,CUST00450,2024-04-25,P0002,1,0.0,Net Banking,Electronics,165.42,102.08,165.42,0.0,165.42,102.08,63.34
O0001146,CUST00410,2024-04-25,P0030,3,0.2,Net Banking,Grocery,239.09,117.72,717.27,143.45,573.82,353.16,220.66
O0002267,CUST00490,2024-04-26,P0036,4,0.1,UPI,Home,308.75,157.97,1235.0,123.5,1111.5,631.88,479.62
O0001836,CUST00167,2024-04-26,P0002,1,0.05,Card,Electronics,165.42,102.08,165.42,8.27,157.15,102.08,55.07
O0001227,CUST00207,2024-04-26,P0036,1,0.0,Net Banking,Home,308.75,157.97,308.75,0.0,308.75,157.97,150.78
O0000763,CUST00072,2024-04-26,P0015,1,0.0,Card,Fashion,43.69,25.91,43.69,0.0,43.69,25.91,17.78
O0000240,CUST00410,2024-04-26,P0003,1,0.05,UPI,Home,236.77,123.51,236.77,11.84,224.93,123.51,101.42
O0004746,CUST00540,2024-04-26,P0033,3,0.1,Wallet,Fashion,112.86,61.51,338.58,33.86,304.72,184.53,120.19
O0001594,CUST00425,2024-04-26,P0030,1,0.15,UPI,Grocery,239.09,117.72,239.09,35.86,203.23,117.72,85.51
O0002238,CUST00487,2024-04-27,P0018,2,0.0,COD,Beauty,175.93,84.8,351.86,0.0,351.86,169.6,182.26
O0000847,CUST00588,2024-04-27,P0044,1,0.1,UPI,Home,319.2,142.3,319.2,31.92,287.28,142.3,144.98
O0004332,CUST00412,2024-04-27,P0009,3,0.15,Card,Fashion,264.14,141.26,792.42,118.86,673.56,423.78,249.78
O0004355,CUST00068,2024-04-27,P0013,2,0.0,COD,Grocery,268.38,121.9,536.76,0.0,536.76,243.8,292.96
O0004565,CUST00318,2024-04-27,P0031,1,0.2,Net Banking,Electronics,287.51,147.51,287.51,57.5,230.01,147.51,82.5
O0000282,CUST00020,2024-04-28,P0017,1,0.15,Net Banking,Home,110.28,84.44,110.28,16.54,93.74,84.44,9.3
O0001917,CUST00261,2024-04-28,P0018,1,0.05,Card,Beauty,175.93,84.8,175.93,8.8,167.13,84.8,82.33
O0003243,CUST00462,2024-04-28,P0026,2,0.15,Card,Electronics,133.04,87.51,266.08,39.91,226.17,175.02,51.15
O0001584,CUST00350,2024-04-28,P0001,4,0.1,Card,Fashion,114.26,54.48,457.04,45.7,411.34,217.92,193.42
O0004272,CUST00330,2024-04-28,P0003,2,0.15,Card,Home,236.77,123.51,473.54,71.03,402.51,247.02,155.49
O0000252,CUST00598,2024-04-28,P0031,1,0.0,Card,Electronics,287.51,147.51,287.51,0.0,287.51,147.51,140.0
O0005048,CUST00204,2024-04-28,P0038,2,0.15,Card,Fashion,157.39,70.68,314.78,47.22,267.56,141.36,126.2
O0001561,CUST00039,2024-04-28,P0014,2,0.1,UPI,Electronics,66.45,51.75,132.9,13.29,119.61,103.5,16.11
O0001648,CUST00283,2024-04-28,P0035,1,0.05,Card,Home,139.63,80.04,139.63,6.98,132.65,80.04,52.61
O0003424,CUST00017,2024-04-28,P0007,3,0.05,Card,Grocery,177.14,118.71,531.42,26.57,504.85,356.13,148.72
O0003302,CUST00193,2024-04-28,P0013,3,0.0,UPI,Grocery,268.38,121.9,805.14,0.0,805.14,365.7,439.44
O0000466,CUST00542,2024-04-28,P0006,4,0.05,Card,Beauty,192.36,150.65,769.44,38.47,730.97,602.6,128.37
O0002599,CUST00031,2024-04-28,P0016,1,0.05,UPI,Fashion,101.27,44.23,101.27,5.06,96.21,44.23,51.98
O0003274,CUST00223,2024-04-28,P0032,2,0.15,Wallet,Electronics,325.98,157.6,651.96,97.79,554.17,315.2,238.97
O0001686,CUST00205,2024-04-28,P0021,1,0.0,COD,Beauty,264.24,127.61,264.24,0.0,264.24,127.61,136.63
O0004071,CUST00162,2024-04-29,P0040,1,0.05,Card,Grocery,83.65,51.18,83.65,4.18,79.47,51.18,28.29
O0002552,CUST00592,2024-04-29,P0035,2,0.05,COD,Home,139.63,80.04,279.26,13.96,265.3,160.08,105.22
O0003496,CUST00355,2024-04-29,P0005,4,0.15,COD,Electronics,273.97,126.69,1095.88,164.38,931.5,506.76,424.74
O0004508,CUST00022,2024-04-30,P0021,3,0.0,COD,Beauty,264.24,127.61,792.72,0.0,792.72,382.83,409.89
O0002327,CUST00414,2024-04-30,P0019,2,0.0,UPI,Electronics,148.06,96.56,296.12,0.0,296.12,193.12,103.0
O0000644,CUST00516,2024-04-30,P0034,1,0.0,UPI,Electronics,186.26,105.01,186.26,0.0,186.26,105.01,81.25
O0003242,CUST00575,2024-04-30,P0020,1,0.0,UPI,Home,149.95,68.06,149.95,0.0,149.95,68.06,81.89
O0005125,CUST00275,2024-04-30,P0040,1,0.05,Card,Grocery,83.65,51.18,83.65,4.18,79.47,51.18,28.29
O0002351,CUST00164,2024-04-30,P0008,2,0.0,UPI,Fashion,152.63,75.07,305.26,0.0,305.26,150.14,155.12
O0000623,CUST00207,2024-05-01,P0042,1,0.05,Card,Fashion,92.99,66.18,92.99,4.65,88.34,66.18,22.16
O0003383,CUST00183,2024-05-01,P0010,4,0.0,Net Banking,Grocery,158.28,88.17,633.12,0.0,633.12,352.68,280.44
O0002984,CUST00460,2024-05-01,P0012,1,0.05,Net Banking,Electronics,216.75,132.72,216.75,10.84,205.91,132.72,73.19
O0000762,CUST00348,2024-05-01,P0042,1,0.15,COD,Fashion,92.99,66.18,92.99,13.95,79.04,66.18,12.86
O0000989,CUST00193,2024-05-01,P0031,1,0.1,UPI,Electronics,287.51,147.51,287.51,28.75,258.76,147.51,111.25
O0001178,CUST00584,2024-05-02,P0020,1,0.1,UPI,Home,149.95,68.06,149.95,15.0,134.95,68.06,66.89
O0002488,CUST00170,2024-05-02,P0033,1,0.05,Wallet,Fashion,112.86,61.51,112.86,5.64,107.22,61.51,45.71
O0002965,CUST00130,2024-05-02,P0028,4,0.2,UPI,Electronics,164.95,128.88,659.8,131.96,527.84,515.52,12.32
O0003425,CUST00095,2024-05-03,P0034,2,0.2,Card,Electronics,186.26,105.01,372.52,74.5,298.02,210.02,88.0
O0004319,CUST00495,2024-05-03,P0003,3,0.15,UPI,Home,236.77,123.51,710.31,106.55,603.76,370.53,233.23
O0003396,CUST00427,2024-05-03,P0014,2,0.15,UPI,Electronics,66.45,51.75,132.9,19.93,112.97,103.5,9.47
O0000050,CUST00450,2024-05-03,P0002,1,0.2,UPI,Electronics,165.42,102.08,165.42,33.08,132.34,102.08,30.26
O0004291,CUST00149,2024-05-03,P0008,1,0.0,COD,Fashion,152.63,75.07,152.63,0.0,152.63,75.07,77.56
O0001957,CUST00335,2024-05-03,P0035,2,0.05,Card,Home,139.63,80.04,279.26,13.96,265.3,160.08,105.22
O0004694,CUST00029,2024-05-03,P0045,2,0.0,COD,Grocery,121.81,53.8,243.62,0.0,243.62,107.6,136.02
O0001451,CUST00245,2024-05-04,P0036,1,0.15,UPI,Home,308.75,157.97,308.75,46.31,262.44,157.97,104.47
O0002920,CUST00049,2024-05-04,P0005,4,0.05,Net Banking,Electronics,273.97,126.69,1095.88,54.79,1041.09,506.76,534.33
O0004252,CUST00400,2024-05-04,P0019,1,0.1,UPI,Electronics,148.06,96.56,148.06,14.81,133.25,96.56,36.69
O0002363,CUST00002,2024-05-04,P0024,2,0.0,UPI,Grocery,220.04,119.95,440.08,0.0,440.08,239.9,200.18
O0001745,CUST00132,2024-05-04,P0017,1,0.2,Card,Home,110.28,84.44,110.28,22.06,88.22,84.44,3.78
O0000732,CUST00375,2024-05-04,P0015,2,0.05,COD,Fashion,43.69,25.91,87.38,4.37,83.01,51.82,31.19
O0001588,CUST00300,2024-05-04,P0017,2,0.0,Card,Home,110.28,84.44,220.56,0.0,220.56,168.88,51.68
O0003299,CUST00037,2024-05-04,P0021,2,0.15,UPI,Beauty,264.24,127.61,528.48,79.27,449.21,255.22,193.99
O0003288,CUST00379,2024-05-04,P0033,1,0.0,COD,Fashion,112.86,61.51,112.86,0.0,112.86,61.51,51.35
O0001777,CUST00634,2024-05-05,P0033,4,0.05,COD,Fashion,112.86,61.51,451.44,22.57,428.87,246.04,182.83
O0004278,CUST00615,2024-05-05,P0038,1,0.0,Net Banking,Fashion,157.39,70.68,157.39,0.0,157.39,70.68,86.71
O0000126,CUST00199,2024-05-05,P0039,1,0.05,Net Banking,Electronics,302.32,141.08,302.32,15.12,287.2,141.08,146.12
O0004088,CUST00383,2024-05-05,P0041,4,0.1,UPI,Grocery,240.98,127.74,963.92,96.39,867.53,510.96,356.57
O0002006,CUST00007,2024-05-05,P0040,1,0.05,Card,Grocery,83.65,51.18,83.65,4.18,79.47,51.18,28.29
O0003461,CUST00472,2024-05-05,P0020,1,0.15,COD,Home,149.95,68.06,149.95,22.49,127.46,68.06,59.4
O0001004,CUST00486,2024-05-05,P0036,1,0.1,Card,Home,308.75,157.97,308.75,30.88,277.87,157.97,119.9
O0001876,CUST00379,2024-05-05,P0045,2,0.2,UPI,Grocery,121.81,53.8,243.62,48.72,194.9,107.6,87.3
O0000016,CUST00378,2024-05-05,P0033,2,0.2,UPI,Fashion,112.86,61.51,225.72,45.14,180.58,123.02,57.56
O0004415,CUST00592,2024-05-06,P0005,1,0.05,COD,Electronics,273.97,126.69,273.97,13.7,260.27,126.69,133.58
O0002035,CUST00191,2024-05-06,P0008,1,0.1,Card,Fashion,152.63,75.07,152.63,15.26,137.37,75.07,62.3
O0003358,CUST00312,2024-05-06,P0022,1,0.2,Card,Electronics,326.52,146.8,326.52,65.3,261.22,146.8,114.42
O0004688,CUST00497,2024-05-06,P0009,1,0.0,Card,Fashion,264.14,141.26,264.14,0.0,264.14,141.26,122.88
O0004497,CUST00277,2024-05-06,P0003,2,0.0,Wallet,Home,236.77,123.51,473.54,0.0,473.54,247.02,226.52
O0000373,CUST00561,2024-05-06,P0037,1,0.05,Card,Fashion,32.76,22.26,32.76,1.64,31.12,22.26,8.86
O0003431,CUST00176,2024-05-06,P0011,2,0.2,UPI,Electronics,158.87,121.21,317.74,63.55,254.19,242.42,11.77
O0000924,CUST00222,2024-05-07,P0034,3,0.0,COD,Electronics,186.26,105.01,558.78,0.0,558.78,315.03,243.75
O0003004,CUST00031,2024-05-07,P0044,2,0.1,Card,Home,319.2,142.3,638.4,63.84,574.56,284.6,289.96
O0001046,CUST00249,2024-05-07,P0018,2,0.0,UPI,Beauty,175.93,84.8,351.86,0.0,351.86,169.6,182.26
O0003402,CUST00625,2024-05-07,P0030,3,0.0,Net Banking,Grocery,239.09,117.72,717.27,0.0,717.27,353.16,364.11
O0000210,CUST00376,2024-05-07,P0031,1,0.0,Card,Electronics,287.51,147.51,287.51,0.0,287.51,147.51,140.0
O0004162,CUST00110,2024-05-07,P0026,3,0.1,Card,Electronics,133.04,87.51,399.12,39.91,359.21,262.53,96.68
O0003757,CUST00466,2024-05-07,P0012,3,0.0,Card,Electronics,216.75,132.72,650.25,0.0,650.25,398.16,252.09
O0004380,CUST00224,2024-05-07,P0009,1,0.0,UPI,Fashion,264.14,141.26,264.14,0.0,264.14,141.26,122.88
O0002878,CUST00026,2024-05-07,P0044,4,0.0,Card,Home,319.2,142.3,1276.8,0.0,1276.8,569.2,707.6
O0002002,CUST00351,2024-05-07,P0022,1,0.15,Card,Electronics,326.52,146.8,326.52,48.98,277.54,146.8,130.74
O0000665,CUST00424,2024-05-07,P0009,3,0.05,Card,Fashion,264.14,141.26,792.42,39.62,752.8,423.78,329.02
O0002276,CUST00498,2024-05-08,P0029,2,0.1,COD,Home,354.92,154.02,709.84,70.98,638.86,308.04,330.82
O0004674,CUST00375,2024-05-08,P0036,2,0.05,Card,Home,308.75,157.97,617.5,30.88,586.62,315.94,270.68
O0001153,CUST00597,2024-05-08,P0041,4,0.0,UPI,Grocery,240.98,127.74,963.92,0.0,963.92,510.96,452.96
O0004826,CUST00211,2024-05-08,P0045,2,0.1,Net Banking,Grocery,121.81,53.8,243.62,24.36,219.26,107.6,111.66
O0000107,CUST00074,2024-05-08,P0011,4,0.05,UPI,Electronics,158.87,121.21,635.48,31.77,603.71,484.84,118.87
O0002714,CUST00623,2024-05-08,P0014,1,0.0,UPI,Electronics,66.45,51.75,66.45,0.0,66.45,51.75,14.7
O0000945,CUST00529,2024-05-08,P0021,1,0.0,UPI,Beauty,264.24,127.61,264.24,0.0,264.24,127.61,136.63
O0001051,CUST00146,2024-05-08,P0045,2,0.05,Wallet,Grocery,121.81,53.8,243.62,12.18,231.44,107.6,123.84
O0004891,CUST00285,2024-05-08,P0006,1,0.0,Card,Beauty,192.36,150.65,192.36,0.0,192.36,150.65,41.71
O0000831,CUST00124,2024-05-08,P0035,1,0.05,Net Banking,Home,139.63,80.04,139.63,6.98,132.65,80.04,52.61
O0003722,CUST00400,2024-05-09,P0013,2,0.0,Card,Grocery,268.38,121.9,536.76,0.0,536.76,243.8,292.96
O0003885,CUST00012,2024-05-09,P0023,2,0.0,UPI,Fashion,67.68,45.5,135.36,0.0,135.36,91.0,44.36
O0001814,CUST00010,2024-05-09,P0043,1,0.0,Card,Electronics,364.08,156.96,364.08,0.0,364.08,156.96,207.12
O0003301,CUST00288,2024-05-09,P0036,3,0.05,COD,Home,308.75,157.97,926.25,46.31,879.94,473.91,406.03
O0002851,CUST00097,2024-05-09,P0015,1,0.0,Card,Fashion,43.69,25.91,43.69,0.0,43.69,25.91,17.78
O0000484,CUST00172,2024-05-09,P0024,1,0.0,Net Banking,Grocery,220.04,119.95,220.04,0.0,220.04,119.95,100.09
O0000848,CUST00528,2024-05-09,P0036,2,0.0,UPI,Home,308.75,157.97,617.5,0.0,617.5,315.94,301.56
O0002126,CUST00486,2024-05-09,P0027,4,0.0,UPI,Electronics,55.13,36.66,220.52,0.0,220.52,146.64,73.88
O0002127,CUST00249,2024-05-09,P0016,4,0.05,Card,Fashion,101.27,44.23,405.08,20.25,384.83,176.92,207.91
O0002129,CUST00418,2024-05-10,P0031,1,0.1,COD,Electronics,287.51,147.51,287.51,28.75,258.76,147.51,111.25
O0004754,CUST00223,2024-05-10,P0034,1,0.1,UPI,Electronics,186.26,105.01,186.26,18.63,167.63,105.01,62.62
O0001801,CUST00169,2024-05-10,P0009,2,0.2,Card,Fashion,264.14,141.26,528.28,105.66,422.62,282.52,140.1
O0004207,CUST00049,2024-05-10,P0042,1,0.15,UPI,Fashion,92.99,66.18,92.99,13.95,79.04,66.18,12.86
O0002162,CUST00551,2024-05-10,P0041,1,0.15,Wallet,Grocery,240.98,127.74,240.98,36.15,204.83,127.74,77.09
O0002845,CUST00585,2024-05-10,P0033,3,0.05,COD,Fashion,112.86,61.51,338.58,16.93,321.65,184.53,137.12
O0003675,CUST00264,2024-05-10,P0040,2,0.15,Wallet,Grocery,83.65,51.18,167.3,25.1,142.2,102.36,39.84
O0000904,CUST00263,2024-05-10,P0004,3,0.1,COD,Home,54.29,27.5,162.87,16.29,146.58,82.5,64.08
O0000928,CUST00594,2024-05-10,P0015,2,0.0,COD,Fashion,43.69,25.91,87.38,0.0,87.38,51.82,35.56
O0004584,CUST00256,2024-05-11,P0020,1,0.0,UPI,Home,149.95,68.06,149.95,0.0,149.95,68.06,81.89
O0003865,CUST00162,2024-05-11,P0025,2,0.0,Net Banking,Fashion,234.0,111.05,468.0,0.0,468.0,222.1,245.9
O0002722,CUST00364,2024-05-11,P0024,1,0.2,COD,Grocery,220.04,119.95,220.04,44.01,176.03,119.95,56.08
O0000083,CUST00035,2024-05-11,P0010,2,0.15,UPI,Grocery,158.28,88.17,316.56,47.48,269.08,176.34,92.74
O0001927,CUST00405,2024-05-11,P0010,3,0.05,UPI,Grocery,158.28,88.17,474.84,23.74,451.1,264.51,186.59
O0000489,CUST00288,2024-05-11,P0017,1,0.0,UPI,Home,110.28,84.44,110.28,0.0,110.28,84.44,25.84
O0002447,CUST00405,2024-05-11,P0026,1,0.1,UPI,Electronics,133.04,87.51,133.04,13.3,119.74,87.51,32.23
O0003184,CUST00255,2024-05-11,P0045,1,0.15,Card,Grocery,121.81,53.8,121.81,18.27,103.54,53.8,49.74
O0001373,CUST00214,2024-05-11,P0039,3,0.0,UPI,Electronics,302.32,141.08,906.96,0.0,906.96,423.24,483.72
O0001230,CUST00597,2024-05-11,P0011,3,0.0,UPI,Electronics,158.87,121.21,476.61,0.0,476.61,363.63,112.98
O0003633,CUST00524,2024-05-11,P0044,3,0.05,Net Banking,Home,319.2,142.3,957.6,47.88,909.72,426.9,482.82
O0005163,CUST00490,2024-05-11,P0028,1,0.0,UPI,Electronics,164.95,128.88,164.95,0.0,164.95,128.88,36.07
O0000798,CUST00057,2024-05-11,P0003,3,0.2,UPI,Home,236.77,123.51,710.31,142.06,568.25,370.53,197.72
O0002808,CUST00442,2024-05-12,P0036,1,0.15,UPI,Home,308.75,157.97,308.75,46.31,262.44,157.97,104.47
O0004656,CUST00070,2024-05-12,P0028,3,0.0,COD,Electronics,164.95,128.88,494.85,0.0,494.85,386.64,108.21
O0004247,CUST00348,2024-05-12,P0045,1,0.0,UPI,Grocery,121.81,53.8,121.81,0.0,121.81,53.8,68.01
O0003264,CUST00347,2024-05-12,P0015,1,0.0,Card,Fashion,43.69,25.91,43.69,0.0,43.69,25.91,17.78
O0002895,CUST00039,2024-05-12,P0045,4,0.2,UPI,Grocery,121.81,53.8,487.24,97.45,389.79,215.2,174.59
O0002529,CUST00286,2024-05-12,P0025,2,0.05,UPI,Fashion,234.0,111.05,468.0,23.4,444.6,222.1,222.5
O0002440,CUST00304,2024-05-12,P0007,2,0.0,COD,Grocery,177.14,118.71,354.28,0.0,354.28,237.42,116.86
O0000525,CUST00191,2024-05-12,P0030,1,0.0,UPI,Grocery,239.09,117.72,239.09,0.0,239.09,117.72,121.37
O0005098,CUST00204,2024-05-12,P0005,3,0.05,Card,Electronics,273.97,126.69,821.91,41.1,780.81,380.07,400.74
O0004481,CUST00517,2024-05-12,P0028,1,0.0,UPI,Electronics,164.95,128.88,164.95,0.0,164.95,128.88,36.07
O0004840,CUST00512,2024-05-13,P0007,4,0.05,Card,Grocery,177.14,118.71,708.56,35.43,673.13,474.84,198.29
O0002456,CUST00288,2024-05-13,P0024,2,0.1,UPI,Grocery,220.04,119.95,440.08,44.01,396.07,239.9,156.17
O0000594,CUST00605,2024-05-13,P0010,4,0.2,Card,Grocery,158.28,88.17,633.12,126.62,506.5,352.68,153.82
O0000328,CUST00482,2024-05-13,P0015,2,0.05,UPI,Fashion,43.69,25.91,87.38,4.37,83.01,51.82,31.19
O0004892,CUST00106,2024-05-13,P0045,4,0.0,COD,Grocery,121.81,53.8,487.24,0.0,487.24,215.2,272.04
O0001825,CUST00439,2024-05-13,P0006,3,0.1,Net Banking,Beauty,192.36,150.65,577.08,57.71,519.37,451.95,67.42
O0002709,CUST00035,2024-05-14,P0013,1,0.1,Net Banking,Grocery,268.38,121.9,268.38,26.84,241.54,121.9,119.64
O0004791,CUST00560,2024-05-14,P0032,1,0.05,Card,Electronics,325.98,157.6,325.98,16.3,309.68,157.6,152.08
O0002932,CUST00263,2024-05-14,P0020,1,0.15,Wallet,Home,149.95,68.06,149.95,22.49,127.46,68.06,59.4
O0000958,CUST00354,2024-05-14,P0001,1,0.0,Card,Fashion,114.26,54.48,114.26,0.0,114.26,54.48,59.78
O0003827,CUST00364,2024-05-14,P0035,1,0.0,Net Banking,Home,139.63,80.04,139.63,0.0,139.63,80.04,59.59
O0004471,CUST00271,2024-05-15,P0034,3,0.1,COD,Electronics,186.26,105.01,558.78,55.88,502.9,315.03,187.87
O0004768,CUST00399,2024-05-15,P0008,3,0.15,UPI,Fashion,152.63,75.07,457.89,68.68,389.21,225.21,164.0
O0002262,CUST00607,2024-05-15,P0005,1,0.0,Net Banking,Electronics,273.97,126.69,273.97,0.0,273.97,126.69,147.28
O0003818,CUST00528,2024-05-15,P0039,3,0.15,COD,Electronics,302.32,141.08,906.96,136.04,770.92,423.24,347.68
O0002630,CUST00473,2024-05-15,P0033,1,0.15,UPI,Fashion,112.86,61.51,112.86,16.93,95.93,61.51,34.42
O0004113,CUST00155,2024-05-15,P0042,1,0.05,Card,Fashion,92.99,66.18,92.99,4.65,88.34,66.18,22.16
O0000469,CUST00505,2024-05-15,P0037,2,0.05,COD,Fashion,32.76,22.26,65.52,3.28,62.24,44.52,17.72
O0000125,CUST00238,2024-05-16,P0019,2,0.1,Card,Electronics,148.06,96.56,296.12,29.61,266.51,193.12,73.39
O0002173,CUST00167,2024-05-16,P0017,1,0.0,Card,Home,110.28,84.44,110.28,0.0,110.28,84.44,25.84
O0000607,CUST00180,2024-05-16,P0034,1,0.0,COD,Electronics,186.26,105.01,186.26,0.0,186.26,105.01,81.25
O0002047,CUST00081,2024-05-16,P0042,4,0.15,Card,Fashion,92.99,66.18,371.96,55.79,316.17,264.72,51.45
O0002797,CUST00645,2024-05-16,P0011,1,0.0,UPI,Electronics,158.87,121.21,158.87,0.0,158.87,121.21,37.66
O0000560,CUST00198,2024-05-16,P0011,4,0.1,UPI,Electronics,158.87,121.21,635.48,63.55,571.93,484.84,87.09
O0005170,CUST00414,2024-05-16,P0004,1,0.1,Card,Home,54.29,27.5,54.29,5.43,48.86,27.5,21.36
O0003796,CUST00193,2024-05-17,P0017,2,0.15,Card,Home,110.28,84.44,220.56,33.08,187.48,168.88,18.6
O0004090,CUST00239,2024-05-17,P0020,1,0.0,Wallet,Home,149.95,68.06,149.95,0.0,149.95,68.06,81.89
O0004537,CUST00183,2024-05-17,P0029,1,0.1,Net Banking,Home,354.92,154.02,354.92,35.49,319.43,154.02,165.41
O0004429,CUST00637,2024-05-17,P0011,1,0.1,UPI,Electronics,158.87,121.21,158.87,15.89,142.98,121.21,21.77
O0001737,CUST00606,2024-05-17,P0024,4,0.2,Card,Grocery,220.04,119.95,880.16,176.03,704.13,479.8,224.33
O0003905,CUST00557,2024-05-17,P0028,2,0.1,Wallet,Electronics,164.95,128.88,329.9,32.99,296.91,257.76,39.15
O0001048,CUST00175,2024-05-17,P0024,1,0.1,COD,Grocery,220.04,119.95,220.04,22.0,198.04,119.95,78.09
O0000060,CUST00613,2024-05-17,P0037,1,0.15,Card,Fashion,32.76,22.26,32.76,4.91,27.85,22.26,5.59
O0003916,CUST00557,2024-05-17,P0045,3,0.05,Card,Grocery,121.81,53.8,365.43,18.27,347.16,161.4,185.76
O0004597,CUST00612,2024-05-17,P0039,3,0.15,Card,Electronics,302.32,141.08,906.96,136.04,770.92,423.24,347.68
O0003594,CUST00255,2024-05-18,P0002,1,0.0,Card,Electronics,165.42,102.08,165.42,0.0,165.42,102.08,63.34
O0001817,CUST00258,2024-05-18,P0040,1,0.0,Card,Grocery,83.65,51.18,83.65,0.0,83.65,51.18,32.47
O0003821,CUST00275,2024-05-18,P0020,1,0.15,COD,Home,149.95,68.06,149.95,22.49,127.46,68.06,59.4
O0002836,CUST00011,2024-05-19,P0004,3,0.1,UPI,Home,54.29,27.5,162.87,16.29,146.58,82.5,64.08
O0003185,CUST00422,2024-05-19,P0045,1,0.2,UPI,Grocery,121.81,53.8,121.81,24.36,97.45,53.8,43.65
O0000533,CUST00490,2024-05-19,P0016,1,0.05,UPI,Fashion,101.27,44.23,101.27,5.06,96.21,44.23,51.98
O0004913,CUST00080,2024-05-19,P0023,3,0.05,UPI,Fashion,67.68,45.5,203.04,10.15,192.89,136.5,56.39
O0001201,CUST00161,2024-05-20,P0041,3,0.1,COD,Grocery,240.98,127.74,722.94,72.29,650.65,383.22,267.43
O0003159,CUST00266,2024-05-20,P0042,1,0.0,UPI,Fashion,92.99,66.18,92.99,0.0,92.99,66.18,26.81
O0001553,CUST00282,2024-05-20,P0045,4,0.05,Card,Grocery,121.81,53.8,487.24,24.36,462.88,215.2,247.68
O0001363,CUST00262,2024-05-20,P0030,2,0.1,UPI,Grocery,239.09,117.72,478.18,47.82,430.36,235.44,194.92
O0002117,CUST00442,2024-05-20,P0037,2,0.0,Wallet,Fashion,32.76,22.26,65.52,0.0,65.52,44.52,21.0
O0002909,CUST00530,2024-05-20,P0003,3,0.0,Card,Home,236.77,123.51,710.31,0.0,710.31,370.53,339.78
O0000001,CUST00261,2024-05-20,P0043,1,0.1,UPI,Electronics,364.08,156.96,364.08,36.41,327.67,156.96,170.71
O0000766,CUST00159,2024-05-20,P0005,1,0.0,Wallet,Electronics,273.97,126.69,273.97,0.0,273.97,126.69,147.28
O0004374,CUST00579,2024-05-20,P0007,2,0.0,UPI,Grocery,177.14,118.71,354.28,0.0,354.28,237.42,116.86
O0000949,CUST00124,2024-05-20,P0029,1,0.2,Wallet,Home,354.92,154.02,354.92,70.98,283.94,154.02,129.92
O0000631,CUST00416,2024-05-20,P0039,1,0.0,Wallet,Electronics,302.32,141.08,302.32,0.0,302.32,141.08,161.24
O0003902,CUST00095,2024-05-20,P0003,3,0.0,Wallet,Home,236.77,123.51,710.31,0.0,710.31,370.53,339.78
O0004026,CUST00007,2024-05-21,P0010,3,0.15,Card,Grocery,158.28,88.17,474.84,71.23,403.61,264.51,139.1
O0001395,CUST00574,2024-05-21,P0022,1,0.0,UPI,Electronics,326.52,146.8,326.52,0.0,326.52,146.8,179.72
O0003972,CUST00487,2024-05-21,P0036,2,0.0,Card,Home,308.75,157.97,617.5,0.0,617.5,315.94,301.56
O0004470,CUST00049,2024-05-21,P0016,2,0.15,Card,Fashion,101.27,44.23,202.54,30.38,172.16,88.46,83.7
O0001815,CUST00563,2024-05-21,P0035,1,0.0,Card,Home,139.63,80.04,139.63,0.0,139.63,80.04,59.59
O0004841,CUST00476,2024-05-21,P0022,4,0.15,COD,Electronics,326.52,146.8,1306.08,195.91,1110.17,587.2,522.97
O0001757,CUST00194,2024-05-22,P0022,2,0.2,Net Banking,Electronics,326.52,146.8,653.04,130.61,522.43,293.6,228.83
O0001376,CUST00004,2024-05-22,P0033,2,0.05,Card,Fashion,112.86,61.51,225.72,11.29,214.43,123.02,91.41
O0000680,CUST00532,2024-05-22,P0016,1,0.0,Wallet,Fashion,101.27,44.23,101.27,0.0,101.27,44.23,57.04
O0004667,CUST00400,2024-05-22,P0034,4,0.1,Wallet,Electronics,186.26,105.01,745.04,74.5,670.54,420.04,250.5
O0004039,CUST00052,2024-05-22,P0039,3,0.05,COD,Electronics,302.32,141.08,906.96,45.35,861.61,423.24,438.37
O0002450,CUST00490,2024-05-22,P0034,2,0.05,Net Banking,Electronics,186.26,105.01,372.52,18.63,353.89,210.02,143.87
O0004349,CUST00183,2024-05-23,P0017,1,0.1,UPI,Home,110.28,84.44,110.28,11.03,99.25,84.44,14.81
O0000385,CUST00351,2024-05-23,P0019,2,0.05,Wallet,Electronics,148.06,96.56,296.12,14.81,281.31,193.12,88.19
O0004588,CUST00418,2024-05-23,P0014,1,0.0,COD,Electronics,66.45,51.75,66.45,0.0,66.45,51.75,14.7
O0001083,CUST00212,2024-05-23,P0019,3,0.1,Wallet,Electronics,148.06,96.56,444.18,44.42,399.76,289.68,110.08
O0002857,CUST00020,2024-05-23,P0040,4,0.15,Net Banking,Grocery,83.65,51.18,334.6,50.19,284.41,204.72,79.69
O0000312,CUST00169,2024-05-23,P0009,2,0.05,Wallet,Fashion,264.14,141.26,528.28,26.41,501.87,282.52,219.35
O0004204,CUST00259,2024-05-23,P0033,3,0.1,Net Banking,Fashion,112.86,61.51,338.58,33.86,304.72,184.53,120.19
O0000492,CUST00267,2024-05-23,P0004,1,0.05,Card,Home,54.29,27.5,54.29,2.71,51.58,27.5,24.08
O0000156,CUST00025,2024-05-24,P0015,1,0.2,Net Banking,Fashion,43.69,25.91,43.69,8.74,34.95,25.91,9.04
O0004154,CUST00171,2024-05-24,P0018,1,0.0,UPI,Beauty,175.93,84.8,175.93,0.0,175.93,84.8,91.13
O0001035,CUST00259,2024-05-24,P0019,2,0.1,COD,Electronics,148.06,96.56,296.12,29.61,266.51,193.12,73.39
O0003816,CUST00594,2024-05-25,P0042,1,0.1,UPI,Fashion,92.99,66.18,92.99,9.3,83.69,66.18,17.51
O0001443,CUST00356,2024-05-25,P0019,3,0.0,Card,Electronics,148.06,96.56,444.18,0.0,444.18,289.68,154.5
O0002421,CUST00285,2024-05-25,P0023,1,0.0,Card,Fashion,67.68,45.5,67.68,0.0,67.68,45.5,22.18
O0004897,CUST00312,2024-05-25,P0006,2,0.15,Wallet,Beauty,192.36,150.65,384.72,57.71,327.01,301.3,25.71
O0002879,CUST00032,2024-05-25,P0025,3,0.05,Card,Fashion,234.0,111.05,702.0,35.1,666.9,333.15,333.75
O0004182,CUST00209,2024-05-25,P0038,4,0.0,UPI,Fashion,157.39,70.68,629.56,0.0,629.56,282.72,346.84
O0005003,CUST00275,2024-05-25,P0024,1,0.15,Wallet,Grocery,220.04,119.95,220.04,33.01,187.03,119.95,67.08
O0003145,CUST00266,2024-05-25,P0031,2,0.05,Card,Electronics,287.51,147.51,575.02,28.75,546.27,295.02,251.25
O0003137,CUST00124,2024-05-25,P0019,1,0.1,COD,Electronics,148.06,96.56,148.06,14.81,133.25,96.56,36.69
O0005035,CUST00627,2024-05-26,P0012,2,0.0,UPI,Electronics,216.75,132.72,433.5,0.0,433.5,265.44,168.06
O0002465,CUST00528,2024-05-26,P0018,1,0.0,Card,Beauty,175.93,84.8,175.93,0.0,175.93,84.8,91.13
O0000451,CUST00446,2024-05-26,P0039,1,0.05,UPI,Electronics,302.32,141.08,302.32,15.12,287.2,141.08,146.12
O0002544,CUST00512,2024-05-26,P0024,1,0.2,UPI,Grocery,220.04,119.95,220.04,44.01,176.03,119.95,56.08
O0001934,CUST00142,2024-05-26,P0012,4,0.1,UPI,Electronics,216.75,132.72,867.0,86.7,780.3,530.88,249.42
O0002180,CUST00398,2024-05-26,P0008,1,0.0,Net Banking,Fashion,152.63,75.07,152.63,0.0,152.63,75.07,77.56
O0004058,CUST00401,2024-05-26,P0026,1,0.0,COD,Electronics,133.04,87.51,133.04,0.0,133.04,87.51,45.53
O0002177,CUST00429,2024-05-26,P0010,2,0.05,Card,Grocery,158.28,88.17,316.56,15.83,300.73,176.34,124.39
O0001297,CUST00033,2024-05-26,P0009,2,0.1,COD,Fashion,264.14,141.26,528.28,52.83,475.45,282.52,192.93
O0003252,CUST00326,2024-05-27,P0042,2,0.05,Net Banking,Fashion,92.99,66.18,185.98,9.3,176.68,132.36,44.32
O0002037,CUST00595,2024-05-27,P0017,1,0.0,Card,Home,110.28,84.44,110.28,0.0,110.28,84.44,25.84
O0000857,CUST00373,2024-05-27,P0042,3,0.05,Net Banking,Fashion,92.99,66.18,278.97,13.95,265.02,198.54,66.48
O0001460,CUST00251,2024-05-27,P0024,1,0.0,Wallet,Grocery,220.04,119.95,220.04,0.0,220.04,119.95,100.09
O0002996,CUST00275,2024-05-27,P0027,2,0.0,Card,Electronics,55.13,36.66,110.26,0.0,110.26,73.32,36.94
O0003050,CUST00343,2024-05-27,P0004,1,0.0,UPI,Home,54.29,27.5,54.29,0.0,54.29,27.5,26.79
O0001761,CUST00486,2024-05-28,P0019,1,0.1,UPI,Electronics,148.06,96.56,148.06,14.81,133.25,96.56,36.69
O0002147,CUST00034,2024-05-28,P0018,1,0.05,Card,Beauty,175.93,84.8,175.93,8.8,167.13,84.8,82.33
O0003735,CUST00400,2024-05-28,P0023,1,0.05,Card,Fashion,67.68,45.5,67.68,3.38,64.3,45.5,18.8
O0000759,CUST00201,2024-05-28,P0038,3,0.1,UPI,Fashion,157.39,70.68,472.17,47.22,424.95,212.04,212.91
O0002861,CUST00215,2024-05-28,P0044,1,0.0,Wallet,Home,319.2,142.3,319.2,0.0,319.2,142.3,176.9
O0001361,CUST00569,2024-05-28,P0023,3,0.0,UPI,Fashion,67.68,45.5,203.04,0.0,203.04,136.5,66.54
O0002094,CUST00616,2024-05-28,P0001,3,0.0,UPI,Fashion,114.26,54.48,342.78,0.0,342.78,163.44,179.34
O0000397,CUST00309,2024-05-29,P0016,3,0.0,UPI,Fashion,101.27,44.23,303.81,0.0,303.81,132.69,171.12
O0004619,CUST00490,2024-05-29,P0009,2,0.05,UPI,Fashion,264.14,141.26,528.28,26.41,501.87,282.52,219.35
O0000535,CUST00509,2024-05-29,P0042,2,0.05,Net Banking,Fashion,92.99,66.18,185.98,9.3,176.68,132.36,44.32
O0003114,CUST00484,2024-05-29,P0022,2,0.0,Net Banking,Electronics,326.52,146.8,653.04,0.0,653.04,293.6,359.44
O0004359,CUST00618,2024-05-29,P0022,2,0.05,Wallet,Electronics,326.52,146.8,653.04,32.65,620.39,293.6,326.79
O0003329,CUST00033,2024-05-29,P0026,3,0.05,UPI,Electronics,133.04,87.51,399.12,19.96,379.16,262.53,116.63
O0004468,CUST00463,2024-05-29,P0033,2,0.1,COD,Fashion,112.86,61.51,225.72,22.57,203.15,123.02,80.13
O0003849,CUST00359,2024-05-29,P0001,1,0.0,Wallet,Fashion,114.26,54.48,114.26,0.0,114.26,54.48,59.78
O0003088,CUST00316,2024-05-29,P0019,1,0.0,UPI,Electronics,148.06,96.56,148.06,0.0,148.06,96.56,51.5
O0002160,CUST00464,2024-05-29,P0017,4,0.0,UPI,Home,110.28,84.44,441.12,0.0,441.12,337.76,103.36
O0003662,CUST00636,2024-05-30,P0042,1,0.05,UPI,Fashion,92.99,66.18,92.99,4.65,88.34,66.18,22.16
O0002254,CUST00260,2024-05-30,P0028,1,0.1,Card,Electronics,164.95,128.88,164.95,16.5,148.45,128.88,19.57
O0002110,CUST00522,2024-05-30,P0029,1,0.05,UPI,Home,354.92,154.02,354.92,17.75,337.17,154.02,183.15
O0004805,CUST00585,2024-05-30,P0020,3,0.1,UPI,Home,149.95,68.06,449.85,44.99,404.86,204.18,200.68
O0001987,CUST00286,2024-05-30,P0037,1,0.1,Wallet,Fashion,32.76,22.26,32.76,3.28,29.48,22.26,7.22
O0000966,CUST00029,2024-05-31,P0001,1,0.05,UPI,Fashion,114.26,54.48,114.26,5.71,108.55,54.48,54.07
O0000558,CUST00137,2024-05-31,P0003,2,0.05,UPI,Home,236.77,123.51,473.54,23.68,449.86,247.02,202.84
O0004974,CUST00356,2024-05-31,P0012,1,0.05,UPI,Electronics,216.75,132.72,216.75,10.84,205.91,132.72,73.19
O0001414,CUST00183,2024-05-31,P0044,2,0.1,Card,Home,319.2,142.3,638.4,63.84,574.56,284.6,289.96
O0000753,CUST00594,2024-05-31,P0019,2,0.0,COD,Electronics,148.06,96.56,296.12,0.0,296.12,193.12,103.0
O0003537,CUST00416,2024-05-31,P0037,2,0.0,Net Banking,Fashion,32.76,22.26,65.52,0.0,65.52,44.52,21.0
O0000228,CUST00575,2024-05-31,P0025,1,0.05,Card,Fashion,234.0,111.05,234.0,11.7,222.3,111.05,111.25
O0004983,CUST00253,2024-05-31,P0024,1,0.0,COD,Grocery,220.04,119.95,220.04,0.0,220.04,119.95,100.09
O0001565,CUST00180,2024-06-01,P0010,1,0.1,UPI,Grocery,158.28,88.17,158.28,15.83,142.45,88.17,54.28
O0003305,CUST00325,2024-06-01,P0007,1,0.0,COD,Grocery,177.14,118.71,177.14,0.0,177.14,118.71,58.43
O0001758,CUST00417,2024-06-01,P0015,1,0.0,Card,Fashion,43.69,25.91,43.69,0.0,43.69,25.91,17.78
O0000109,CUST00422,2024-06-01,P0020,1,0.1,Net Banking,Home,149.95,68.06,149.95,15.0,134.95,68.06,66.89
O0003518,CUST00316,2024-06-02,P0045,1,0.1,Card,Grocery,121.81,53.8,121.81,12.18,109.63,53.8,55.83
O0004056,CUST00162,2024-06-02,P0020,2,0.1,UPI,Home,149.95,68.06,299.9,29.99,269.91,136.12,133.79
O0000652,CUST00602,2024-06-02,P0044,2,0.1,COD,Home,319.2,142.3,638.4,63.84,574.56,284.6,289.96
O0002936,CUST00201,2024-06-02,P0022,2,0.1,Card,Electronics,326.52,146.8,653.04,65.3,587.74,293.6,294.14
O0002437,CUST00429,2024-06-02,P0013,2,0.15,Card,Grocery,268.38,121.9,536.76,80.51,456.25,243.8,212.45
O0001505,CUST00037,2024-06-02,P0006,4,0.05,Wallet,Beauty,192.36,150.65,769.44,38.47,730.97,602.6,128.37
O0005146,CUST00049,2024-06-02,P0013,1,0.1,COD,Grocery,268.38,121.9,268.38,26.84,241.54,121.9,119.64
O0003161,CUST00250,2024-06-03,P0015,4,0.2,Card,Fashion,43.69,25.91,174.76,34.95,139.81,103.64,36.17
O0003863,CUST00598,2024-06-03,P0013,1,0.0,Wallet,Grocery,268.38,121.9,268.38,0.0,268.38,121.9,146.48
O0002930,CUST00634,2024-06-03,P0029,3,0.1,UPI,Home,354.92,154.02,1064.76,106.48,958.28,462.06,496.22
O0002246,CUST00523,2024-06-03,P0028,2,0.1,UPI,Electronics,164.95,128.88,329.9,32.99,296.91,257.76,39.15
O0002034,CUST00314,2024-06-03,P0017,4,0.0,COD,Home,110.28,84.44,441.12,0.0,441.12,337.76,103.36
O0002837,CUST00414,2024-06-03,P0009,1,0.1,Card,Fashion,264.14,141.26,264.14,26.41,237.73,141.26,96.47
O0002325,CUST00352,2024-06-03,P0032,2,0.1,UPI,Electronics,325.98,157.6,651.96,65.2,586.76,315.2,271.56
O0003612,CUST00509,2024-06-04,P0027,4,0.1,UPI,Electronics,55.13,36.66,220.52,22.05,198.47,146.64,51.83
O0001577,CUST00339,2024-06-04,P0024,2,0.0,COD,Grocery,220.04,119.95,440.08,0.0,440.08,239.9,200.18
O0000854,CUST00355,2024-06-04,P0008,1,0.1,COD,Fashion,152.63,75.07,152.63,15.26,137.37,75.07,62.3
O0001299,CUST00433,2024-06-04,P0020,3,0.1,Card,Home,149.95,68.06,449.85,44.99,404.86,204.18,200.68
O0002369,CUST00217,2024-06-04,P0001,4,0.1,Net Banking,Fashion,114.26,54.48,457.04,45.7,411.34,217.92,193.42
O0003103,CUST00047,2024-06-04,P0034,3,0.1,Card,Electronics,186.26,105.01,558.78,55.88,502.9,315.03,187.87
O0002820,CUST00391,2024-06-05,P0009,4,0.05,Wallet,Fashion,264.14,141.26,1056.56,52.83,1003.73,565.04,438.69
O0000968,CUST00332,2024-06-05,P0023,1,0.1,UPI,Fashion,67.68,45.5,67.68,6.77,60.91,45.5,15.41
O0000883,CUST00530,2024-06-05,P0035,2,0.05,UPI,Home,139.63,80.04,279.26,13.96,265.3,160.08,105.22
O0003249,CUST00022,2024-06-05,P0043,4,0.0,UPI,Electronics,364.08,156.96,1456.32,0.0,1456.32,627.84,828.48
O0004350,CUST00518,2024-06-05,P0035,3,0.15,UPI,Home,139.63,80.04,418.89,62.83,356.06,240.12,115.94
O0004772,CUST00216,2024-06-05,P0014,2,0.0,COD,Electronics,66.45,51.75,132.9,0.0,132.9,103.5,29.4
O0004936,CUST00610,2024-06-05,P0019,3,0.0,Card,Electronics,148.06,96.56,444.18,0.0,444.18,289.68,154.5
O0003296,CUST00643,2024-06-05,P0043,2,0.05,Net Banking,Electronics,364.08,156.96,728.16,36.41,691.75,313.92,377.83
O0000555,CUST00594,2024-06-06,P0031,2,0.05,Card,Electronics,287.51,147.51,575.02,28.75,546.27,295.02,251.25
O0001388,CUST00132,2024-06-06,P0020,4,0.1,Card,Home,149.95,68.06,599.8,59.98,539.82,272.24,267.58
O0004351,CUST00516,2024-06-06,P0020,1,0.0,Card,Home,149.95,68.06,149.95,0.0,149.95,68.06,81.89
O0001779,CUST00183,2024-06-06,P0038,2,0.0,COD,Fashion,157.39,70.68,314.78,0.0,314.78,141.36,173.42
O0002824,CUST00316,2024-06-06,P0034,2,0.0,Wallet,Electronics,186.26,105.01,372.52,0.0,372.52,210.02,162.5
O0001329,CUST00276,2024-06-06,P0023,1,0.1,Wallet,Fashion,67.68,45.5,67.68,6.77,60.91,45.5,15.41
O0001159,CUST00053,2024-06-06,P0032,2,0.15,Card,Electronics,325.98,157.6,651.96,97.79,554.17,315.2,238.97
O0004979,CUST00628,2024-06-06,P0039,2,0.0,Card,Electronics,302.32,141.08,604.64,0.0,604.64,282.16,322.48
O0004573,CUST00536,2024-06-07,P0024,4,0.1,UPI,Grocery,220.04,119.95,880.16,88.02,792.14,479.8,312.34
O0004321,CUST00350,2024-06-07,P0017,4,0.1,COD,Home,110.28,84.44,441.12,44.11,397.01,337.76,59.25
O0001545,CUST00370,2024-06-07,P0029,1,0.0,UPI,Home,354.92,154.02,354.92,0.0,354.92,154.02,200.9
O0001998,CUST00145,2024-06-07,P0011,1,0.05,Card,Electronics,158.87,121.21,158.87,7.94,150.93,121.21,29.72
O0001275,CUST00628,2024-06-07,P0004,2,0.0,Card,Home,54.29,27.5,108.58,0.0,108.58,55.0,53.58
O0002651,CUST00193,2024-06-07,P0045,1,0.05,Net Banking,Grocery,121.81,53.8,121.81,6.09,115.72,53.8,61.92
O0002253,CUST00400,2024-06-07,P0019,1,0.05,UPI,Electronics,148.06,96.56,148.06,7.4,140.66,96.56,44.1
O0001033,CUST00166,2024-06-07,P0044,4,0.1,Card,Home,319.2,142.3,1276.8,127.68,1149.12,569.2,579.92
O0000765,CUST00155,2024-06-08,P0036,4,0.1,COD,Home,308.75,157.97,1235.0,123.5,1111.5,631.88,479.62
O0005168,CUST00553,2024-06-08,P0002,1,0.15,Card,Electronics,165.42,102.08,165.42,24.81,140.61,102.08,38.53
O0001835,CUST00366,2024-06-08,P0045,4,0.15,Net Banking,Grocery,121.81,53.8,487.24,73.09,414.15,215.2,198.95
O0000531,CUST00443,2024-06-08,P0027,1,0.05,Card,Electronics,55.13,36.66,55.13,2.76,52.37,36.66,15.71
O0001877,CUST00100,2024-06-08,P0034,1,0.0,Net Banking,Electronics,186.26,105.01,186.26,0.0,186.26,105.01,81.25
O0001120,CUST00309,2024-06-08,P0023,2,0.05,Card,Fashion,67.68,45.5,135.36,6.77,128.59,91.0,37.59
O0001637,CUST00605,2024-06-08,P0044,4,0.05,COD,Home,319.2,142.3,1276.8,63.84,1212.96,569.2,643.76
O0003896,CUST00225,2024-06-08,P0043,2,0.0,COD,Electronics,364.08,156.96,728.16,0.0,728.16,313.92,414.24
O0003978,CUST00535,2024-06-08,P0033,3,0.1,Card,Fashion,112.86,61.51,338.58,33.86,304.72,184.53,120.19
O0000639,CUST00275,2024-06-08,P0045,2,0.1,Card,Grocery,121.81,53.8,243.62,24.36,219.26,107.6,111.66
O0001773,CUST00462,2024-06-08,P0041,1,0.15,Card,Grocery,240.98,127.74,240.98,36.15,204.83,127.74,77.09
O0004119,CUST00637,2024-06-09,P0038,1,0.0,UPI,Fashion,157.39,70.68,157.39,0.0,157.39,70.68,86.71
O0002646,CUST00484,2024-06-09,P0007,2,0.15,Card,Grocery,177.14,118.71,354.28,53.14,301.14,237.42,63.72
O0003626,CUST00346,2024-06-09,P0013,1,0.1,COD,Grocery,268.38,121.9,268.38,26.84,241.54,121.9,119.64
O0001721,CUST00352,2024-06-09,P0041,3,0.0,UPI,Grocery,240.98,127.74,722.94,0.0,722.94,383.22,339.72
O0003596,CUST00324,2024-06-09,P0022,3,0.05,Wallet,Electronics,326.52,146.8,979.56,48.98,930.58,440.4,490.18
O0001082,CUST00616,2024-06-09,P0020,1,0.0,UPI,Home,149.95,68.06,149.95,0.0,149.95,68.06,81.89
O0005057,CUST00403,2024-06-09,P0008,1,0.05,COD,Fashion,152.63,75.07,152.63,7.63,145.0,75.07,69.93
O0004271,CUST00263,2024-06-09,P0045,2,0.0,Card,Grocery,121.81,53.8,243.62,0.0,243.62,107.6,136.02
O0000435,CUST00243,2024-06-10,P0014,1,0.0,UPI,Electronics,66.45,51.75,66.45,0.0,66.45,51.75,14.7
O0004447,CUST00114,2024-06-10,P0044,2,0.1,Wallet,Home,319.2,142.3,638.4,63.84,574.56,284.6,289.96
O0004957,CUST00546,2024-06-10,P0037,4,0.1,Wallet,Fashion,32.76,22.26,131.04,13.1,117.94,89.04,28.9
O0003384,CUST00316,2024-06-10,P0019,1,0.0,UPI,Electronics,148.06,96.56,148.06,0.0,148.06,96.56,51.5
O0004551,CUST00204,2024-06-10,P0023,1,0.05,UPI,Fashion,67.68,45.5,67.68,3.38,64.3,45.5,18.8
O0000355,CUST00015,2024-06-10,P0037,2,0.0,COD,Fashion,32.76,22.26,65.52,0.0,65.52,44.52,21.0
O0001436,CUST00449,2024-06-11,P0014,1,0.0,Net Banking,Electronics,66.45,51.75,66.45,0.0,66.45,51.75,14.7
O0000941,CUST00568,2024-06-11,P0039,3,0.0,Net Banking,Electronics,302.32,141.08,906.96,0.0,906.96,423.24,483.72
O0001434,CUST00568,2024-06-11,P0012,4,0.0,Wallet,Electronics,216.75,132.72,867.0,0.0,867.0,530.88,336.12
O0000460,CUST00544,2024-06-11,P0023,1,0.2,Card,Fashion,67.68,45.5,67.68,13.54,54.14,45.5,8.64
O0004576,CUST00588,2024-06-11,P0009,2,0.0,COD,Fashion,264.14,141.26,528.28,0.0,528.28,282.52,245.76
O0004787,CUST00476,2024-06-11,P0030,2,0.0,Wallet,Grocery,239.09,117.72,478.18,0.0,478.18,235.44,242.74
O0002409,CUST00611,2024-06-11,P0005,3,0.0,Net Banking,Electronics,273.97,126.69,821.91,0.0,821.91,380.07,441.84
O0003786,CUST00389,2024-06-11,P0008,1,0.2,COD,Fashion,152.63,75.07,152.63,30.53,122.1,75.07,47.03
O0001279,CUST00249,2024-06-11,P0041,2,0.2,COD,Grocery,240.98,127.74,481.96,96.39,385.57,255.48,130.09
O0002814,CUST00088,2024-06-12,P0015,2,0.05,COD,Fashion,43.69,25.91,87.38,4.37,83.01,51.82,31.19
O0002412,CUST00344,2024-06-12,P0042,2,0.0,UPI,Fashion,92.99,66.18,185.98,0.0,185.98,132.36,53.62
O0002910,CUST00345,2024-06-12,P0039,2,0.1,Card,Electronics,302.32,141.08,604.64,60.46,544.18,282.16,262.02
O0004407,CUST00526,2024-06-12,P0030,2,0.0,Wallet,Grocery,239.09,117.72,478.18,0.0,478.18,235.44,242.74
O0003490,CUST00533,2024-06-12,P0005,2,0.2,Card,Electronics,273.97,126.69,547.94,109.59,438.35,253.38,184.97
O0000649,CUST00371,2024-06-12,P0021,1,0.1,UPI,Beauty,264.24,127.61,264.24,26.42,237.82,127.61,110.21
O0002856,CUST00104,2024-06-12,P0043,2,0.1,Card,Electronics,364.08,156.96,728.16,72.82,655.34,313.92,341.42
O0000175,CUST00096,2024-06-12,P0017,4,0.05,COD,Home,110.28,84.44,441.12,22.06,419.06,337.76,81.3
O0004634,CUST00110,2024-06-12,P0009,2,0.1,COD,Fashion,264.14,141.26,528.28,52.83,475.45,282.52,192.93
O0000708,CUST00629,2024-06-12,P0028,3,0.05,Card,Electronics,164.95,128.88,494.85,24.74,470.11,386.64,83.47
O0003892,CUST00289,2024-06-12,P0009,1,0.05,COD,Fashion,264.14,141.26,264.14,13.21,250.93,141.26,109.67
O0003048,CUST00355,2024-06-13,P0034,2,0.0,UPI,Electronics,186.26,105.01,372.52,0.0,372.52,210.02,162.5
O0002186,CUST00118,2024-06-13,P0030,1,0.0,Card,Grocery,239.09,117.72,239.09,0.0,239.09,117.72,121.37
O0002500,CUST00134,2024-06-13,P0001,3,0.1,COD,Fashion,114.26,54.48,342.78,34.28,308.5,163.44,145.06
O0003410,CUST00007,2024-06-13,P0015,1,0.0,Card,Fashion,43.69,25.91,43.69,0.0,43.69,25.91,17.78
O0003016,CUST00161,2024-06-13,P0027,1,0.05,UPI,Electronics,55.13,36.66,55.13,2.76,52.37,36.66,15.71
O0004479,CUST00512,2024-06-13,P0040,2,0.05,UPI,Grocery,83.65,51.18,167.3,8.36,158.94,102.36,56.58
O0003261,CUST00236,2024-06-13,P0019,1,0.1,Card,Electronics,148.06,96.56,148.06,14.81,133.25,96.56,36.69
O0004371,CUST00044,2024-06-14,P0018,2,0.05,Wallet,Beauty,175.93,84.8,351.86,17.59,334.27,169.6,164.67
O0001868,CUST00192,2024-06-14,P0041,4,0.15,UPI,Grocery,240.98,127.74,963.92,144.59,819.33,510.96,308.37
O0002589,CUST00285,2024-06-14,P0023,2,0.05,Net Banking,Fashion,67.68,45.5,135.36,6.77,128.59,91.0,37.59
O0004440,CUST00221,2024-06-15,P0040,1,0.05,Card,Grocery,83.65,51.18,83.65,4.18,79.47,51.18,28.29
O0001532,CUST00137,2024-06-15,P0045,2,0.15,UPI,Grocery,121.81,53.8,243.62,36.54,207.08,107.6,99.48
O0004143,CUST00243,2024-06-15,P0031,1,0.0,UPI,Electronics,287.51,147.51,287.51,0.0,287.51,147.51,140.0
O0001615,CUST00015,2024-06-15,P0020,4,0.0,UPI,Home,149.95,68.06,599.8,0.0,599.8,272.24,327.56
O0000601,CUST00058,2024-06-15,P0024,4,0.05,UPI,Grocery,220.04,119.95,880.16,44.01,836.15,479.8,356.35
O0005018,CUST00590,2024-06-16,P0040,2,0.0,COD,Grocery,83.65,51.18,167.3,0.0,167.3,102.36,64.94
O0001809,CUST00247,2024-06-16,P0037,2,0.0,UPI,Fashion,32.76,22.26,65.52,0.0,65.52,44.52,21.0
O0003073,CUST00266,2024-06-16,P0007,2,0.0,Wallet,Grocery,177.14,118.71,354.28,0.0,354.28,237.42,116.86
O0004864,CUST00140,2024-06-16,P0006,2,0.05,Card,Beauty,192.36,150.65,384.72,19.24,365.48,301.3,64.18
O0000189,CUST00245,2024-06-16,P0019,1,0.0,Net Banking,Electronics,148.06,96.56,148.06,0.0,148.06,96.56,51.5
O0001747,CUST00575,2024-06-16,P0039,3,0.05,COD,Electronics,302.32,141.08,906.96,45.35,861.61,423.24,438.37
O0003130,CUST00463,2024-06-16,P0025,4,0.0,COD,Fashion,234.0,111.05,936.0,0.0,936.0,444.2,491.8
O0002439,CUST00180,2024-06-16,P0026,3,0.0,UPI,Electronics,133.04,87.51,399.12,0.0,399.12,262.53,136.59
O0000087,CUST00334,2024-06-17,P0027,1,0.0,Wallet,Electronics,55.13,36.66,55.13,0.0,55.13,36.66,18.47
O0004120,CUST00458,2024-06-17,P0042,3,0.0,UPI,Fashion,92.99,66.18,278.97,0.0,278.97,198.54,80.43
O0003497,CUST00298,2024-06-17,P0043,4,0.0,Card,Electronics,364.08,156.96,1456.32,0.0,1456.32,627.84,828.48
O0002407,CUST00482,2024-06-17,P0011,3,0.2,Wallet,Electronics,158.87,121.21,476.61,95.32,381.29,363.63,17.66
O0000318,CUST00107,2024-06-17,P0042,3,0.0,Card,Fashion,92.99,66.18,278.97,0.0,278.97,198.54,80.43
O0004546,CUST00045,2024-06-17,P0007,4,0.0,COD,Grocery,177.14,118.71,708.56,0.0,708.56,474.84,233.72
O0003955,CUST00441,2024-06-17,P0010,4,0.1,Card,Grocery,158.28,88.17,633.12,63.31,569.81,352.68,217.13
O0002512,CUST00516,2024-06-17,P0008,4,0.05,COD,Fashion,152.63,75.07,610.52,30.53,579.99,300.28,279.71
O0000818,CUST00185,2024-06-17,P0012,1,0.0,UPI,Electronics,216.75,132.72,216.75,0.0,216.75,132.72,84.03
O0000645,CUST00414,2024-06-17,P0014,2,0.2,UPI,Electronics,66.45,51.75,132.9,26.58,106.32,103.5,2.82
O0001564,CUST00170,2024-06-17,P0014,1,0.0,UPI,Electronics,66.45,51.75,66.45,0.0,66.45,51.75,14.7
O0001147,CUST00047,2024-06-17,P0018,2,0.0,UPI,Beauty,175.93,84.8,351.86,0.0,351.86,169.6,182.26
O0000281,CUST00588,2024-06-17,P0043,4,0.15,Card,Electronics,364.08,156.96,1456.32,218.45,1237.87,627.84,610.03
O0000198,CUST00352,2024-06-18,P0015,4,0.1,COD,Fashion,43.69,25.91,174.76,17.48,157.28,103.64,53.64
O0003809,CUST00415,2024-06-18,P0021,1,0.05,COD,Beauty,264.24,127.61,264.24,13.21,251.03,127.61,123.42
O0005000,CUST00414,2024-06-18,P0021,1,0.0,Card,Beauty,264.24,127.61,264.24,0.0,264.24,127.61,136.63
O0002451,CUST00516,2024-06-18,P0016,2,0.0,Card,Fashion,101.27,44.23,202.54,0.0,202.54,88.46,114.08
O0003446,CUST00006,2024-06-18,P0025,4,0.15,COD,Fashion,234.0,111.05,936.0,140.4,795.6,444.2,351.4
O0004241,CUST00575,2024-06-18,P0030,2,0.15,Wallet,Grocery,239.09,117.72,478.18,71.73,406.45,235.44,171.01
O0003651,CUST00567,2024-06-18,P0024,1,0.0,COD,Grocery,220.04,119.95,220.04,0.0,220.04,119.95,100.09
O0003781,CUST00376,2024-06-18,P0033,1,0.0,UPI,Fashion,112.86,61.51,112.86,0.0,112.86,61.51,51.35
O0000102,CUST00242,2024-06-19,P0038,1,0.1,Wallet,Fashion,157.39,70.68,157.39,15.74,141.65,70.68,70.97
O0000829,CUST00153,2024-06-19,P0019,1,0.0,COD,Electronics,148.06,96.56,148.06,0.0,148.06,96.56,51.5
O0004947,CUST00161,2024-06-20,P0007,1,0.05,UPI,Grocery,177.14,118.71,177.14,8.86,168.28,118.71,49.57
O0001066,CUST00332,2024-06-20,P0014,2,0.0,Net Banking,Electronics,66.45,51.75,132.9,0.0,132.9,103.5,29.4
O0000819,CUST00013,2024-06-20,P0015,2,0.0,Wallet,Fashion,43.69,25.91,87.38,0.0,87.38,51.82,35.56
O0003732,CUST00640,2024-06-20,P0042,2,0.2,Card,Fashion,92.99,66.18,185.98,37.2,148.78,132.36,16.42
O0000507,CUST00344,2024-06-20,P0012,4,0.1,COD,Electronics,216.75,132.72,867.0,86.7,780.3,530.88,249.42
O0003988,CUST00600,2024-06-20,P0003,1,0.05,Card,Home,236.77,123.51,236.77,11.84,224.93,123.51,101.42
O0002474,CUST00579,2024-06-20,P0039,1,0.1,UPI,Electronics,302.32,141.08,302.32,30.23,272.09,141.08,131.01
O0002178,CUST00590,2024-06-20,P0020,2,0.0,Net Banking,Home,149.95,68.06,299.9,0.0,299.9,136.12,163.78
O0004188,CUST00153,2024-06-21,P0030,3,0.0,Card,Grocery,239.09,117.72,717.27,0.0,717.27,353.16,364.11
O0002322,CUST00022,2024-06-21,P0034,2,0.15,Net Banking,Electronics,186.26,105.01,372.52,55.88,316.64,210.02,106.62
O0003900,CUST00181,2024-06-21,P0029,2,0.0,COD,Home,354.92,154.02,709.84,0.0,709.84,308.04,401.8
O0000421,CUST00577,2024-06-21,P0017,2,0.0,COD,Home,110.28,84.44,220.56,0.0,220.56,168.88,51.68
O0004121,CUST00058,2024-06-21,P0038,1,0.2,Wallet,Fashion,157.39,70.68,157.39,31.48,125.91,70.68,55.23
O0004997,CUST00369,2024-06-21,P0013,4,0.15,Wallet,Grocery,268.38,121.9,1073.52,161.03,912.49,487.6,424.89
O0001665,CUST00289,2024-06-21,P0036,1,0.05,Card,Home,308.75,157.97,308.75,15.44,293.31,157.97,135.34
O0002828,CUST00048,2024-06-21,P0017,4,0.1,UPI,Home,110.28,84.44,441.12,44.11,397.01,337.76,59.25
O0005009,CUST00600,2024-06-22,P0025,1,0.0,COD,Fashion,234.0,111.05,234.0,0.0,234.0,111.05,122.95
O0000758,CUST00348,2024-06-22,P0008,2,0.1,UPI,Fashion,152.63,75.07,305.26,30.53,274.73,150.14,124.59
O0003789,CUST00384,2024-06-22,P0009,2,0.1,Card,Fashion,264.14,141.26,528.28,52.83,475.45,282.52,192.93
O0002469,CUST00181,2024-06-22,P0021,2,0.05,Net Banking,Beauty,264.24,127.61,528.48,26.42,502.06,255.22,246.84
O0004500,CUST00203,2024-06-22,P0029,2,0.15,Wallet,Home,354.92,154.02,709.84,106.48,603.36,308.04,295.32
O0002543,CUST00077,2024-06-22,P0022,4,0.0,Card,Electronics,326.52,146.8,1306.08,0.0,1306.08,587.2,718.88
O0000806,CUST00391,2024-06-22,P0013,4,0.0,COD,Grocery,268.38,121.9,1073.52,0.0,1073.52,487.6,585.92
O0003008,CUST00164,2024-06-22,P0039,1,0.15,Net Banking,Electronics,302.32,141.08,302.32,45.35,256.97,141.08,115.89
O0001540,CUST00253,2024-06-23,P0014,1,0.05,Wallet,Electronics,66.45,51.75,66.45,3.32,63.13,51.75,11.38
O0002269,CUST00205,2024-06-23,P0009,4,0.0,Card,Fashion,264.14,141.26,1056.56,0.0,1056.56,565.04,491.52
O0002024,CUST00200,2024-06-23,P0043,2,0.15,Card,Electronics,364.08,156.96,728.16,109.22,618.94,313.92,305.02
O0001040,CUST00451,2024-06-23,P0001,3,0.0,COD,Fashion,114.26,54.48,342.78,0.0,342.78,163.44,179.34
O0001058,CUST00051,2024-06-23,P0014,1,0.05,Card,Electronics,66.45,51.75,66.45,3.32,63.13,51.75,11.38
O0004513,CUST00263,2024-06-24,P0021,4,0.05,COD,Beauty,264.24,127.61,1056.96,52.85,1004.11,510.44,493.67
O0004225,CUST00198,2024-06-24,P0014,1,0.1,UPI,Electronics,66.45,51.75,66.45,6.64,59.81,51.75,8.06
O0001955,CUST00146,2024-06-24,P0012,2,0.0,Wallet,Electronics,216.75,132.72,433.5,0.0,433.5,265.44,168.06
O0003142,CUST00344,2024-06-24,P0009,4,0.1,COD,Fashion,264.14,141.26,1056.56,105.66,950.9,565.04,385.86
O0004749,CUST00161,2024-06-24,P0040,1,0.15,UPI,Grocery,83.65,51.18,83.65,12.55,71.1,51.18,19.92
O0002700,CUST00403,2024-06-24,P0027,2,0.0,Net Banking,Electronics,55.13,36.66,110.26,0.0,110.26,73.32,36.94
O0002349,CUST00596,2024-06-24,P0021,1,0.05,UPI,Beauty,264.24,127.61,264.24,13.21,251.03,127.61,123.42
O0002747,CUST00225,2024-06-24,P0033,1,0.0,Wallet,Fashion,112.86,61.51,112.86,0.0,112.86,61.51,51.35
O0002679,CUST00543,2024-06-24,P0008,2,0.05,UPI,Fashion,152.63,75.07,305.26,15.26,290.0,150.14,139.86
O0000262,CUST00010,2024-06-24,P0021,2,0.05,Wallet,Beauty,264.24,127.61,528.48,26.42,502.06,255.22,246.84
O0003595,CUST00392,2024-06-25,P0013,4,0.0,Card,Grocery,268.38,121.9,1073.52,0.0,1073.52,487.6,585.92
O0003167,CUST00314,2024-06-25,P0023,3,0.15,Card,Fashion,67.68,45.5,203.04,30.46,172.58,136.5,36.08
O0001748,CUST00332,2024-06-25,P0006,3,0.2,COD,Beauty,192.36,150.65,577.08,115.42,461.66,451.95,9.71
O0003019,CUST00286,2024-06-25,P0039,3,0.05,Card,Electronics,302.32,141.08,906.96,45.35,861.61,423.24,438.37
O0002323,CUST00198,2024-06-25,P0001,3,0.1,Card,Fashion,114.26,54.48,342.78,34.28,308.5,163.44,145.06
O0005030,CUST00276,2024-06-25,P0036,4,0.0,Card,Home,308.75,157.97,1235.0,0.0,1235.0,631.88,603.12
O0004949,CUST00259,2024-06-25,P0026,1,0.15,Card,Electronics,133.04,87.51,133.04,19.96,113.08,87.51,25.57
O0003774,CUST00398,2024-06-26,P0008,1,0.15,UPI,Fashion,152.63,75.07,152.63,22.89,129.74,75.07,54.67
O0004959,CUST00288,2024-06-26,P0022,1,0.05,Card,Electronics,326.52,146.8,326.52,16.33,310.19,146.8,163.39
O0000585,CUST00243,2024-06-26,P0018,3,0.1,Wallet,Beauty,175.93,84.8,527.79,52.78,475.01,254.4,220.61
O0002739,CUST00398,2024-06-26,P0043,1,0.0,COD,Electronics,364.08,156.96,364.08,0.0,364.08,156.96,207.12
O0002101,CUST00484,2024-06-26,P0010,3,0.1,UPI,Grocery,158.28,88.17,474.84,47.48,427.36,264.51,162.85
O0003624,CUST00281,2024-06-26,P0036,2,0.05,Wallet,Home,308.75,157.97,617.5,30.88,586.62,315.94,270.68
O0002801,CUST00253,2024-06-26,P0025,3,0.15,Net Banking,Fashion,234.0,111.05,702.0,105.3,596.7,333.15,263.55
O0001489,CUST00281,2024-06-26,P0002,4,0.0,Card,Electronics,165.42,102.08,661.68,0.0,661.68,408.32,253.36
O0004336,CUST00047,2024-06-26,P0019,1,0.1,Card,Electronics,148.06,96.56,148.06,14.81,133.25,96.56,36.69
O0001168,CUST00488,2024-06-26,P0039,2,0.0,UPI,Electronics,302.32,141.08,604.64,0.0,604.64,282.16,322.48
O0000289,CUST00527,2024-06-26,P0004,1,0.1,UPI,Home,54.29,27.5,54.29,5.43,48.86,27.5,21.36
O0000370,CUST00338,2024-06-26,P0033,2,0.0,Card,Fashion,112.86,61.51,225.72,0.0,225.72,123.02,102.7
O0002766,CUST00121,2024-06-27,P0045,1,0.0,COD,Grocery,121.81,53.8,121.81,0.0,121.81,53.8,68.01
O0003848,CUST00077,2024-06-27,P0011,2,0.15,COD,Electronics,158.87,121.21,317.74,47.66,270.08,242.42,27.66
O0004932,CUST00400,2024-06-27,P0018,1,0.05,Card,Beauty,175.93,84.8,175.93,8.8,167.13,84.8,82.33
O0001717,CUST00204,2024-06-27,P0028,4,0.0,Card,Electronics,164.95,128.88,659.8,0.0,659.8,515.52,144.28
O0002023,CUST00370,2024-06-27,P0029,1,0.0,Card,Home,354.92,154.02,354.92,0.0,354.92,154.02,200.9
O0001034,CUST00470,2024-06-27,P0008,2,0.1,Card,Fashion,152.63,75.07,305.26,30.53,274.73,150.14,124.59
O0003994,CUST00351,2024-06-27,P0038,3,0.1,COD,Fashion,157.39,70.68,472.17,47.22,424.95,212.04,212.91
O0001852,CUST00397,2024-06-27,P0021,2,0.1,Wallet,Beauty,264.24,127.61,528.48,52.85,475.63,255.22,220.41
O0002641,CUST00165,2024-06-28,P0042,1,0.0,UPI,Fashion,92.99,66.18,92.99,0.0,92.99,66.18,26.81
O0003115,CUST00600,2024-06-28,P0031,2,0.15,UPI,Electronics,287.51,147.51,575.02,86.25,488.77,295.02,193.75
O0001642,CUST00369,2024-06-28,P0016,1,0.05,Net Banking,Fashion,101.27,44.23,101.27,5.06,96.21,44.23,51.98
O0005056,CUST00598,2024-06-28,P0006,2,0.0,Card,Beauty,192.36,150.65,384.72,0.0,384.72,301.3,83.42
O0000616,CUST00022,2024-06-28,P0039,2,0.05,Net Banking,Electronics,302.32,141.08,604.64,30.23,574.41,282.16,292.25
O0005087,CUST00605,2024-06-28,P0027,2,0.0,Wallet,Electronics,55.13,36.66,110.26,0.0,110.26,73.32,36.94
O0002380,CUST00225,2024-06-28,P0021,1,0.1,Card,Beauty,264.24,127.61,264.24,26.42,237.82,127.61,110.21
O0001664,CUST00575,2024-06-28,P0009,1,0.0,UPI,Fashion,264.14,141.26,264.14,0.0,264.14,141.26,122.88
O0001250,CUST00155,2024-06-28,P0006,4,0.05,Card,Beauty,192.36,150.65,769.44,38.47,730.97,602.6,128.37
O0002961,CUST00158,2024-06-28,P0043,1,0.15,Card,Electronics,364.08,156.96,364.08,54.61,309.47,156.96,152.51
O0000263,CUST00398,2024-06-28,P0036,4,0.05,Card,Home,308.75,157.97,1235.0,61.75,1173.25,631.88,541.37
O0000374,CUST00568,2024-06-29,P0042,1,0.0,Wallet,Fashion,92.99,66.18,92.99,0.0,92.99,66.18,26.81
O0003731,CUST00535,2024-06-29,P0024,1,0.0,Wallet,Grocery,220.04,119.95,220.04,0.0,220.04,119.95,100.09
O0000301,CUST00594,2024-06-29,P0001,3,0.05,UPI,Fashion,114.26,54.48,342.78,17.14,325.64,163.44,162.2
O0002072,CUST00081,2024-06-29,P0041,1,0.2,Net Banking,Grocery,240.98,127.74,240.98,48.2,192.78,127.74,65.04
O0004315,CUST00650,2024-06-29,P0009,4,0.1,Card,Fashion,264.14,141.26,1056.56,105.66,950.9,565.04,385.86
O0002103,CUST00489,2024-06-29,P0026,1,0.0,COD,Electronics,133.04,87.51,133.04,0.0,133.04,87.51,45.53
O0000542,CUST00601,2024-06-29,P0023,1,0.1,UPI,Fashion,67.68,45.5,67.68,6.77,60.91,45.5,15.41
O0002144,CUST00067,2024-06-29,P0025,4,0.15,Net Banking,Fashion,234.0,111.05,936.0,140.4,795.6,444.2,351.4
O0003761,CUST00383,2024-06-29,P0011,2,0.0,COD,Electronics,158.87,121.21,317.74,0.0,317.74,242.42,75.32
O0004953,CUST00303,2024-06-29,P0012,2,0.0,Card,Electronics,216.75,132.72,433.5,0.0,433.5,265.44,168.06
O0004780,CUST00260,2024-06-30,P0019,2,0.0,Card,Electronics,148.06,96.56,296.12,0.0,296.12,193.12,103.0
O0000321,CUST00509,2024-06-30,P0024,1,0.1,UPI,Grocery,220.04,119.95,220.04,22.0,198.04,119.95,78.09
O0004329,CUST00490,2024-06-30,P0038,4,0.1,Wallet,Fashion,157.39,70.68,629.56,62.96,566.6,282.72,283.88
O0002601,CUST00376,2024-06-30,P0031,2,0.0,UPI,Electronics,287.51,147.51,575.02,0.0,575.02,295.02,280.0
O0004850,CUST00273,2024-07-01,P0021,1,0.1,Wallet,Beauty,264.24,127.61,264.24,26.42,237.82,127.61,110.21
O0002994,CUST00634,2024-07-01,P0002,2,0.1,UPI,Electronics,165.42,102.08,330.84,33.08,297.76,204.16,93.6
O0002272,CUST00368,2024-07-01,P0034,4,0.05,UPI,Electronics,186.26,105.01,745.04,37.25,707.79,420.04,287.75
O0003718,CUST00126,2024-07-01,P0006,1,0.1,COD,Beauty,192.36,150.65,192.36,19.24,173.12,150.65,22.47
O0002150,CUST00400,2024-07-01,P0007,1,0.05,COD,Grocery,177.14,118.71,177.14,8.86,168.28,118.71,49.57
O0002780,CUST00372,2024-07-01,P0042,3,0.05,COD,Fashion,92.99,66.18,278.97,13.95,265.02,198.54,66.48
O0003875,CUST00176,2024-07-01,P0031,2,0.1,Net Banking,Electronics,287.51,147.51,575.02,57.5,517.52,295.02,222.5
O0003399,CUST00414,2024-07-01,P0019,1,0.0,UPI,Electronics,148.06,96.56,148.06,0.0,148.06,96.56,51.5
O0004814,CUST00381,2024-07-01,P0002,1,0.0,Card,Electronics,165.42,102.08,165.42,0.0,165.42,102.08,63.34
O0001787,CUST00191,2024-07-01,P0043,1,0.15,Net Banking,Electronics,364.08,156.96,364.08,54.61,309.47,156.96,152.51
O0004445,CUST00494,2024-07-02,P0014,1,0.1,Card,Electronics,66.45,51.75,66.45,6.64,59.81,51.75,8.06
O0004927,CUST00486,2024-07-02,P0007,1,0.0,Net Banking,Grocery,177.14,118.71,177.14,0.0,177.14,118.71,58.43
O0002031,CUST00600,2024-07-02,P0023,2,0.15,Card,Fashion,67.68,45.5,135.36,20.3,115.06,91.0,24.06
O0001099,CUST00035,2024-07-02,P0038,3,0.1,Card,Fashion,157.39,70.68,472.17,47.22,424.95,212.04,212.91
O0000467,CUST00146,2024-07-02,P0012,1,0.1,Net Banking,Electronics,216.75,132.72,216.75,21.68,195.07,132.72,62.35
O0004176,CUST00612,2024-07-02,P0016,1,0.0,Net Banking,Fashion,101.27,44.23,101.27,0.0,101.27,44.23,57.04
O0002702,CUST00477,2024-07-02,P0007,3,0.05,Card,Grocery,177.14,118.71,531.42,26.57,504.85,356.13,148.72
O0003074,CUST00554,2024-07-03,P0032,4,0.05,Wallet,Electronics,325.98,157.6,1303.92,65.2,1238.72,630.4,608.32
O0001734,CUST00100,2024-07-03,P0025,1,0.1,Card,Fashion,234.0,111.05,234.0,23.4,210.6,111.05,99.55
O0000964,CUST00275,2024-07-03,P0041,1,0.15,UPI,Grocery,240.98,127.74,240.98,36.15,204.83,127.74,77.09
O0002218,CUST00296,2024-07-03,P0035,4,0.05,COD,Home,139.63,80.04,558.52,27.93,530.59,320.16,210.43
O0005189,CUST00634,2024-07-03,P0003,3,0.15,UPI,Home,236.77,123.51,710.31,106.55,603.76,370.53,233.23
O0004228,CUST00370,2024-07-03,P0016,1,0.0,Card,Fashion,101.27,44.23,101.27,0.0,101.27,44.23,57.04
O0000814,CUST00633,2024-07-03,P0025,2,0.05,Net Banking,Fashion,234.0,111.05,468.0,23.4,444.6,222.1,222.5
O0001453,CUST00203,2024-07-04,P0044,2,0.1,UPI,Home,319.2,142.3,638.4,63.84,574.56,284.6,289.96
O0002948,CUST00050,2024-07-04,P0013,3,0.0,Card,Grocery,268.38,121.9,805.14,0.0,805.14,365.7,439.44
O0004283,CUST00431,2024-07-04,P0017,1,0.15,COD,Home,110.28,84.44,110.28,16.54,93.74,84.44,9.3
O0004417,CUST00536,2024-07-04,P0002,3,0.2,UPI,Electronics,165.42,102.08,496.26,99.25,397.01,306.24,90.77
O0000351,CUST00125,2024-07-04,P0016,2,0.0,Wallet,Fashion,101.27,44.23,202.54,0.0,202.54,88.46,114.08
O0001872,CUST00131,2024-07-04,P0042,2,0.1,Card,Fashion,92.99,66.18,185.98,18.6,167.38,132.36,35.02
O0001663,CUST00129,2024-07-04,P0032,2,0.1,Card,Electronics,325.98,157.6,651.96,65.2,586.76,315.2,271.56
O0000951,CUST00337,2024-07-05,P0036,2,0.1,COD,Home,308.75,157.97,617.5,61.75,555.75,315.94,239.81
O0004186,CUST00585,2024-07-05,P0029,1,0.15,Card,Home,354.92,154.02,354.92,53.24,301.68,154.02,147.66
O0004002,CUST00598,2024-07-05,P0023,1,0.0,Card,Fashion,67.68,45.5,67.68,0.0,67.68,45.5,22.18
O0002143,CUST00244,2024-07-05,P0028,1,0.0,Net Banking,Electronics,164.95,128.88,164.95,0.0,164.95,128.88,36.07
O0000503,CUST00042,2024-07-05,P0010,1,0.05,COD,Grocery,158.28,88.17,158.28,7.91,150.37,88.17,62.2
O0005145,CUST00371,2024-07-06,P0012,2,0.05,COD,Electronics,216.75,132.72,433.5,21.68,411.82,265.44,146.38
O0001500,CUST00092,2024-07-06,P0021,1,0.15,UPI,Beauty,264.24,127.61,264.24,39.64,224.6,127.61,96.99
O0000326,CUST00001,2024-07-06,P0008,2,0.0,Card,Fashion,152.63,75.07,305.26,0.0,305.26,150.14,155.12
O0000622,CUST00286,2024-07-06,P0042,4,0.05,Card,Fashion,92.99,66.18,371.96,18.6,353.36,264.72,88.64
O0005108,CUST00084,2024-07-07,P0036,1,0.1,UPI,Home,308.75,157.97,308.75,30.88,277.87,157.97,119.9
O0003664,CUST00472,2024-07-07,P0043,1,0.0,UPI,Electronics,364.08,156.96,364.08,0.0,364.08,156.96,207.12
O0003689,CUST00257,2024-07-07,P0032,2,0.05,Card,Electronics,325.98,157.6,651.96,32.6,619.36,315.2,304.16
O0004716,CUST00082,2024-07-07,P0022,1,0.0,COD,Electronics,326.52,146.8,326.52,0.0,326.52,146.8,179.72
O0001634,CUST00358,2024-07-07,P0008,4,0.15,UPI,Fashion,152.63,75.07,610.52,91.58,518.94,300.28,218.66
O0002993,CUST00469,2024-07-07,P0036,3,0.05,Net Banking,Home,308.75,157.97,926.25,46.31,879.94,473.91,406.03
O0004812,CUST00441,2024-07-08,P0010,2,0.05,Card,Grocery,158.28,88.17,316.56,15.83,300.73,176.34,124.39
O0002855,CUST00316,2024-07-08,P0032,2,0.1,Card,Electronics,325.98,157.6,651.96,65.2,586.76,315.2,271.56
O0000402,CUST00496,2024-07-08,P0032,3,0.05,COD,Electronics,325.98,157.6,977.94,48.9,929.04,472.8,456.24
O0003951,CUST00319,2024-07-08,P0025,1,0.1,Net Banking,Fashion,234.0,111.05,234.0,23.4,210.6,111.05,99.55
O0004994,CUST00621,2024-07-09,P0006,1,0.05,Card,Beauty,192.36,150.65,192.36,9.62,182.74,150.65,32.09
O0004404,CUST00200,2024-07-09,P0011,2,0.0,COD,Electronics,158.87,121.21,317.74,0.0,317.74,242.42,75.32
O0000464,CUST00210,2024-07-09,P0037,2,0.05,COD,Fashion,32.76,22.26,65.52,3.28,62.24,44.52,17.72
O0000520,CUST00224,2024-07-09,P0020,3,0.0,UPI,Home,149.95,68.06,449.85,0.0,449.85,204.18,245.67
O0001289,CUST00124,2024-07-09,P0023,2,0.05,COD,Fashion,67.68,45.5,135.36,6.77,128.59,91.0,37.59
O0004216,CUST00175,2024-07-09,P0022,1,0.0,Card,Electronics,326.52,146.8,326.52,0.0,326.52,146.8,179.72
O0004209,CUST00524,2024-07-10,P0019,1,0.2,Wallet,Electronics,148.06,96.56,148.06,29.61,118.45,96.56,21.89
O0002393,CUST00575,2024-07-10,P0012,1,0.05,Wallet,Electronics,216.75,132.72,216.75,10.84,205.91,132.72,73.19
O0000863,CUST00544,2024-07-10,P0015,4,0.1,UPI,Fashion,43.69,25.91,174.76,17.48,157.28,103.64,53.64
O0002306,CUST00255,2024-07-10,P0040,2,0.05,Card,Grocery,83.65,51.18,167.3,8.36,158.94,102.36,56.58
O0001978,CUST00049,2024-07-10,P0005,2,0.05,COD,Electronics,273.97,126.69,547.94,27.4,520.54,253.38,267.16
O0001593,CUST00475,2024-07-11,P0040,2,0.1,Card,Grocery,83.65,51.18,167.3,16.73,150.57,102.36,48.21
O0001133,CUST00414,2024-07-11,P0033,1,0.2,COD,Fashion,112.86,61.51,112.86,22.57,90.29,61.51,28.78
O0003517,CUST00542,2024-07-11,P0042,4,0.05,Wallet,Fashion,92.99,66.18,371.96,18.6,353.36,264.72,88.64
O0002572,CUST00625,2024-07-11,P0021,1,0.0,UPI,Beauty,264.24,127.61,264.24,0.0,264.24,127.61,136.63
O0004094,CUST00566,2024-07-11,P0006,3,0.1,Wallet,Beauty,192.36,150.65,577.08,57.71,519.37,451.95,67.42
O0003948,CUST00218,2024-07-11,P0018,2,0.1,COD,Beauty,175.93,84.8,351.86,35.19,316.67,169.6,147.07
O0001078,CUST00559,2024-07-11,P0016,1,0.1,UPI,Fashion,101.27,44.23,101.27,10.13,91.14,44.23,46.91
O0005067,CUST00261,2024-07-11,P0020,2,0.05,UPI,Home,149.95,68.06,299.9,15.0,284.9,136.12,148.78
O0004884,CUST00428,2024-07-12,P0011,2,0.2,Card,Electronics,158.87,121.21,317.74,63.55,254.19,242.42,11.77
O0004544,CUST00162,2024-07-12,P0040,4,0.0,Card,Grocery,83.65,51.18,334.6,0.0,334.6,204.72,129.88
O0003284,CUST00179,2024-07-12,P0013,1,0.0,Card,Grocery,268.38,121.9,268.38,0.0,268.38,121.9,146.48
O0001705,CUST00398,2024-07-12,P0029,1,0.0,Card,Home,354.92,154.02,354.92,0.0,354.92,154.02,200.9
O0002680,CUST00392,2024-07-12,P0038,3,0.1,UPI,Fashion,157.39,70.68,472.17,47.22,424.95,212.04,212.91
O0000306,CUST00557,2024-07-12,P0036,4,0.1,Card,Home,308.75,157.97,1235.0,123.5,1111.5,631.88,479.62
O0004750,CUST00155,2024-07-12,P0041,1,0.05,Card,Grocery,240.98,127.74,240.98,12.05,228.93,127.74,101.19
O0001340,CUST00294,2024-07-12,P0027,2,0.1,Net Banking,Electronics,55.13,36.66,110.26,11.03,99.23,73.32,25.91
O0001021,CUST00579,2024-07-12,P0045,1,0.0,COD,Grocery,121.81,53.8,121.81,0.0,121.81,53.8,68.01
O0004385,CUST00220,2024-07-13,P0032,1,0.15,UPI,Electronics,325.98,157.6,325.98,48.9,277.08,157.6,119.48
O0001420,CUST00298,2024-07-13,P0009,2,0.0,Wallet,Fashion,264.14,141.26,528.28,0.0,528.28,282.52,245.76
O0004066,CUST00472,2024-07-13,P0018,2,0.0,Net Banking,Beauty,175.93,84.8,351.86,0.0,351.86,169.6,182.26
O0002579,CUST00404,2024-07-13,P0009,2,0.1,Card,Fashion,264.14,141.26,528.28,52.83,475.45,282.52,192.93
O0005129,CUST00099,2024-07-13,P0039,1,0.0,Wallet,Electronics,302.32,141.08,302.32,0.0,302.32,141.08,161.24
O0003683,CUST00094,2024-07-13,P0035,1,0.0,UPI,Home,139.63,80.04,139.63,0.0,139.63,80.04,59.59
O0000011,CUST00568,2024-07-13,P0016,4,0.1,COD,Fashion,101.27,44.23,405.08,40.51,364.57,176.92,187.65
O0001069,CUST00201,2024-07-14,P0014,1,0.0,UPI,Electronics,66.45,51.75,66.45,0.0,66.45,51.75,14.7
O0003925,CUST00199,2024-07-14,P0038,3,0.2,Card,Fashion,157.39,70.68,472.17,94.43,377.74,212.04,165.7
O0003604,CUST00267,2024-07-14,P0022,1,0.15,Card,Electronics,326.52,146.8,326.52,48.98,277.54,146.8,130.74
O0004978,CUST00413,2024-07-14,P0004,4,0.05,Card,Home,54.29,27.5,217.16,10.86,206.3,110.0,96.3
O0004558,CUST00545,2024-07-14,P0001,4,0.0,Wallet,Fashion,114.26,54.48,457.04,0.0,457.04,217.92,239.12
O0000153,CUST00177,2024-07-14,P0018,1,0.0,Net Banking,Beauty,175.93,84.8,175.93,0.0,175.93,84.8,91.13
O0004221,CUST00238,2024-07-14,P0003,3,0.2,Wallet,Home,236.77,123.51,710.31,142.06,568.25,370.53,197.72
O0001071,CUST00020,2024-07-14,P0042,2,0.0,COD,Fashion,92.99,66.18,185.98,0.0,185.98,132.36,53.62
O0001643,CUST00377,2024-07-15,P0031,3,0.05,UPI,Electronics,287.51,147.51,862.53,43.13,819.4,442.53,376.87
O0000789,CUST00070,2024-07-15,P0034,1,0.1,Card,Electronics,186.26,105.01,186.26,18.63,167.63,105.01,62.62
O0002503,CUST00263,2024-07-15,P0017,1,0.1,Wallet,Home,110.28,84.44,110.28,11.03,99.25,84.44,14.81
O0002107,CUST00266,2024-07-15,P0027,2,0.05,UPI,Electronics,55.13,36.66,110.26,5.51,104.75,73.32,31.43
O0001445,CUST00605,2024-07-15,P0014,1,0.0,Net Banking,Electronics,66.45,51.75,66.45,0.0,66.45,51.75,14.7
O0001379,CUST00497,2024-07-16,P0037,4,0.0,Card,Fashion,32.76,22.26,131.04,0.0,131.04,89.04,42.0
O0002907,CUST00063,2024-07-16,P0003,1,0.0,UPI,Home,236.77,123.51,236.77,0.0,236.77,123.51,113.26
O0000760,CUST00252,2024-07-16,P0024,1,0.1,Wallet,Grocery,220.04,119.95,220.04,22.0,198.04,119.95,78.09
O0002609,CUST00490,2024-07-16,P0039,1,0.0,Card,Electronics,302.32,141.08,302.32,0.0,302.32,141.08,161.24
O0001541,CUST00396,2024-07-16,P0008,1,0.1,UPI,Fashion,152.63,75.07,152.63,15.26,137.37,75.07,62.3
O0001763,CUST00156,2024-07-16,P0018,4,0.1,UPI,Beauty,175.93,84.8,703.72,70.37,633.35,339.2,294.15
O0000772,CUST00574,2024-07-16,P0040,4,0.0,Card,Grocery,83.65,51.18,334.6,0.0,334.6,204.72,129.88
O0003381,CUST00120,2024-07-17,P0027,1,0.15,UPI,Electronics,55.13,36.66,55.13,8.27,46.86,36.66,10.2
O0004843,CUST00414,2024-07-17,P0005,1,0.0,Wallet,Electronics,273.97,126.69,273.97,0.0,273.97,126.69,147.28
O0001171,CUST00575,2024-07-17,P0006,2,0.05,UPI,Beauty,192.36,150.65,384.72,19.24,365.48,301.3,64.18
O0000568,CUST00070,2024-07-17,P0026,2,0.0,UPI,Electronics,133.04,87.51,266.08,0.0,266.08,175.02,91.06
O0003122,CUST00212,2024-07-18,P0025,1,0.05,Card,Fashion,234.0,111.05,234.0,11.7,222.3,111.05,111.25
O0004958,CUST00200,2024-07-18,P0026,4,0.1,COD,Electronics,133.04,87.51,532.16,53.22,478.94,350.04,128.9
O0000947,CUST00271,2024-07-18,P0016,3,0.2,UPI,Fashion,101.27,44.23,303.81,60.76,243.05,132.69,110.36
O0002123,CUST00071,2024-07-18,P0032,1,0.0,Net Banking,Electronics,325.98,157.6,325.98,0.0,325.98,157.6,168.38
O0002172,CUST00441,2024-07-18,P0032,3,0.0,Net Banking,Electronics,325.98,157.6,977.94,0.0,977.94,472.8,505.14
O0004195,CUST00557,2024-07-19,P0011,1,0.0,UPI,Electronics,158.87,121.21,158.87,0.0,158.87,121.21,37.66
O0000718,CUST00598,2024-07-19,P0002,1,0.0,COD,Electronics,165.42,102.08,165.42,0.0,165.42,102.08,63.34
O0004146,CUST00275,2024-07-19,P0004,1,0.1,Card,Home,54.29,27.5,54.29,5.43,48.86,27.5,21.36
O0002701,CUST00146,2024-07-19,P0037,3,0.0,UPI,Fashion,32.76,22.26,98.28,0.0,98.28,66.78,31.5
O0002338,CUST00091,2024-07-19,P0003,3,0.05,UPI,Home,236.77,123.51,710.31,35.52,674.79,370.53,304.26
O0003714,CUST00413,2024-07-19,P0008,3,0.05,Card,Fashion,152.63,75.07,457.89,22.89,435.0,225.21,209.79
O0003843,CUST00378,2024-07-19,P0007,2,0.1,UPI,Grocery,177.14,118.71,354.28,35.43,318.85,237.42,81.43
O0000648,CUST00486,2024-07-20,P0023,1,0.0,Net Banking,Fashion,67.68,45.5,67.68,0.0,67.68,45.5,22.18
O0001355,CUST00237,2024-07-20,P0035,1,0.1,COD,Home,139.63,80.04,139.63,13.96,125.67,80.04,45.63
O0002725,CUST00026,2024-07-20,P0005,1,0.0,Card,Electronics,273.97,126.69,273.97,0.0,273.97,126.69,147.28
O0004377,CUST00176,2024-07-20,P0005,4,0.1,Card,Electronics,273.97,126.69,1095.88,109.59,986.29,506.76,479.53
O0001091,CUST00541,2024-07-20,P0044,1,0.0,UPI,Home,319.2,142.3,319.2,0.0,319.2,142.3,176.9
O0001009,CUST00534,2024-07-21,P0022,1,0.05,UPI,Electronics,326.52,146.8,326.52,16.33,310.19,146.8,163.39
O0002331,CUST00277,2024-07-21,P0042,3,0.0,UPI,Fashion,92.99,66.18,278.97,0.0,278.97,198.54,80.43
O0001968,CUST00245,2024-07-22,P0023,2,0.1,UPI,Fashion,67.68,45.5,135.36,13.54,121.82,91.0,30.82
O0000570,CUST00194,2024-07-22,P0040,3,0.0,Wallet,Grocery,83.65,51.18,250.95,0.0,250.95,153.54,97.41
O0001587,CUST00352,2024-07-22,P0034,4,0.05,UPI,Electronics,186.26,105.01,745.04,37.25,707.79,420.04,287.75
O0004829,CUST00472,2024-07-22,P0009,3,0.0,UPI,Fashion,264.14,141.26,792.42,0.0,792.42,423.78,368.64
O0002588,CUST00328,2024-07-22,P0040,2,0.05,Net Banking,Grocery,83.65,51.18,167.3,8.36,158.94,102.36,56.58
O0004690,CUST00017,2024-07-22,P0002,3,0.0,Card,Electronics,165.42,102.08,496.26,0.0,496.26,306.24,190.02
O0002120,CUST00643,2024-07-22,P0023,3,0.0,UPI,Fashion,67.68,45.5,203.04,0.0,203.04,136.5,66.54
O0005198,CUST00419,2024-07-22,P0038,3,0.05,Card,Fashion,157.39,70.68,472.17,23.61,448.56,212.04,236.52
O0000258,CUST00057,2024-07-22,P0008,3,0.0,UPI,Fashion,152.63,75.07,457.89,0.0,457.89,225.21,232.68
O0003677,CUST00281,2024-07-22,P0025,1,0.15,UPI,Fashion,234.0,111.05,234.0,35.1,198.9,111.05,87.85
O0002654,CUST00444,2024-07-23,P0021,1,0.15,Card,Beauty,264.24,127.61,264.24,39.64,224.6,127.61,96.99
O0000119,CUST00623,2024-07-23,P0018,1,0.05,UPI,Beauty,175.93,84.8,175.93,8.8,167.13,84.8,82.33
O0000921,CUST00412,2024-07-23,P0020,3,0.05,COD,Home,149.95,68.06,449.85,22.49,427.36,204.18,223.18
O0000403,CUST00056,2024-07-23,P0010,1,0.0,Card,Grocery,158.28,88.17,158.28,0.0,158.28,88.17,70.11
O0000204,CUST00216,2024-07-23,P0011,2,0.2,Card,Electronics,158.87,121.21,317.74,63.55,254.19,242.42,11.77
O0004651,CUST00120,2024-07-23,P0041,3,0.15,UPI,Grocery,240.98,127.74,722.94,108.44,614.5,383.22,231.28
O0003005,CUST00363,2024-07-23,P0017,2,0.1,UPI,Home,110.28,84.44,220.56,22.06,198.5,168.88,29.62
O0001641,CUST00350,2024-07-23,P0006,2,0.0,Net Banking,Beauty,192.36,150.65,384.72,0.0,384.72,301.3,83.42
O0000088,CUST00250,2024-07-23,P0020,2,0.2,UPI,Home,149.95,68.06,299.9,59.98,239.92,136.12,103.8
O0003263,CUST00388,2024-07-23,P0008,2,0.0,Card,Fashion,152.63,75.07,305.26,0.0,305.26,150.14,155.12
O0000850,CUST00429,2024-07-23,P0026,2,0.15,UPI,Electronics,133.04,87.51,266.08,39.91,226.17,175.02,51.15
O0003208,CUST00144,2024-07-24,P0008,2,0.0,Card,Fashion,152.63,75.07,305.26,0.0,305.26,150.14,155.12
O0001220,CUST00150,2024-07-24,P0035,1,0.0,UPI,Home,139.63,80.04,139.63,0.0,139.63,80.04,59.59
O0003613,CUST00560,2024-07-24,P0023,1,0.05,UPI,Fashion,67.68,45.5,67.68,3.38,64.3,45.5,18.8
O0001504,CUST00608,2024-07-24,P0032,4,0.2,Card,Electronics,325.98,157.6,1303.92,260.78,1043.14,630.4,412.74
O0004896,CUST00181,2024-07-24,P0021,4,0.15,Card,Beauty,264.24,127.61,1056.96,158.54,898.42,510.44,387.98
O0001110,CUST00594,2024-07-24,P0003,4,0.1,UPI,Home,236.77,123.51,947.08,94.71,852.37,494.04,358.33
O0004223,CUST00516,2024-07-25,P0035,4,0.05,COD,Home,139.63,80.04,558.52,27.93,530.59,320.16,210.43
O0002138,CUST00253,2024-07-25,P0032,4,0.0,UPI,Electronics,325.98,157.6,1303.92,0.0,1303.92,630.4,673.52
O0004112,CUST00388,2024-07-25,P0006,1,0.1,Card,Beauty,192.36,150.65,192.36,19.24,173.12,150.65,22.47
O0001890,CUST00413,2024-07-25,P0032,1,0.0,Card,Electronics,325.98,157.6,325.98,0.0,325.98,157.6,168.38
O0000269,CUST00249,2024-07-25,P0034,3,0.1,Card,Electronics,186.26,105.01,558.78,55.88,502.9,315.03,187.87
O0003375,CUST00188,2024-07-25,P0006,2,0.0,UPI,Beauty,192.36,150.65,384.72,0.0,384.72,301.3,83.42
O0000196,CUST00563,2024-07-25,P0044,2,0.15,COD,Home,319.2,142.3,638.4,95.76,542.64,284.6,258.04
O0003465,CUST00542,2024-07-26,P0011,1,0.05,UPI,Electronics,158.87,121.21,158.87,7.94,150.93,121.21,29.72
O0003290,CUST00193,2024-07-26,P0036,2,0.0,Card,Home,308.75,157.97,617.5,0.0,617.5,315.94,301.56
O0003120,CUST00532,2024-07-26,P0014,1,0.0,UPI,Electronics,66.45,51.75,66.45,0.0,66.45,51.75,14.7
O0002095,CUST00574,2024-07-26,P0030,4,0.2,UPI,Grocery,239.09,117.72,956.36,191.27,765.09,470.88,294.21
O0000528,CUST00048,2024-07-26,P0036,1,0.05,UPI,Home,308.75,157.97,308.75,15.44,293.31,157.97,135.34
O0002361,CUST00401,2024-07-26,P0002,4,0.15,Card,Electronics,165.42,102.08,661.68,99.25,562.43,408.32,154.11
O0003505,CUST00582,2024-07-26,P0042,4,0.15,Wallet,Fashion,92.99,66.18,371.96,55.79,316.17,264.72,51.45
O0000991,CUST00279,2024-07-26,P0037,3,0.0,UPI,Fashion,32.76,22.26,98.28,0.0,98.28,66.78,31.5
O0003458,CUST00527,2024-07-26,P0038,2,0.1,UPI,Fashion,157.39,70.68,314.78,31.48,283.3,141.36,141.94
O0004231,CUST00388,2024-07-27,P0041,2,0.1,Wallet,Grocery,240.98,127.74,481.96,48.2,433.76,255.48,178.28
O0003823,CUST00494,2024-07-27,P0045,1,0.0,UPI,Grocery,121.81,53.8,121.81,0.0,121.81,53.8,68.01
O0005137,CUST00230,2024-07-28,P0029,4,0.0,Card,Home,354.92,154.02,1419.68,0.0,1419.68,616.08,803.6
O0002842,CUST00495,2024-07-28,P0017,1,0.0,UPI,Home,110.28,84.44,110.28,0.0,110.28,84.44,25.84
O0004287,CUST00592,2024-07-28,P0034,1,0.05,COD,Electronics,186.26,105.01,186.26,9.31,176.95,105.01,71.94
O0000331,CUST00535,2024-07-28,P0016,2,0.0,COD,Fashion,101.27,44.23,202.54,0.0,202.54,88.46,114.08
O0000259,CUST00382,2024-07-29,P0008,1,0.1,UPI,Fashion,152.63,75.07,152.63,15.26,137.37,75.07,62.3
O0002475,CUST00309,2024-07-29,P0019,1,0.1,Card,Electronics,148.06,96.56,148.06,14.81,133.25,96.56,36.69
O0001318,CUST00205,2024-07-29,P0023,2,0.05,COD,Fashion,67.68,45.5,135.36,6.77,128.59,91.0,37.59
O0000268,CUST00575,2024-07-29,P0018,1,0.0,UPI,Beauty,175.93,84.8,175.93,0.0,175.93,84.8,91.13
O0003483,CUST00288,2024-07-29,P0014,3,0.0,UPI,Electronics,66.45,51.75,199.35,0.0,199.35,155.25,44.1
O0002197,CUST00399,2024-07-29,P0044,1,0.05,Net Banking,Home,319.2,142.3,319.2,15.96,303.24,142.3,160.94
O0002831,CUST00562,2024-07-30,P0014,2,0.1,COD,Electronics,66.45,51.75,132.9,13.29,119.61,103.5,16.11
O0005103,CUST00239,2024-07-30,P0006,3,0.15,Wallet,Beauty,192.36,150.65,577.08,86.56,490.52,451.95,38.57
O0001563,CUST00422,2024-07-30,P0013,1,0.05,UPI,Grocery,268.38,121.9,268.38,13.42,254.96,121.9,133.06
O0002727,CUST00529,2024-07-30,P0039,1,0.15,Card,Electronics,302.32,141.08,302.32,45.35,256.97,141.08,115.89
O0003559,CUST00631,2024-07-30,P0006,4,0.1,Card,Beauty,192.36,150.65,769.44,76.94,692.5,602.6,89.9
O0002614,CUST00543,2024-07-30,P0013,1,0.05,COD,Grocery,268.38,121.9,268.38,13.42,254.96,121.9,133.06
O0004153,CUST00289,2024-07-31,P0002,3,0.15,UPI,Electronics,165.42,102.08,496.26,74.44,421.82,306.24,115.58
O0005028,CUST00224,2024-07-31,P0009,1,0.2,COD,Fashion,264.14,141.26,264.14,52.83,211.31,141.26,70.05
O0000689,CUST00242,2024-07-31,P0020,2,0.05,Card,Home,149.95,68.06,299.9,15.0,284.9,136.12,148.78
O0003782,CUST00261,2024-07-31,P0031,1,0.0,UPI,Electronics,287.51,147.51,287.51,0.0,287.51,147.51,140.0
O0003118,CUST00109,2024-07-31,P0043,2,0.0,Net Banking,Electronics,364.08,156.96,728.16,0.0,728.16,313.92,414.24
O0004860,CUST00293,2024-07-31,P0008,3,0.1,UPI,Fashion,152.63,75.07,457.89,45.79,412.1,225.21,186.89
O0003499,CUST00114,2024-07-31,P0019,4,0.0,Wallet,Electronics,148.06,96.56,592.24,0.0,592.24,386.24,206.0
O0003228,CUST00161,2024-07-31,P0029,1,0.05,UPI,Home,354.92,154.02,354.92,17.75,337.17,154.02,183.15
O0001205,CUST00239,2024-08-01,P0025,2,0.05,COD,Fashion,234.0,111.05,468.0,23.4,444.6,222.1,222.5
O0001847,CUST00416,2024-08-01,P0023,1,0.1,COD,Fashion,67.68,45.5,67.68,6.77,60.91,45.5,15.41
O0003551,CUST00208,2024-08-01,P0027,4,0.0,Card,Electronics,55.13,36.66,220.52,0.0,220.52,146.64,73.88
O0003081,CUST00092,2024-08-01,P0008,3,0.05,Net Banking,Fashion,152.63,75.07,457.89,22.89,435.0,225.21,209.79
O0001630,CUST00281,2024-08-01,P0029,1,0.0,COD,Home,354.92,154.02,354.92,0.0,354.92,154.02,200.9
O0004592,CUST00632,2024-08-01,P0041,1,0.0,UPI,Grocery,240.98,127.74,240.98,0.0,240.98,127.74,113.24
O0002774,CUST00254,2024-08-01,P0028,4,0.15,Card,Electronics,164.95,128.88,659.8,98.97,560.83,515.52,45.31
O0002339,CUST00634,2024-08-01,P0005,3,0.1,UPI,Electronics,273.97,126.69,821.91,82.19,739.72,380.07,359.65
O0004862,CUST00063,2024-08-01,P0028,1,0.0,Card,Electronics,164.95,128.88,164.95,0.0,164.95,128.88,36.07
O0004339,CUST00356,2024-08-01,P0021,1,0.0,UPI,Beauty,264.24,127.61,264.24,0.0,264.24,127.61,136.63
O0000077,CUST00344,2024-08-02,P0011,1,0.0,Card,Electronics,158.87,121.21,158.87,0.0,158.87,121.21,37.66
O0001027,CUST00405,2024-08-02,P0041,1,0.0,Net Banking,Grocery,240.98,127.74,240.98,0.0,240.98,127.74,113.24
O0001241,CUST00013,2024-08-02,P0016,1,0.1,Card,Fashion,101.27,44.23,101.27,10.13,91.14,44.23,46.91
O0001644,CUST00479,2024-08-02,P0008,1,0.1,COD,Fashion,152.63,75.07,152.63,15.26,137.37,75.07,62.3
O0004778,CUST00557,2024-08-02,P0011,3,0.0,Card,Electronics,158.87,121.21,476.61,0.0,476.61,363.63,112.98
O0002971,CUST00243,2024-08-02,P0039,2,0.15,Wallet,Electronics,302.32,141.08,604.64,90.7,513.94,282.16,231.78
O0000074,CUST00625,2024-08-02,P0013,2,0.0,UPI,Grocery,268.38,121.9,536.76,0.0,536.76,243.8,292.96
O0000223,CUST00429,2024-08-02,P0023,1,0.1,Wallet,Fashion,67.68,45.5,67.68,6.77,60.91,45.5,15.41
O0000693,CUST00326,2024-08-02,P0023,2,0.1,UPI,Fashion,67.68,45.5,135.36,13.54,121.82,91.0,30.82
O0003995,CUST00372,2024-08-02,P0037,2,0.2,UPI,Fashion,32.76,22.26,65.52,13.1,52.42,44.52,7.9
O0000583,CUST00134,2024-08-02,P0011,2,0.15,COD,Electronics,158.87,121.21,317.74,47.66,270.08,242.42,27.66
O0000273,CUST00544,2024-08-03,P0034,2,0.0,COD,Electronics,186.26,105.01,372.52,0.0,372.52,210.02,162.5
O0004580,CUST00100,2024-08-03,P0029,2,0.15,Net Banking,Home,354.92,154.02,709.84,106.48,603.36,308.04,295.32
O0001728,CUST00476,2024-08-03,P0042,1,0.1,UPI,Fashion,92.99,66.18,92.99,9.3,83.69,66.18,17.51
O0004678,CUST00201,2024-08-03,P0014,1,0.1,Card,Electronics,66.45,51.75,66.45,6.64,59.81,51.75,8.06
O0001325,CUST00316,2024-08-03,P0013,4,0.2,Card,Grocery,268.38,121.9,1073.52,214.7,858.82,487.6,371.22
O0005096,CUST00630,2024-08-03,P0012,2,0.15,UPI,Electronics,216.75,132.72,433.5,65.02,368.48,265.44,103.04
O0002433,CUST00475,2024-08-03,P0034,4,0.2,Wallet,Electronics,186.26,105.01,745.04,149.01,596.03,420.04,175.99
O0001148,CUST00165,2024-08-03,P0007,1,0.0,COD,Grocery,177.14,118.71,177.14,0.0,177.14,118.71,58.43
O0002526,CUST00049,2024-08-03,P0035,1,0.2,UPI,Home,139.63,80.04,139.63,27.93,111.7,80.04,31.66
O0004625,CUST00532,2024-08-03,P0040,4,0.2,Wallet,Grocery,83.65,51.18,334.6,66.92,267.68,204.72,62.96
O0002321,CUST00230,2024-08-03,P0019,3,0.1,COD,Electronics,148.06,96.56,444.18,44.42,399.76,289.68,110.08
O0000959,CUST00020,2024-08-04,P0038,4,0.2,Card,Fashion,157.39,70.68,629.56,125.91,503.65,282.72,220.93
O0000143,CUST00232,2024-08-04,P0006,4,0.0,Wallet,Beauty,192.36,150.65,769.44,0.0,769.44,602.6,166.84
O0000807,CUST00183,2024-08-04,P0015,4,0.0,UPI,Fashion,43.69,25.91,174.76,0.0,174.76,103.64,71.12
O0003793,CUST00384,2024-08-04,P0045,2,0.0,UPI,Grocery,121.81,53.8,243.62,0.0,243.62,107.6,136.02
O0004510,CUST00348,2024-08-05,P0025,1,0.2,Card,Fashion,234.0,111.05,234.0,46.8,187.2,111.05,76.15
O0003470,CUST00054,2024-08-05,P0011,4,0.15,COD,Electronics,158.87,121.21,635.48,95.32,540.16,484.84,55.32
O0002708,CUST00345,2024-08-05,P0013,1,0.0,Card,Grocery,268.38,121.9,268.38,0.0,268.38,121.9,146.48
O0000059,CUST00110,2024-08-05,P0020,2,0.0,COD,Home,149.95,68.06,299.9,0.0,299.9,136.12,163.78
O0001196,CUST00356,2024-08-05,P0037,1,0.1,UPI,Fashion,32.76,22.26,32.76,3.28,29.48,22.26,7.22
O0004107,CUST00110,2024-08-05,P0019,2,0.0,UPI,Electronics,148.06,96.56,296.12,0.0,296.12,193.12,103.0
O0004116,CUST00550,2024-08-05,P0001,3,0.05,Wallet,Fashion,114.26,54.48,342.78,17.14,325.64,163.44,162.2
O0003385,CUST00256,2024-08-05,P0016,1,0.1,Wallet,Fashion,101.27,44.23,101.27,10.13,91.14,44.23,46.91
O0000161,CUST00579,2024-08-05,P0004,1,0.15,Card,Home,54.29,27.5,54.29,8.14,46.15,27.5,18.65
O0000452,CUST00424,2024-08-06,P0031,1,0.0,COD,Electronics,287.51,147.51,287.51,0.0,287.51,147.51,140.0
O0000075,CUST00378,2024-08-06,P0033,4,0.1,UPI,Fashion,112.86,61.51,451.44,45.14,406.3,246.04,160.26
O0003728,CUST00335,2024-08-06,P0026,1,0.05,Card,Electronics,133.04,87.51,133.04,6.65,126.39,87.51,38.88
O0005040,CUST00561,2024-08-06,P0012,1,0.0,Card,Electronics,216.75,132.72,216.75,0.0,216.75,132.72,84.03
O0001274,CUST00559,2024-08-06,P0035,1,0.0,COD,Home,139.63,80.04,139.63,0.0,139.63,80.04,59.59
O0000845,CUST00160,2024-08-06,P0017,1,0.0,Net Banking,Home,110.28,84.44,110.28,0.0,110.28,84.44,25.84
O0000061,CUST00215,2024-08-06,P0027,2,0.05,UPI,Electronics,55.13,36.66,110.26,5.51,104.75,73.32,31.43
O0002134,CUST00289,2024-08-06,P0003,3,0.0,Wallet,Home,236.77,123.51,710.31,0.0,710.31,370.53,339.78
O0000364,CUST00583,2024-08-06,P0009,1,0.2,Card,Fashion,264.14,141.26,264.14,52.83,211.31,141.26,70.05
O0002313,CUST00497,2024-08-07,P0004,3,0.0,Net Banking,Home,54.29,27.5,162.87,0.0,162.87,82.5,80.37
O0000413,CUST00220,2024-08-07,P0011,2,0.05,Wallet,Electronics,158.87,121.21,317.74,15.89,301.85,242.42,59.43
O0000557,CUST00390,2024-08-07,P0036,1,0.05,UPI,Home,308.75,157.97,308.75,15.44,293.31,157.97,135.34
O0001125,CUST00479,2024-08-07,P0029,3,0.05,UPI,Home,354.92,154.02,1064.76,53.24,1011.52,462.06,549.46
O0000547,CUST00294,2024-08-07,P0026,3,0.0,Wallet,Electronics,133.04,87.51,399.12,0.0,399.12,262.53,136.59
O0002551,CUST00241,2024-08-07,P0040,4,0.0,Wallet,Grocery,83.65,51.18,334.6,0.0,334.6,204.72,129.88
O0004972,CUST00547,2024-08-07,P0026,2,0.1,UPI,Electronics,133.04,87.51,266.08,26.61,239.47,175.02,64.45
O0003776,CUST00099,2024-08-07,P0028,3,0.05,Card,Electronics,164.95,128.88,494.85,24.74,470.11,386.64,83.47
O0004790,CUST00355,2024-08-08,P0024,2,0.1,Wallet,Grocery,220.04,119.95,440.08,44.01,396.07,239.9,156.17
O0003498,CUST00454,2024-08-08,P0006,1,0.1,Wallet,Beauty,192.36,150.65,192.36,19.24,173.12,150.65,22.47
O0001785,CUST00131,2024-08-08,P0039,4,0.2,Card,Electronics,302.32,141.08,1209.28,241.86,967.42,564.32,403.1
O0004480,CUST00527,2024-08-08,P0043,2,0.1,Card,Electronics,364.08,156.96,728.16,72.82,655.34,313.92,341.42
O0000803,CUST00429,2024-08-08,P0007,3,0.2,Net Banking,Grocery,177.14,118.71,531.42,106.28,425.14,356.13,69.01
O0004872,CUST00376,2024-08-08,P0034,3,0.0,UPI,Electronics,186.26,105.01,558.78,0.0,558.78,315.03,243.75
O0000500,CUST00239,2024-08-08,P0014,1,0.15,Net Banking,Electronics,66.45,51.75,66.45,9.97,56.48,51.75,4.73
O0001042,CUST00631,2024-08-09,P0045,1,0.0,UPI,Grocery,121.81,53.8,121.81,0.0,121.81,53.8,68.01
O0002057,CUST00280,2024-08-09,P0019,3,0.1,Card,Electronics,148.06,96.56,444.18,44.42,399.76,289.68,110.08
O0004441,CUST00457,2024-08-09,P0022,1,0.2,COD,Electronics,326.52,146.8,326.52,65.3,261.22,146.8,114.42
O0001131,CUST00253,2024-08-09,P0016,4,0.2,COD,Fashion,101.27,44.23,405.08,81.02,324.06,176.92,147.14
O0001288,CUST00146,2024-08-09,P0036,1,0.1,UPI,Home,308.75,157.97,308.75,30.88,277.87,157.97,119.9
O0003256,CUST00089,2024-08-09,P0010,1,0.1,Card,Grocery,158.28,88.17,158.28,15.83,142.45,88.17,54.28
O0001941,CUST00515,2024-08-09,P0037,2,0.0,Card,Fashion,32.76,22.26,65.52,0.0,65.52,44.52,21.0
O0004133,CUST00275,2024-08-09,P0040,1,0.0,Card,Grocery,83.65,51.18,83.65,0.0,83.65,51.18,32.47
O0004128,CUST00366,2024-08-09,P0044,1,0.1,Card,Home,319.2,142.3,319.2,31.92,287.28,142.3,144.98
O0003437,CUST00092,2024-08-09,P0004,2,0.0,UPI,Home,54.29,27.5,108.58,0.0,108.58,55.0,53.58
O0001586,CUST00598,2024-08-09,P0011,4,0.2,Card,Electronics,158.87,121.21,635.48,127.1,508.38,484.84,23.54
O0000368,CUST00245,2024-08-10,P0009,2,0.2,Card,Fashion,264.14,141.26,528.28,105.66,422.62,282.52,140.1
O0003828,CUST00584,2024-08-10,P0032,2,0.1,COD,Electronics,325.98,157.6,651.96,65.2,586.76,315.2,271.56
O0003632,CUST00288,2024-08-10,P0023,3,0.0,Net Banking,Fashion,67.68,45.5,203.04,0.0,203.04,136.5,66.54
O0003078,CUST00595,2024-08-10,P0034,2,0.0,COD,Electronics,186.26,105.01,372.52,0.0,372.52,210.02,162.5
O0002284,CUST00457,2024-08-10,P0004,1,0.0,Wallet,Home,54.29,27.5,54.29,0.0,54.29,27.5,26.79
O0001718,CUST00463,2024-08-10,P0039,3,0.0,UPI,Electronics,302.32,141.08,906.96,0.0,906.96,423.24,483.72
O0000998,CUST00524,2024-08-10,P0002,1,0.05,UPI,Electronics,165.42,102.08,165.42,8.27,157.15,102.08,55.07
O0003133,CUST00475,2024-08-11,P0023,1,0.1,Card,Fashion,67.68,45.5,67.68,6.77,60.91,45.5,15.41
O0003945,CUST00010,2024-08-11,P0020,2,0.0,Wallet,Home,149.95,68.06,299.9,0.0,299.9,136.12,163.78
O0003797,CUST00611,2024-08-11,P0018,1,0.1,Wallet,Beauty,175.93,84.8,175.93,17.59,158.34,84.8,73.54
O0000187,CUST00398,2024-08-11,P0035,2,0.05,Card,Home,139.63,80.04,279.26,13.96,265.3,160.08,105.22
O0004842,CUST00245,2024-08-11,P0018,1,0.0,Wallet,Beauty,175.93,84.8,175.93,0.0,175.93,84.8,91.13
O0003758,CUST00425,2024-08-11,P0029,4,0.1,COD,Home,354.92,154.02,1419.68,141.97,1277.71,616.08,661.63
O0005173,CUST00039,2024-08-12,P0023,4,0.0,COD,Fashion,67.68,45.5,270.72,0.0,270.72,182.0,88.72
O0000130,CUST00048,2024-08-12,P0015,3,0.05,Card,Fashion,43.69,25.91,131.07,6.55,124.52,77.73,46.79
O0003155,CUST00616,2024-08-12,P0022,2,0.1,Card,Electronics,326.52,146.8,653.04,65.3,587.74,293.6,294.14
O0002695,CUST00216,2024-08-12,P0039,1,0.0,Card,Electronics,302.32,141.08,302.32,0.0,302.32,141.08,161.24
O0002656,CUST00247,2024-08-12,P0031,1,0.15,COD,Electronics,287.51,147.51,287.51,43.13,244.38,147.51,96.87
O0001653,CUST00594,2024-08-12,P0042,1,0.05,UPI,Fashion,92.99,66.18,92.99,4.65,88.34,66.18,22.16
O0000411,CUST00341,2024-08-12,P0022,2,0.2,Card,Electronics,326.52,146.8,653.04,130.61,522.43,293.6,228.83
O0001336,CUST00575,2024-08-12,P0027,1,0.1,UPI,Electronics,55.13,36.66,55.13,5.51,49.62,36.66,12.96
O0004018,CUST00528,2024-08-13,P0032,2,0.05,Card,Electronics,325.98,157.6,651.96,32.6,619.36,315.2,304.16
O0000097,CUST00476,2024-08-13,P0030,1,0.1,UPI,Grocery,239.09,117.72,239.09,23.91,215.18,117.72,97.46
O0003136,CUST00611,2024-08-13,P0020,1,0.1,Wallet,Home,149.95,68.06,149.95,15.0,134.95,68.06,66.89
O0004295,CUST00540,2024-08-13,P0038,1,0.2,Wallet,Fashion,157.39,70.68,157.39,31.48,125.91,70.68,55.23
O0000613,CUST00468,2024-08-13,P0031,2,0.0,UPI,Electronics,287.51,147.51,575.02,0.0,575.02,295.02,280.0
O0004526,CUST00377,2024-08-13,P0006,2,0.05,COD,Beauty,192.36,150.65,384.72,19.24,365.48,301.3,64.18
O0003240,CUST00312,2024-08-13,P0044,4,0.05,Net Banking,Home,319.2,142.3,1276.8,63.84,1212.96,569.2,643.76
O0002868,CUST00364,2024-08-14,P0031,1,0.0,Card,Electronics,287.51,147.51,287.51,0.0,287.51,147.51,140.0
O0004711,CUST00175,2024-08-14,P0019,2,0.0,UPI,Electronics,148.06,96.56,296.12,0.0,296.12,193.12,103.0
O0001958,CUST00573,2024-08-14,P0030,2,0.2,UPI,Grocery,239.09,117.72,478.18,95.64,382.54,235.44,147.1
O0002981,CUST00035,2024-08-14,P0012,3,0.1,Card,Electronics,216.75,132.72,650.25,65.03,585.22,398.16,187.06
O0005041,CUST00387,2024-08-14,P0024,2,0.1,UPI,Grocery,220.04,119.95,440.08,44.01,396.07,239.9,156.17
O0003924,CUST00250,2024-08-14,P0035,2,0.0,Net Banking,Home,139.63,80.04,279.26,0.0,279.26,160.08,119.18
O0004076,CUST00562,2024-08-14,P0011,2,0.0,Card,Electronics,158.87,121.21,317.74,0.0,317.74,242.42,75.32
O0003309,CUST00583,2024-08-15,P0030,3,0.15,Card,Grocery,239.09,117.72,717.27,107.59,609.68,353.16,256.52
O0003392,CUST00407,2024-08-15,P0007,1,0.2,Card,Grocery,177.14,118.71,177.14,35.43,141.71,118.71,23.0
O0000021,CUST00073,2024-08-15,P0020,1,0.0,Card,Home,149.95,68.06,149.95,0.0,149.95,68.06,81.89
O0001926,CUST00022,2024-08-15,P0033,3,0.0,UPI,Fashion,112.86,61.51,338.58,0.0,338.58,184.53,154.05
O0004901,CUST00190,2024-08-15,P0007,1,0.0,Card,Grocery,177.14,118.71,177.14,0.0,177.14,118.71,58.43
O0003292,CUST00613,2024-08-15,P0035,2,0.1,Card,Home,139.63,80.04,279.26,27.93,251.33,160.08,91.25
O0004748,CUST00559,2024-08-16,P0034,2,0.1,COD,Electronics,186.26,105.01,372.52,37.25,335.27,210.02,125.25
O0003519,CUST00212,2024-08-16,P0030,1,0.0,Net Banking,Grocery,239.09,117.72,239.09,0.0,239.09,117.72,121.37
O0004912,CUST00323,2024-08-16,P0016,1,0.2,COD,Fashion,101.27,44.23,101.27,20.25,81.02,44.23,36.79
O0003736,CUST00441,2024-08-16,P0009,4,0.0,Card,Fashion,264.14,141.26,1056.56,0.0,1056.56,565.04,491.52
O0001463,CUST00176,2024-08-16,P0016,3,0.15,Card,Fashion,101.27,44.23,303.81,45.57,258.24,132.69,125.55
O0005050,CUST00468,2024-08-16,P0014,2,0.05,Net Banking,Electronics,66.45,51.75,132.9,6.64,126.26,103.5,22.76
O0000014,CUST00161,2024-08-16,P0007,2,0.0,Card,Grocery,177.14,118.71,354.28,0.0,354.28,237.42,116.86
O0003486,CUST00113,2024-08-16,P0011,1,0.05,COD,Electronics,158.87,121.21,158.87,7.94,150.93,121.21,29.72
O0000878,CUST00550,2024-08-16,P0034,1,0.05,Net Banking,Electronics,186.26,105.01,186.26,9.31,176.95,105.01,71.94
O0001804,CUST00595,2024-08-16,P0003,1,0.2,Net Banking,Home,236.77,123.51,236.77,47.35,189.42,123.51,65.91
O0002645,CUST00559,2024-08-17,P0021,1,0.1,UPI,Beauty,264.24,127.61,264.24,26.42,237.82,127.61,110.21
O0003961,CUST00183,2024-08-17,P0017,1,0.0,Wallet,Home,110.28,84.44,110.28,0.0,110.28,84.44,25.84
O0001448,CUST00089,2024-08-17,P0018,4,0.2,Card,Beauty,175.93,84.8,703.72,140.74,562.98,339.2,223.78
O0000332,CUST00454,2024-08-17,P0033,2,0.05,UPI,Fashion,112.86,61.51,225.72,11.29,214.43,123.02,91.41
O0001315,CUST00560,2024-08-17,P0002,1,0.1,Net Banking,Electronics,165.42,102.08,165.42,16.54,148.88,102.08,46.8
O0003609,CUST00352,2024-08-17,P0018,1,0.0,Card,Beauty,175.93,84.8,175.93,0.0,175.93,84.8,91.13
O0002517,CUST00564,2024-08-18,P0037,2,0.05,Card,Fashion,32.76,22.26,65.52,3.28,62.24,44.52,17.72
O0001375,CUST00454,2024-08-18,P0008,1,0.0,Net Banking,Fashion,152.63,75.07,152.63,0.0,152.63,75.07,77.56
O0001524,CUST00632,2024-08-18,P0017,1,0.1,UPI,Home,110.28,84.44,110.28,11.03,99.25,84.44,14.81
O0003754,CUST00189,2024-08-18,P0012,1,0.2,UPI,Electronics,216.75,132.72,216.75,43.35,173.4,132.72,40.68
O0000159,CUST00256,2024-08-18,P0008,2,0.0,Card,Fashion,152.63,75.07,305.26,0.0,305.26,150.14,155.12
O0002283,CUST00049,2024-08-18,P0033,4,0.05,Net Banking,Fashion,112.86,61.51,451.44,22.57,428.87,246.04,182.83
O0004075,CUST00356,2024-08-19,P0038,4,0.2,UPI,Fashion,157.39,70.68,629.56,125.91,503.65,282.72,220.93
O0003325,CUST00243,2024-08-19,P0001,1,0.0,Card,Fashion,114.26,54.48,114.26,0.0,114.26,54.48,59.78
O0002805,CUST00369,2024-08-19,P0025,2,0.1,Card,Fashion,234.0,111.05,468.0,46.8,421.2,222.1,199.1
O0004183,CUST00433,2024-08-19,P0007,1,0.15,UPI,Grocery,177.14,118.71,177.14,26.57,150.57,118.71,31.86
O0000567,CUST00355,2024-08-20,P0033,1,0.1,Card,Fashion,112.86,61.51,112.86,11.29,101.57,61.51,40.06
O0003064,CUST00422,2024-08-20,P0039,2,0.1,Card,Electronics,302.32,141.08,604.64,60.46,544.18,282.16,262.02
O0000437,CUST00584,2024-08-20,P0007,2,0.1,Net Banking,Grocery,177.14,118.71,354.28,35.43,318.85,237.42,81.43
O0003351,CUST00025,2024-08-20,P0016,4,0.1,COD,Fashion,101.27,44.23,405.08,40.51,364.57,176.92,187.65
O0004741,CUST00039,2024-08-20,P0014,3,0.0,UPI,Electronics,66.45,51.75,199.35,0.0,199.35,155.25,44.1
O0003564,CUST00399,2024-08-20,P0018,2,0.05,COD,Beauty,175.93,84.8,351.86,17.59,334.27,169.6,164.67
O0003266,CUST00557,2024-08-20,P0039,3,0.0,UPI,Electronics,302.32,141.08,906.96,0.0,906.96,423.24,483.72
O0003590,CUST00553,2024-08-20,P0013,1,0.05,UPI,Grocery,268.38,121.9,268.38,13.42,254.96,121.9,133.06
O0001044,CUST00151,2024-08-21,P0025,4,0.1,Net Banking,Fashion,234.0,111.05,936.0,93.6,842.4,444.2,398.2
O0002657,CUST00431,2024-08-21,P0007,3,0.05,Card,Grocery,177.14,118.71,531.42,26.57,504.85,356.13,148.72
O0001182,CUST00343,2024-08-21,P0033,3,0.1,Card,Fashion,112.86,61.51,338.58,33.86,304.72,184.53,120.19
O0000534,CUST00569,2024-08-21,P0030,2,0.0,Net Banking,Grocery,239.09,117.72,478.18,0.0,478.18,235.44,242.74
O0004503,CUST00627,2024-08-21,P0002,1,0.0,COD,Electronics,165.42,102.08,165.42,0.0,165.42,102.08,63.34
O0000132,CUST00400,2024-08-22,P0034,1,0.2,COD,Electronics,186.26,105.01,186.26,37.25,149.01,105.01,44.0
O0003515,CUST00047,2024-08-22,P0002,1,0.2,COD,Electronics,165.42,102.08,165.42,33.08,132.34,102.08,30.26
O0002204,CUST00175,2024-08-22,P0006,1,0.0,UPI,Beauty,192.36,150.65,192.36,0.0,192.36,150.65,41.71
O0004538,CUST00207,2024-08-22,P0042,1,0.1,UPI,Fashion,92.99,66.18,92.99,9.3,83.69,66.18,17.51
O0003532,CUST00401,2024-08-22,P0010,2,0.0,UPI,Grocery,158.28,88.17,316.56,0.0,316.56,176.34,140.22
O0002383,CUST00122,2024-08-22,P0029,3,0.1,COD,Home,354.92,154.02,1064.76,106.48,958.28,462.06,496.22
O0000965,CUST00364,2024-08-22,P0031,4,0.0,Wallet,Electronics,287.51,147.51,1150.04,0.0,1150.04,590.04,560.0
O0000536,CUST00643,2024-08-22,P0037,3,0.05,Card,Fashion,32.76,22.26,98.28,4.91,93.37,66.78,26.59
O0002752,CUST00575,2024-08-22,P0021,2,0.1,UPI,Beauty,264.24,127.61,528.48,52.85,475.63,255.22,220.41
O0002514,CUST00372,2024-08-22,P0004,1,0.0,Card,Home,54.29,27.5,54.29,0.0,54.29,27.5,26.79
O0001390,CUST00504,2024-08-22,P0029,3,0.0,COD,Home,354.92,154.02,1064.76,0.0,1064.76,462.06,602.7
O0001755,CUST00416,2024-08-22,P0009,1,0.05,COD,Fashion,264.14,141.26,264.14,13.21,250.93,141.26,109.67
O0004239,CUST00556,2024-08-23,P0007,4,0.1,Wallet,Grocery,177.14,118.71,708.56,70.86,637.7,474.84,162.86
O0000548,CUST00543,2024-08-23,P0021,2,0.15,Card,Beauty,264.24,127.61,528.48,79.27,449.21,255.22,193.99
O0001211,CUST00126,2024-08-24,P0045,1,0.1,Card,Grocery,121.81,53.8,121.81,12.18,109.63,53.8,55.83
O0004151,CUST00292,2024-08-24,P0009,2,0.1,Card,Fashion,264.14,141.26,528.28,52.83,475.45,282.52,192.93
O0002847,CUST00575,2024-08-25,P0029,1,0.05,COD,Home,354.92,154.02,354.92,17.75,337.17,154.02,183.15
O0001568,CUST00054,2024-08-25,P0020,1,0.05,Net Banking,Home,149.95,68.06,149.95,7.5,142.45,68.06,74.39
O0004703,CUST00610,2024-08-25,P0045,2,0.0,UPI,Grocery,121.81,53.8,243.62,0.0,243.62,107.6,136.02
O0004384,CUST00595,2024-08-25,P0022,2,0.2,Net Banking,Electronics,326.52,146.8,653.04,130.61,522.43,293.6,228.83
O0003491,CUST00334,2024-08-26,P0032,2,0.0,UPI,Electronics,325.98,157.6,651.96,0.0,651.96,315.2,336.76
O0004765,CUST00261,2024-08-26,P0019,1,0.1,UPI,Electronics,148.06,96.56,148.06,14.81,133.25,96.56,36.69
O0002865,CUST00007,2024-08-26,P0028,1,0.0,UPI,Electronics,164.95,128.88,164.95,0.0,164.95,128.88,36.07
O0003076,CUST00293,2024-08-26,P0023,1,0.1,UPI,Fashion,67.68,45.5,67.68,6.77,60.91,45.5,15.41
O0004543,CUST00300,2024-08-26,P0023,1,0.0,UPI,Fashion,67.68,45.5,67.68,0.0,67.68,45.5,22.18
O0000630,CUST00441,2024-08-26,P0017,4,0.1,Net Banking,Home,110.28,84.44,441.12,44.11,397.01,337.76,59.25
O0000755,CUST00394,2024-08-26,P0002,3,0.0,Card,Electronics,165.42,102.08,496.26,0.0,496.26,306.24,190.02
O0003460,CUST00102,2024-08-26,P0011,1,0.1,UPI,Electronics,158.87,121.21,158.87,15.89,142.98,121.21,21.77
O0002420,CUST00596,2024-08-26,P0001,4,0.0,Card,Fashion,114.26,54.48,457.04,0.0,457.04,217.92,239.12
O0003472,CUST00596,2024-08-26,P0030,1,0.05,Wallet,Grocery,239.09,117.72,239.09,11.95,227.14,117.72,109.42
O0004297,CUST00322,2024-08-26,P0045,1,0.15,Wallet,Grocery,121.81,53.8,121.81,18.27,103.54,53.8,49.74
O0000824,CUST00481,2024-08-27,P0008,3,0.1,COD,Fashion,152.63,75.07,457.89,45.79,412.1,225.21,186.89
O0000145,CUST00296,2024-08-27,P0032,4,0.1,Wallet,Electronics,325.98,157.6,1303.92,130.39,1173.53,630.4,543.13
O0003341,CUST00429,2024-08-27,P0031,4,0.0,Card,Electronics,287.51,147.51,1150.04,0.0,1150.04,590.04,560.0
O0001690,CUST00220,2024-08-27,P0015,2,0.0,Card,Fashion,43.69,25.91,87.38,0.0,87.38,51.82,35.56
O0000935,CUST00549,2024-08-28,P0019,4,0.1,Wallet,Electronics,148.06,96.56,592.24,59.22,533.02,386.24,146.78
O0002149,CUST00120,2024-08-28,P0027,2,0.1,Card,Electronics,55.13,36.66,110.26,11.03,99.23,73.32,25.91
O0000843,CUST00484,2024-08-28,P0021,1,0.05,Card,Beauty,264.24,127.61,264.24,13.21,251.03,127.61,123.42
O0003045,CUST00175,2024-08-28,P0027,1,0.0,Wallet,Electronics,55.13,36.66,55.13,0.0,55.13,36.66,18.47
O0001381,CUST00486,2024-08-28,P0029,1,0.15,COD,Home,354.92,154.02,354.92,53.24,301.68,154.02,147.66
O0001152,CUST00557,2024-08-28,P0026,4,0.0,UPI,Electronics,133.04,87.51,532.16,0.0,532.16,350.04,182.12
O0004973,CUST00071,2024-08-28,P0032,2,0.0,UPI,Electronics,325.98,157.6,651.96,0.0,651.96,315.2,336.76
O0001321,CUST00346,2024-08-28,P0018,2,0.1,UPI,Beauty,175.93,84.8,351.86,35.19,316.67,169.6,147.07
O0004916,CUST00203,2024-08-28,P0038,1,0.05,UPI,Fashion,157.39,70.68,157.39,7.87,149.52,70.68,78.84
O0004549,CUST00275,2024-08-28,P0026,4,0.1,UPI,Electronics,133.04,87.51,532.16,53.22,478.94,350.04,128.9
O0000267,CUST00261,2024-08-29,P0005,3,0.15,Card,Electronics,273.97,126.69,821.91,123.29,698.62,380.07,318.55
O0001893,CUST00351,2024-08-29,P0043,2,0.0,Wallet,Electronics,364.08,156.96,728.16,0.0,728.16,313.92,414.24
O0002983,CUST00600,2024-08-29,P0013,2,0.05,UPI,Grocery,268.38,121.9,536.76,26.84,509.92,243.8,266.12
O0003817,CUST00358,2024-08-29,P0003,2,0.0,COD,Home,236.77,123.51,473.54,0.0,473.54,247.02,226.52
O0000832,CUST00132,2024-08-29,P0032,2,0.1,UPI,Electronics,325.98,157.6,651.96,65.2,586.76,315.2,271.56
O0002515,CUST00084,2024-08-29,P0015,1,0.0,UPI,Fashion,43.69,25.91,43.69,0.0,43.69,25.91,17.78
O0004451,CUST00588,2024-08-29,P0024,1,0.2,COD,Grocery,220.04,119.95,220.04,44.01,176.03,119.95,56.08
O0003819,CUST00557,2024-08-30,P0002,1,0.15,Card,Electronics,165.42,102.08,165.42,24.81,140.61,102.08,38.53
O0003336,CUST00148,2024-08-30,P0019,4,0.05,Card,Electronics,148.06,96.56,592.24,29.61,562.63,386.24,176.39
O0005071,CUST00056,2024-08-30,P0017,4,0.05,Net Banking,Home,110.28,84.44,441.12,22.06,419.06,337.76,81.3
O0000084,CUST00058,2024-08-31,P0007,1,0.0,UPI,Grocery,177.14,118.71,177.14,0.0,177.14,118.71,58.43
O0001692,CUST00306,2024-08-31,P0036,1,0.1,UPI,Home,308.75,157.97,308.75,30.88,277.87,157.97,119.9
O0000509,CUST00074,2024-08-31,P0015,4,0.1,UPI,Fashion,43.69,25.91,174.76,17.48,157.28,103.64,53.64
O0002004,CUST00436,2024-09-01,P0012,1,0.05,Net Banking,Electronics,216.75,132.72,216.75,10.84,205.91,132.72,73.19
O0000722,CUST00111,2024-09-01,P0022,1,0.2,Wallet,Electronics,326.52,146.8,326.52,65.3,261.22,146.8,114.42
O0003712,CUST00403,2024-09-01,P0003,4,0.0,UPI,Home,236.77,123.51,947.08,0.0,947.08,494.04,453.04
O0005004,CUST00198,2024-09-01,P0035,1,0.1,Card,Home,139.63,80.04,139.63,13.96,125.67,80.04,45.63
O0003226,CUST00005,2024-09-01,P0035,1,0.1,Card,Home,139.63,80.04,139.63,13.96,125.67,80.04,45.63
O0001406,CUST00560,2024-09-01,P0017,1,0.05,Wallet,Home,110.28,84.44,110.28,5.51,104.77,84.44,20.33
O0004798,CUST00518,2024-09-01,P0041,2,0.2,COD,Grocery,240.98,127.74,481.96,96.39,385.57,255.48,130.09
O0003166,CUST00576,2024-09-01,P0012,1,0.05,Card,Electronics,216.75,132.72,216.75,10.84,205.91,132.72,73.19
O0003151,CUST00390,2024-09-01,P0044,1,0.0,Card,Home,319.2,142.3,319.2,0.0,319.2,142.3,176.9
O0001605,CUST00649,2024-09-02,P0002,1,0.15,Net Banking,Electronics,165.42,102.08,165.42,24.81,140.61,102.08,38.53
O0004368,CUST00377,2024-09-02,P0002,1,0.0,UPI,Electronics,165.42,102.08,165.42,0.0,165.42,102.08,63.34
O0003194,CUST00576,2024-09-02,P0012,3,0.1,Net Banking,Electronics,216.75,132.72,650.25,65.03,585.22,398.16,187.06
O0002021,CUST00253,2024-09-02,P0023,1,0.0,Net Banking,Fashion,67.68,45.5,67.68,0.0,67.68,45.5,22.18
O0000347,CUST00267,2024-09-02,P0030,4,0.0,Wallet,Grocery,239.09,117.72,956.36,0.0,956.36,470.88,485.48
O0001308,CUST00568,2024-09-02,P0031,4,0.2,Card,Electronics,287.51,147.51,1150.04,230.01,920.03,590.04,329.99
O0004556,CUST00249,2024-09-02,P0032,4,0.15,Card,Electronics,325.98,157.6,1303.92,195.59,1108.33,630.4,477.93
O0001882,CUST00400,2024-09-02,P0031,1,0.15,COD,Electronics,287.51,147.51,287.51,43.13,244.38,147.51,96.87
O0002723,CUST00048,2024-09-02,P0033,3,0.1,Wallet,Fashion,112.86,61.51,338.58,33.86,304.72,184.53,120.19
O0001055,CUST00029,2024-09-02,P0037,2,0.15,COD,Fashion,32.76,22.26,65.52,9.83,55.69,44.52,11.17
O0003734,CUST00498,2024-09-03,P0011,1,0.0,COD,Electronics,158.87,121.21,158.87,0.0,158.87,121.21,37.66
O0002875,CUST00371,2024-09-03,P0002,4,0.0,COD,Electronics,165.42,102.08,661.68,0.0,661.68,408.32,253.36
O0000017,CUST00470,2024-09-04,P0041,4,0.1,UPI,Grocery,240.98,127.74,963.92,96.39,867.53,510.96,356.57
O0005167,CUST00258,2024-09-04,P0005,2,0.05,UPI,Electronics,273.97,126.69,547.94,27.4,520.54,253.38,267.16
O0003331,CUST00037,2024-09-04,P0025,1,0.1,Card,Fashion,234.0,111.05,234.0,23.4,210.6,111.05,99.55
O0003224,CUST00132,2024-09-04,P0023,1,0.1,Card,Fashion,67.68,45.5,67.68,6.77,60.91,45.5,15.41
O0002417,CUST00011,2024-09-04,P0045,1,0.0,UPI,Grocery,121.81,53.8,121.81,0.0,121.81,53.8,68.01
O0001459,CUST00042,2024-09-05,P0005,3,0.1,UPI,Electronics,273.97,126.69,821.91,82.19,739.72,380.07,359.65
O0004569,CUST00392,2024-09-05,P0029,1,0.2,UPI,Home,354.92,154.02,354.92,70.98,283.94,154.02,129.92
O0003554,CUST00533,2024-09-05,P0007,3,0.1,Wallet,Grocery,177.14,118.71,531.42,53.14,478.28,356.13,122.15
O0002091,CUST00571,2024-09-05,P0028,1,0.05,COD,Electronics,164.95,128.88,164.95,8.25,156.7,128.88,27.82
O0004653,CUST00155,2024-09-05,P0005,1,0.2,UPI,Electronics,273.97,126.69,273.97,54.79,219.18,126.69,92.49
O0000227,CUST00594,2024-09-05,P0031,4,0.1,Card,Electronics,287.51,147.51,1150.04,115.0,1035.04,590.04,445.0
O0003558,CUST00075,2024-09-05,P0036,1,0.1,Wallet,Home,308.75,157.97,308.75,30.88,277.87,157.97,119.9
O0004675,CUST00557,2024-09-06,P0023,1,0.15,Card,Fashion,67.68,45.5,67.68,10.15,57.53,45.5,12.03
O0000257,CUST00193,2024-09-06,P0010,1,0.15,Net Banking,Grocery,158.28,88.17,158.28,23.74,134.54,88.17,46.37
O0002877,CUST00179,2024-09-06,P0043,4,0.1,Card,Electronics,364.08,156.96,1456.32,145.63,1310.69,627.84,682.85
O0004085,CUST00547,2024-09-06,P0018,4,0.0,COD,Beauty,175.93,84.8,703.72,0.0,703.72,339.2,364.52
O0002068,CUST00322,2024-09-06,P0043,1,0.0,UPI,Electronics,364.08,156.96,364.08,0.0,364.08,156.96,207.12
O0000655,CUST00411,2024-09-06,P0008,4,0.1,Card,Fashion,152.63,75.07,610.52,61.05,549.47,300.28,249.19
O0000336,CUST00640,2024-09-06,P0007,2,0.0,Net Banking,Grocery,177.14,118.71,354.28,0.0,354.28,237.42,116.86
O0000573,CUST00165,2024-09-07,P0003,3,0.1,COD,Home,236.77,123.51,710.31,71.03,639.28,370.53,268.75
O0000096,CUST00423,2024-09-07,P0011,1,0.0,Wallet,Electronics,158.87,121.21,158.87,0.0,158.87,121.21,37.66
O0000654,CUST00332,2024-09-07,P0039,2,0.0,COD,Electronics,302.32,141.08,604.64,0.0,604.64,282.16,322.48
O0001005,CUST00106,2024-09-07,P0035,1,0.0,UPI,Home,139.63,80.04,139.63,0.0,139.63,80.04,59.59
O0001864,CUST00189,2024-09-07,P0019,2,0.0,Wallet,Electronics,148.06,96.56,296.12,0.0,296.12,193.12,103.0
O0001750,CUST00175,2024-09-07,P0012,4,0.05,Card,Electronics,216.75,132.72,867.0,43.35,823.65,530.88,292.77
O0000496,CUST00223,2024-09-07,P0005,1,0.0,Card,Electronics,273.97,126.69,273.97,0.0,273.97,126.69,147.28
O0003467,CUST00250,2024-09-07,P0009,1,0.0,Card,Fashion,264.14,141.26,264.14,0.0,264.14,141.26,122.88
O0000556,CUST00386,2024-09-07,P0022,1,0.1,COD,Electronics,326.52,146.8,326.52,32.65,293.87,146.8,147.07
O0001719,CUST00338,2024-09-07,P0040,3,0.2,COD,Grocery,83.65,51.18,250.95,50.19,200.76,153.54,47.22
O0004861,CUST00345,2024-09-07,P0015,2,0.1,Card,Fashion,43.69,25.91,87.38,8.74,78.64,51.82,26.82
O0003035,CUST00500,2024-09-07,P0035,2,0.0,Card,Home,139.63,80.04,279.26,0.0,279.26,160.08,119.18
O0004240,CUST00168,2024-09-08,P0003,4,0.15,Card,Home,236.77,123.51,947.08,142.06,805.02,494.04,310.98
O0001094,CUST00649,2024-09-08,P0001,2,0.0,UPI,Fashion,114.26,54.48,228.52,0.0,228.52,108.96,119.56
O0001054,CUST00631,2024-09-08,P0028,4,0.0,Card,Electronics,164.95,128.88,659.8,0.0,659.8,515.52,144.28
O0002169,CUST00053,2024-09-08,P0003,1,0.0,Net Banking,Home,236.77,123.51,236.77,0.0,236.77,123.51,113.26
O0003623,CUST00131,2024-09-08,P0030,2,0.0,Net Banking,Grocery,239.09,117.72,478.18,0.0,478.18,235.44,242.74
O0004920,CUST00057,2024-09-08,P0015,1,0.2,Wallet,Fashion,43.69,25.91,43.69,8.74,34.95,25.91,9.04
O0004312,CUST00132,2024-09-08,P0016,1,0.1,Card,Fashion,101.27,44.23,101.27,10.13,91.14,44.23,46.91
O0000871,CUST00203,2024-09-09,P0003,2,0.15,Card,Home,236.77,123.51,473.54,71.03,402.51,247.02,155.49
O0004281,CUST00535,2024-09-09,P0006,1,0.1,Card,Beauty,192.36,150.65,192.36,19.24,173.12,150.65,22.47
O0001548,CUST00053,2024-09-09,P0039,1,0.0,Card,Electronics,302.32,141.08,302.32,0.0,302.32,141.08,161.24
O0002039,CUST00312,2024-09-09,P0025,2,0.15,UPI,Fashion,234.0,111.05,468.0,70.2,397.8,222.1,175.7
O0003014,CUST00557,2024-09-09,P0037,3,0.2,UPI,Fashion,32.76,22.26,98.28,19.66,78.62,66.78,11.84
O0003049,CUST00095,2024-09-09,P0019,1,0.1,Net Banking,Electronics,148.06,96.56,148.06,14.81,133.25,96.56,36.69
O0002442,CUST00401,2024-09-09,P0012,1,0.05,Card,Electronics,216.75,132.72,216.75,10.84,205.91,132.72,73.19
O0004259,CUST00296,2024-09-09,P0019,1,0.05,COD,Electronics,148.06,96.56,148.06,7.4,140.66,96.56,44.1
O0003880,CUST00564,2024-09-09,P0023,2,0.15,UPI,Fashion,67.68,45.5,135.36,20.3,115.06,91.0,24.06
O0003230,CUST00619,2024-09-10,P0040,1,0.15,COD,Grocery,83.65,51.18,83.65,12.55,71.1,51.18,19.92
O0002146,CUST00568,2024-09-10,P0032,2,0.15,UPI,Electronics,325.98,157.6,651.96,97.79,554.17,315.2,238.97
O0001386,CUST00207,2024-09-10,P0031,2,0.15,COD,Electronics,287.51,147.51,575.02,86.25,488.77,295.02,193.75
O0000917,CUST00155,2024-09-10,P0031,2,0.0,Card,Electronics,287.51,147.51,575.02,0.0,575.02,295.02,280.0
O0001952,CUST00596,2024-09-10,P0004,1,0.2,UPI,Home,54.29,27.5,54.29,10.86,43.43,27.5,15.93
O0003834,CUST00056,2024-09-10,P0006,1,0.05,UPI,Beauty,192.36,150.65,192.36,9.62,182.74,150.65,32.09
O0002647,CUST00145,2024-09-11,P0025,2,0.05,Card,Fashion,234.0,111.05,468.0,23.4,444.6,222.1,222.5
O0001494,CUST00131,2024-09-11,P0014,1,0.1,Wallet,Electronics,66.45,51.75,66.45,6.64,59.81,51.75,8.06
O0004318,CUST00586,2024-09-11,P0042,3,0.0,UPI,Fashion,92.99,66.18,278.97,0.0,278.97,198.54,80.43
O0002637,CUST00481,2024-09-11,P0019,1,0.0,UPI,Electronics,148.06,96.56,148.06,0.0,148.06,96.56,51.5
O0003319,CUST00012,2024-09-11,P0032,2,0.05,UPI,Electronics,325.98,157.6,651.96,32.6,619.36,315.2,304.16
O0003201,CUST00574,2024-09-11,P0007,2,0.2,Card,Grocery,177.14,118.71,354.28,70.86,283.42,237.42,46.0
O0003622,CUST00379,2024-09-11,P0036,1,0.1,UPI,Home,308.75,157.97,308.75,30.88,277.87,157.97,119.9
O0000666,CUST00430,2024-09-12,P0011,1,0.0,UPI,Electronics,158.87,121.21,158.87,0.0,158.87,121.21,37.66
O0000387,CUST00153,2024-09-12,P0030,4,0.05,UPI,Grocery,239.09,117.72,956.36,47.82,908.54,470.88,437.66
O0000590,CUST00356,2024-09-12,P0015,1,0.0,Net Banking,Fashion,43.69,25.91,43.69,0.0,43.69,25.91,17.78
O0002963,CUST00309,2024-09-12,P0014,4,0.1,Card,Electronics,66.45,51.75,265.8,26.58,239.22,207.0,32.22
O0000359,CUST00528,2024-09-12,P0038,4,0.0,Net Banking,Fashion,157.39,70.68,629.56,0.0,629.56,282.72,346.84
O0003275,CUST00215,2024-09-12,P0038,1,0.0,COD,Fashion,157.39,70.68,157.39,0.0,157.39,70.68,86.71
O0001550,CUST00532,2024-09-12,P0006,3,0.0,UPI,Beauty,192.36,150.65,577.08,0.0,577.08,451.95,125.13
O0003895,CUST00175,2024-09-12,P0033,1,0.2,UPI,Fashion,112.86,61.51,112.86,22.57,90.29,61.51,28.78
O0001399,CUST00158,2024-09-12,P0018,3,0.05,Card,Beauty,175.93,84.8,527.79,26.39,501.4,254.4,247.0
O0001106,CUST00406,2024-09-12,P0028,1,0.2,Net Banking,Electronics,164.95,128.88,164.95,32.99,131.96,128.88,3.08
O0003556,CUST00562,2024-09-13,P0042,1,0.0,UPI,Fashion,92.99,66.18,92.99,0.0,92.99,66.18,26.81
O0002703,CUST00212,2024-09-14,P0023,2,0.05,Card,Fashion,67.68,45.5,135.36,6.77,128.59,91.0,37.59
O0003083,CUST00191,2024-09-14,P0023,2,0.0,COD,Fashion,67.68,45.5,135.36,0.0,135.36,91.0,44.36
O0002027,CUST00320,2024-09-14,P0037,2,0.0,Wallet,Fashion,32.76,22.26,65.52,0.0,65.52,44.52,21.0
O0000877,CUST00312,2024-09-14,P0011,2,0.0,COD,Electronics,158.87,121.21,317.74,0.0,317.74,242.42,75.32
O0001654,CUST00397,2024-09-14,P0034,3,0.1,Wallet,Electronics,186.26,105.01,558.78,55.88,502.9,315.03,187.87
O0001933,CUST00556,2024-09-14,P0019,2,0.15,Card,Electronics,148.06,96.56,296.12,44.42,251.7,193.12,58.58
O0003006,CUST00536,2024-09-15,P0022,1,0.0,Card,Electronics,326.52,146.8,326.52,0.0,326.52,146.8,179.72
O0003571,CUST00362,2024-09-15,P0037,4,0.05,Card,Fashion,32.76,22.26,131.04,6.55,124.49,89.04,35.45
O0003794,CUST00517,2024-09-15,P0035,4,0.15,UPI,Home,139.63,80.04,558.52,83.78,474.74,320.16,154.58
O0003015,CUST00113,2024-09-15,P0033,2,0.05,UPI,Fashion,112.86,61.51,225.72,11.29,214.43,123.02,91.41
O0000173,CUST00275,2024-09-15,P0026,1,0.05,Card,Electronics,133.04,87.51,133.04,6.65,126.39,87.51,38.88
O0004886,CUST00371,2024-09-16,P0025,4,0.05,Card,Fashion,234.0,111.05,936.0,46.8,889.2,444.2,445.0
O0005039,CUST00049,2024-09-16,P0014,1,0.1,Wallet,Electronics,66.45,51.75,66.45,6.64,59.81,51.75,8.06
O0003236,CUST00296,2024-09-16,P0029,2,0.05,UPI,Home,354.92,154.02,709.84,35.49,674.35,308.04,366.31
O0002997,CUST00291,2024-09-16,P0017,2,0.0,UPI,Home,110.28,84.44,220.56,0.0,220.56,168.88,51.68
O0004263,CUST00596,2024-09-16,P0016,2,0.0,Card,Fashion,101.27,44.23,202.54,0.0,202.54,88.46,114.08
O0002318,CUST00567,2024-09-16,P0024,1,0.0,COD,Grocery,220.04,119.95,220.04,0.0,220.04,119.95,100.09
O0003637,CUST00084,2024-09-16,P0013,1,0.0,UPI,Grocery,268.38,121.9,268.38,0.0,268.38,121.9,146.48
O0000931,CUST00487,2024-09-16,P0027,3,0.0,Wallet,Electronics,55.13,36.66,165.39,0.0,165.39,109.98,55.41
O0001501,CUST00110,2024-09-16,P0045,1,0.1,UPI,Grocery,121.81,53.8,121.81,12.18,109.63,53.8,55.83
O0003855,CUST00182,2024-09-16,P0036,3,0.05,Card,Home,308.75,157.97,926.25,46.31,879.94,473.91,406.03
O0000349,CUST00295,2024-09-17,P0016,2,0.05,UPI,Fashion,101.27,44.23,202.54,10.13,192.41,88.46,103.95
O0003211,CUST00106,2024-09-17,P0005,2,0.05,UPI,Electronics,273.97,126.69,547.94,27.4,520.54,253.38,267.16
O0003245,CUST00363,2024-09-17,P0039,2,0.15,UPI,Electronics,302.32,141.08,604.64,90.7,513.94,282.16,231.78
O0002070,CUST00354,2024-09-17,P0003,1,0.1,Card,Home,236.77,123.51,236.77,23.68,213.09,123.51,89.58
O0000433,CUST00180,2024-09-17,P0014,1,0.15,Card,Electronics,66.45,51.75,66.45,9.97,56.48,51.75,4.73
O0001380,CUST00516,2024-09-18,P0032,3,0.15,Card,Electronics,325.98,157.6,977.94,146.69,831.25,472.8,358.45
O0002210,CUST00066,2024-09-18,P0040,3,0.2,UPI,Grocery,83.65,51.18,250.95,50.19,200.76,153.54,47.22
O0003666,CUST00486,2024-09-18,P0014,1,0.2,Net Banking,Electronics,66.45,51.75,66.45,13.29,53.16,51.75,1.41
O0001759,CUST00126,2024-09-18,P0036,2,0.05,Card,Home,308.75,157.97,617.5,30.88,586.62,315.94,270.68
O0000071,CUST00530,2024-09-18,P0035,1,0.0,Net Banking,Home,139.63,80.04,139.63,0.0,139.63,80.04,59.59
O0002998,CUST00289,2024-09-18,P0032,2,0.15,COD,Electronics,325.98,157.6,651.96,97.79,554.17,315.2,238.97
O0002009,CUST00569,2024-09-18,P0010,1,0.0,UPI,Grocery,158.28,88.17,158.28,0.0,158.28,88.17,70.11
O0000642,CUST00458,2024-09-18,P0040,1,0.15,COD,Grocery,83.65,51.18,83.65,12.55,71.1,51.18,19.92
O0003724,CUST00260,2024-09-19,P0023,4,0.0,Card,Fashion,67.68,45.5,270.72,0.0,270.72,182.0,88.72
O0002991,CUST00321,2024-09-19,P0032,4,0.05,COD,Electronics,325.98,157.6,1303.92,65.2,1238.72,630.4,608.32
O0003466,CUST00168,2024-09-19,P0012,1,0.0,Card,Electronics,216.75,132.72,216.75,0.0,216.75,132.72,84.03
O0002569,CUST00051,2024-09-19,P0028,1,0.15,UPI,Electronics,164.95,128.88,164.95,24.74,140.21,128.88,11.33
O0000453,CUST00158,2024-09-19,P0040,1,0.0,Card,Grocery,83.65,51.18,83.65,0.0,83.65,51.18,32.47
O0003944,CUST00277,2024-09-19,P0012,3,0.15,COD,Electronics,216.75,132.72,650.25,97.54,552.71,398.16,154.55
O0001307,CUST00189,2024-09-19,P0027,3,0.1,UPI,Electronics,55.13,36.66,165.39,16.54,148.85,109.98,38.87
O0003729,CUST00542,2024-09-19,P0002,4,0.2,Net Banking,Electronics,165.42,102.08,661.68,132.34,529.34,408.32,121.02
O0005106,CUST00275,2024-09-19,P0027,2,0.2,COD,Electronics,55.13,36.66,110.26,22.05,88.21,73.32,14.89
O0000702,CUST00020,2024-09-19,P0002,1,0.0,Wallet,Electronics,165.42,102.08,165.42,0.0,165.42,102.08,63.34
O0003706,CUST00276,2024-09-20,P0007,3,0.0,Net Banking,Grocery,177.14,118.71,531.42,0.0,531.42,356.13,175.29
O0003333,CUST00388,2024-09-20,P0028,1,0.1,UPI,Electronics,164.95,128.88,164.95,16.5,148.45,128.88,19.57
O0000186,CUST00394,2024-09-20,P0018,2,0.15,UPI,Beauty,175.93,84.8,351.86,52.78,299.08,169.6,129.48
O0001410,CUST00352,2024-09-20,P0021,1,0.15,Card,Beauty,264.24,127.61,264.24,39.64,224.6,127.61,96.99
O0000295,CUST00312,2024-09-20,P0008,1,0.1,Card,Fashion,152.63,75.07,152.63,15.26,137.37,75.07,62.3
O0001720,CUST00175,2024-09-20,P0024,1,0.2,COD,Grocery,220.04,119.95,220.04,44.01,176.03,119.95,56.08
O0001324,CUST00019,2024-09-20,P0042,2,0.05,Card,Fashion,92.99,66.18,185.98,9.3,176.68,132.36,44.32
O0002952,CUST00367,2024-09-20,P0032,2,0.0,Card,Electronics,325.98,157.6,651.96,0.0,651.96,315.2,336.76
O0000410,CUST00275,2024-09-20,P0001,4,0.1,UPI,Fashion,114.26,54.48,457.04,45.7,411.34,217.92,193.42
O0002282,CUST00159,2024-09-20,P0033,3,0.15,Card,Fashion,112.86,61.51,338.58,50.79,287.79,184.53,103.26
O0004720,CUST00394,2024-09-20,P0006,4,0.05,COD,Beauty,192.36,150.65,769.44,38.47,730.97,602.6,128.37
O0002568,CUST00452,2024-09-20,P0019,1,0.05,Card,Electronics,148.06,96.56,148.06,7.4,140.66,96.56,44.1
O0002502,CUST00503,2024-09-20,P0023,1,0.15,Net Banking,Fashion,67.68,45.5,67.68,10.15,57.53,45.5,12.03
O0000418,CUST00036,2024-09-21,P0018,2,0.05,Card,Beauty,175.93,84.8,351.86,17.59,334.27,169.6,164.67
O0000245,CUST00252,2024-09-21,P0042,1,0.1,UPI,Fashion,92.99,66.18,92.99,9.3,83.69,66.18,17.51
O0003524,CUST00183,2024-09-21,P0016,4,0.0,UPI,Fashion,101.27,44.23,405.08,0.0,405.08,176.92,228.16
O0003879,CUST00268,2024-09-21,P0001,1,0.0,UPI,Fashion,114.26,54.48,114.26,0.0,114.26,54.48,59.78
O0005165,CUST00384,2024-09-22,P0012,3,0.0,COD,Electronics,216.75,132.72,650.25,0.0,650.25,398.16,252.09
O0003981,CUST00614,2024-09-22,P0014,3,0.1,Card,Electronics,66.45,51.75,199.35,19.94,179.41,155.25,24.16
O0002360,CUST00224,2024-09-22,P0039,1,0.0,Wallet,Electronics,302.32,141.08,302.32,0.0,302.32,141.08,161.24
O0000706,CUST00478,2024-09-22,P0044,2,0.1,COD,Home,319.2,142.3,638.4,63.84,574.56,284.6,289.96
O0005152,CUST00530,2024-09-22,P0003,1,0.05,Net Banking,Home,236.77,123.51,236.77,11.84,224.93,123.51,101.42
O0001470,CUST00597,2024-09-23,P0003,1,0.05,COD,Home,236.77,123.51,236.77,11.84,224.93,123.51,101.42
O0002196,CUST00027,2024-09-23,P0026,4,0.2,COD,Electronics,133.04,87.51,532.16,106.43,425.73,350.04,75.69
O0003259,CUST00275,2024-09-23,P0026,1,0.1,UPI,Electronics,133.04,87.51,133.04,13.3,119.74,87.51,32.23
O0001234,CUST00264,2024-09-23,P0031,4,0.1,Net Banking,Electronics,287.51,147.51,1150.04,115.0,1035.04,590.04,445.0
O0000031,CUST00049,2024-09-23,P0027,2,0.0,Wallet,Electronics,55.13,36.66,110.26,0.0,110.26,73.32,36.94
O0000290,CUST00410,2024-09-23,P0025,1,0.1,Card,Fashion,234.0,111.05,234.0,23.4,210.6,111.05,99.55
O0001332,CUST00505,2024-09-23,P0019,3,0.1,UPI,Electronics,148.06,96.56,444.18,44.42,399.76,289.68,110.08
O0002793,CUST00530,2024-09-23,P0021,3,0.0,Card,Beauty,264.24,127.61,792.72,0.0,792.72,382.83,409.89
O0001742,CUST00597,2024-09-23,P0024,2,0.1,Card,Grocery,220.04,119.95,440.08,44.01,396.07,239.9,156.17
O0002105,CUST00225,2024-09-24,P0044,2,0.0,Wallet,Home,319.2,142.3,638.4,0.0,638.4,284.6,353.8
O0002466,CUST00522,2024-09-24,P0007,1,0.1,Card,Grocery,177.14,118.71,177.14,17.71,159.43,118.71,40.72
O0001357,CUST00338,2024-09-24,P0010,3,0.0,Card,Grocery,158.28,88.17,474.84,0.0,474.84,264.51,210.33
O0004248,CUST00500,2024-09-24,P0002,4,0.15,Card,Electronics,165.42,102.08,661.68,99.25,562.43,408.32,154.11
O0005053,CUST00433,2024-09-25,P0042,1,0.0,Card,Fashion,92.99,66.18,92.99,0.0,92.99,66.18,26.81
O0001850,CUST00298,2024-09-25,P0020,4,0.1,UPI,Home,149.95,68.06,599.8,59.98,539.82,272.24,267.58
O0003067,CUST00527,2024-09-25,P0043,3,0.1,Card,Electronics,364.08,156.96,1092.24,109.22,983.02,470.88,512.14
O0000595,CUST00618,2024-09-25,P0016,1,0.2,UPI,Fashion,101.27,44.23,101.27,20.25,81.02,44.23,36.79
O0001544,CUST00311,2024-09-25,P0014,4,0.1,Wallet,Electronics,66.45,51.75,265.8,26.58,239.22,207.0,32.22
O0004189,CUST00070,2024-09-25,P0041,3,0.15,Card,Grocery,240.98,127.74,722.94,108.44,614.5,383.22,231.28
O0000378,CUST00220,2024-09-25,P0027,2,0.15,Net Banking,Electronics,55.13,36.66,110.26,16.54,93.72,73.32,20.4
O0003232,CUST00429,2024-09-26,P0036,1,0.1,Card,Home,308.75,157.97,308.75,30.88,277.87,157.97,119.9
O0001377,CUST00450,2024-09-26,P0035,4,0.05,Card,Home,139.63,80.04,558.52,27.93,530.59,320.16,210.43
O0001176,CUST00434,2024-09-26,P0007,1,0.05,Card,Grocery,177.14,118.71,177.14,8.86,168.28,118.71,49.57
O0005094,CUST00344,2024-09-26,P0011,1,0.0,UPI,Electronics,158.87,121.21,158.87,0.0,158.87,121.21,37.66
O0003213,CUST00165,2024-09-26,P0014,4,0.0,Card,Electronics,66.45,51.75,265.8,0.0,265.8,207.0,58.8
O0000679,CUST00175,2024-09-26,P0007,3,0.05,UPI,Grocery,177.14,118.71,531.42,26.57,504.85,356.13,148.72
O0001068,CUST00482,2024-09-26,P0013,4,0.15,Card,Grocery,268.38,121.9,1073.52,161.03,912.49,487.6,424.89
O0003904,CUST00535,2024-09-27,P0004,2,0.1,Card,Home,54.29,27.5,108.58,10.86,97.72,55.0,42.72
O0004453,CUST00557,2024-09-27,P0034,2,0.2,Net Banking,Electronics,186.26,105.01,372.52,74.5,298.02,210.02,88.0
O0004837,CUST00260,2024-09-27,P0029,4,0.0,Card,Home,354.92,154.02,1419.68,0.0,1419.68,616.08,803.6
O0004001,CUST00627,2024-09-27,P0037,1,0.15,Wallet,Fashion,32.76,22.26,32.76,4.91,27.85,22.26,5.59
O0002811,CUST00266,2024-09-27,P0002,1,0.0,Net Banking,Electronics,165.42,102.08,165.42,0.0,165.42,102.08,63.34
O0002694,CUST00421,2024-09-28,P0017,1,0.05,Net Banking,Home,110.28,84.44,110.28,5.51,104.77,84.44,20.33
O0001158,CUST00557,2024-09-28,P0020,3,0.0,COD,Home,149.95,68.06,449.85,0.0,449.85,204.18,245.67
O0004156,CUST00260,2024-09-28,P0013,1,0.05,UPI,Grocery,268.38,121.9,268.38,13.42,254.96,121.9,133.06
O0003180,CUST00244,2024-09-29,P0019,1,0.0,UPI,Electronics,148.06,96.56,148.06,0.0,148.06,96.56,51.5
O0003468,CUST00414,2024-09-29,P0030,2,0.0,COD,Grocery,239.09,117.72,478.18,0.0,478.18,235.44,242.74
O0005015,CUST00560,2024-09-29,P0039,1,0.1,COD,Electronics,302.32,141.08,302.32,30.23,272.09,141.08,131.01
O0002788,CUST00463,2024-09-29,P0041,3,0.05,Net Banking,Grocery,240.98,127.74,722.94,36.15,686.79,383.22,303.57
O0004460,CUST00348,2024-09-29,P0018,3,0.0,Card,Beauty,175.93,84.8,527.79,0.0,527.79,254.4,273.39
O0003244,CUST00251,2024-09-29,P0030,1,0.15,Card,Grocery,239.09,117.72,239.09,35.86,203.23,117.72,85.51
O0001736,CUST00273,2024-09-30,P0021,2,0.0,Net Banking,Beauty,264.24,127.61,528.48,0.0,528.48,255.22,273.26
O0001170,CUST00515,2024-09-30,P0025,2,0.1,UPI,Fashion,234.0,111.05,468.0,46.8,421.2,222.1,199.1
O0003949,CUST00649,2024-09-30,P0018,2,0.2,Net Banking,Beauty,175.93,84.8,351.86,70.37,281.49,169.6,111.89
O0003615,CUST00243,2024-09-30,P0045,2,0.1,COD,Grocery,121.81,53.8,243.62,24.36,219.26,107.6,111.66
O0003572,CUST00316,2024-09-30,P0020,2,0.0,Wallet,Home,149.95,68.06,299.9,0.0,299.9,136.12,163.78
O0001589,CUST00205,2024-09-30,P0010,4,0.0,Card,Grocery,158.28,88.17,633.12,0.0,633.12,352.68,280.44
O0001915,CUST00510,2024-09-30,P0038,4,0.1,Net Banking,Fashion,157.39,70.68,629.56,62.96,566.6,282.72,283.88
O0002822,CUST00567,2024-10-01,P0027,1,0.1,UPI,Electronics,55.13,36.66,55.13,5.51,49.62,36.66,12.96
O0003764,CUST00475,2024-10-01,P0036,1,0.2,Card,Home,308.75,157.97,308.75,61.75,247.0,157.97,89.03
O0000837,CUST00035,2024-10-01,P0024,3,0.1,COD,Grocery,220.04,119.95,660.12,66.01,594.11,359.85,234.26
O0003393,CUST00586,2024-10-01,P0014,1,0.15,UPI,Electronics,66.45,51.75,66.45,9.97,56.48,51.75,4.73
O0000215,CUST00469,2024-10-01,P0005,1,0.15,Card,Electronics,273.97,126.69,273.97,41.1,232.87,126.69,106.18
O0002583,CUST00042,2024-10-02,P0015,2,0.0,UPI,Fashion,43.69,25.91,87.38,0.0,87.38,51.82,35.56
O0001447,CUST00586,2024-10-02,P0045,2,0.1,Wallet,Grocery,121.81,53.8,243.62,24.36,219.26,107.6,111.66
O0003407,CUST00147,2024-10-02,P0031,4,0.0,Card,Electronics,287.51,147.51,1150.04,0.0,1150.04,590.04,560.0
O0005024,CUST00021,2024-10-02,P0024,2,0.0,COD,Grocery,220.04,119.95,440.08,0.0,440.08,239.9,200.18
O0003495,CUST00239,2024-10-02,P0006,4,0.0,Net Banking,Beauty,192.36,150.65,769.44,0.0,769.44,602.6,166.84
O0002145,CUST00418,2024-10-02,P0027,4,0.1,Card,Electronics,55.13,36.66,220.52,22.05,198.47,146.64,51.83
O0002710,CUST00201,2024-10-02,P0029,1,0.1,Card,Home,354.92,154.02,354.92,35.49,319.43,154.02,165.41
O0005124,CUST00473,2024-10-02,P0012,1,0.0,COD,Electronics,216.75,132.72,216.75,0.0,216.75,132.72,84.03
O0003125,CUST00349,2024-10-03,P0014,1,0.15,Card,Electronics,66.45,51.75,66.45,9.97,56.48,51.75,4.73
O0002944,CUST00045,2024-10-03,P0037,2,0.0,UPI,Fashion,32.76,22.26,65.52,0.0,65.52,44.52,21.0
O0000511,CUST00611,2024-10-03,P0026,4,0.0,Net Banking,Electronics,133.04,87.51,532.16,0.0,532.16,350.04,182.12
O0004478,CUST00174,2024-10-03,P0009,3,0.05,Card,Fashion,264.14,141.26,792.42,39.62,752.8,423.78,329.02
O0000712,CUST00600,2024-10-03,P0019,2,0.0,UPI,Electronics,148.06,96.56,296.12,0.0,296.12,193.12,103.0
O0000538,CUST00561,2024-10-03,P0021,1,0.0,UPI,Beauty,264.24,127.61,264.24,0.0,264.24,127.61,136.63
O0001912,CUST00603,2024-10-03,P0007,2,0.05,UPI,Grocery,177.14,118.71,354.28,17.71,336.57,237.42,99.15
O0004726,CUST00608,2024-10-03,P0002,1,0.0,UPI,Electronics,165.42,102.08,165.42,0.0,165.42,102.08,63.34
O0000569,CUST00482,2024-10-03,P0032,1,0.1,COD,Electronics,325.98,157.6,325.98,32.6,293.38,157.6,135.78
O0001104,CUST00010,2024-10-04,P0035,4,0.0,Wallet,Home,139.63,80.04,558.52,0.0,558.52,320.16,238.36
O0001695,CUST00191,2024-10-04,P0004,4,0.15,Wallet,Home,54.29,27.5,217.16,32.57,184.59,110.0,74.59
O0001670,CUST00114,2024-10-04,P0021,1,0.2,UPI,Beauty,264.24,127.61,264.24,52.85,211.39,127.61,83.78
O0000609,CUST00599,2024-10-05,P0012,3,0.1,UPI,Electronics,216.75,132.72,650.25,65.03,585.22,398.16,187.06
O0002165,CUST00035,2024-10-05,P0022,3,0.1,UPI,Electronics,326.52,146.8,979.56,97.96,881.6,440.4,441.2
O0002870,CUST00275,2024-10-05,P0036,1,0.1,Card,Home,308.75,157.97,308.75,30.88,277.87,157.97,119.9
O0004435,CUST00494,2024-10-05,P0030,4,0.15,UPI,Grocery,239.09,117.72,956.36,143.45,812.91,470.88,342.03
O0005099,CUST00264,2024-10-05,P0028,4,0.15,Card,Electronics,164.95,128.88,659.8,98.97,560.83,515.52,45.31
O0001466,CUST00331,2024-10-05,P0030,1,0.05,Net Banking,Grocery,239.09,117.72,239.09,11.95,227.14,117.72,109.42
O0004130,CUST00056,2024-10-05,P0022,1,0.0,Card,Electronics,326.52,146.8,326.52,0.0,326.52,146.8,179.72
O0001549,CUST00249,2024-10-06,P0002,1,0.1,Card,Electronics,165.42,102.08,165.42,16.54,148.88,102.08,46.8
O0003506,CUST00398,2024-10-06,P0030,1,0.1,COD,Grocery,239.09,117.72,239.09,23.91,215.18,117.72,97.46
O0002638,CUST00360,2024-10-06,P0035,4,0.1,Net Banking,Home,139.63,80.04,558.52,55.85,502.67,320.16,182.51
O0003529,CUST00347,2024-10-06,P0040,1,0.1,COD,Grocery,83.65,51.18,83.65,8.36,75.29,51.18,24.11
O0002175,CUST00503,2024-10-06,P0006,1,0.1,Wallet,Beauty,192.36,150.65,192.36,19.24,173.12,150.65,22.47
O0003257,CUST00596,2024-10-06,P0042,4,0.0,COD,Fashion,92.99,66.18,371.96,0.0,371.96,264.72,107.24
O0005148,CUST00569,2024-10-06,P0007,1,0.05,UPI,Grocery,177.14,118.71,177.14,8.86,168.28,118.71,49.57
O0000869,CUST00201,2024-10-06,P0009,1,0.2,UPI,Fashion,264.14,141.26,264.14,52.83,211.31,141.26,70.05
O0004180,CUST00475,2024-10-07,P0036,2,0.0,COD,Home,308.75,157.97,617.5,0.0,617.5,315.94,301.56
O0000888,CUST00098,2024-10-07,P0033,2,0.15,Net Banking,Fashion,112.86,61.51,225.72,33.86,191.86,123.02,68.84
O0000481,CUST00286,2024-10-07,P0044,2,0.0,UPI,Home,319.2,142.3,638.4,0.0,638.4,284.6,353.8
O0002751,CUST00542,2024-10-07,P0008,1,0.1,UPI,Fashion,152.63,75.07,152.63,15.26,137.37,75.07,62.3
O0001431,CUST00175,2024-10-07,P0009,1,0.0,Wallet,Fashion,264.14,141.26,264.14,0.0,264.14,141.26,122.88
O0001623,CUST00509,2024-10-07,P0004,4,0.1,COD,Home,54.29,27.5,217.16,21.72,195.44,110.0,85.44
O0002730,CUST00419,2024-10-07,P0043,4,0.0,UPI,Electronics,364.08,156.96,1456.32,0.0,1456.32,627.84,828.48
O0002896,CUST00012,2024-10-08,P0011,3,0.2,UPI,Electronics,158.87,121.21,476.61,95.32,381.29,363.63,17.66
O0002167,CUST00392,2024-10-08,P0003,2,0.1,COD,Home,236.77,123.51,473.54,47.35,426.19,247.02,179.17
O0000018,CUST00429,2024-10-08,P0010,4,0.05,Card,Grocery,158.28,88.17,633.12,31.66,601.46,352.68,248.78
O0000431,CUST00193,2024-10-08,P0036,2,0.0,Card,Home,308.75,157.97,617.5,0.0,617.5,315.94,301.56
O0000675,CUST00211,2024-10-08,P0040,4,0.05,Card,Grocery,83.65,51.18,334.6,16.73,317.87,204.72,113.15
O0002063,CUST00384,2024-10-08,P0004,1,0.0,Card,Home,54.29,27.5,54.29,0.0,54.29,27.5,26.79
O0004771,CUST00285,2024-10-08,P0003,2,0.1,UPI,Home,236.77,123.51,473.54,47.35,426.19,247.02,179.17
O0001226,CUST00019,2024-10-09,P0010,3,0.05,Card,Grocery,158.28,88.17,474.84,23.74,451.1,264.51,186.59
O0003235,CUST00509,2024-10-09,P0040,2,0.0,COD,Grocery,83.65,51.18,167.3,0.0,167.3,102.36,64.94
O0001143,CUST00276,2024-10-09,P0018,3,0.2,Card,Beauty,175.93,84.8,527.79,105.56,422.23,254.4,167.83
O0002943,CUST00001,2024-10-09,P0024,1,0.0,UPI,Grocery,220.04,119.95,220.04,0.0,220.04,119.95,100.09
O0004685,CUST00033,2024-10-09,P0028,1,0.1,Card,Electronics,164.95,128.88,164.95,16.5,148.45,128.88,19.57
O0000970,CUST00028,2024-10-09,P0020,1,0.15,COD,Home,149.95,68.06,149.95,22.49,127.46,68.06,59.4
O0000995,CUST00475,2024-10-09,P0012,3,0.1,UPI,Electronics,216.75,132.72,650.25,65.03,585.22,398.16,187.06
O0000671,CUST00473,2024-10-09,P0043,1,0.0,UPI,Electronics,364.08,156.96,364.08,0.0,364.08,156.96,207.12
O0001349,CUST00379,2024-10-09,P0034,1,0.05,Card,Electronics,186.26,105.01,186.26,9.31,176.95,105.01,71.94
O0001442,CUST00310,2024-10-09,P0024,1,0.2,COD,Grocery,220.04,119.95,220.04,44.01,176.03,119.95,56.08
O0004941,CUST00248,2024-10-10,P0043,1,0.0,UPI,Electronics,364.08,156.96,364.08,0.0,364.08,156.96,207.12
O0003908,CUST00418,2024-10-10,P0025,4,0.2,Card,Fashion,234.0,111.05,936.0,187.2,748.8,444.2,304.6
O0000005,CUST00200,2024-10-10,P0041,2,0.1,Net Banking,Grocery,240.98,127.74,481.96,48.2,433.76,255.48,178.28
O0003362,CUST00352,2024-10-10,P0033,1,0.0,Card,Fashion,112.86,61.51,112.86,0.0,112.86,61.51,51.35
O0004868,CUST00600,2024-10-10,P0037,1,0.1,Card,Fashion,32.76,22.26,32.76,3.28,29.48,22.26,7.22
O0004745,CUST00275,2024-10-10,P0042,1,0.0,Card,Fashion,92.99,66.18,92.99,0.0,92.99,66.18,26.81
O0005116,CUST00320,2024-10-10,P0026,1,0.0,UPI,Electronics,133.04,87.51,133.04,0.0,133.04,87.51,45.53
O0000197,CUST00133,2024-10-10,P0020,4,0.1,UPI,Home,149.95,68.06,599.8,59.98,539.82,272.24,267.58
O0002823,CUST00543,2024-10-10,P0034,4,0.1,UPI,Electronics,186.26,105.01,745.04,74.5,670.54,420.04,250.5
O0003742,CUST00212,2024-10-10,P0036,2,0.0,UPI,Home,308.75,157.97,617.5,0.0,617.5,315.94,301.56
O0001575,CUST00364,2024-10-11,P0008,2,0.0,COD,Fashion,152.63,75.07,305.26,0.0,305.26,150.14,155.12
O0002942,CUST00568,2024-10-11,P0028,1,0.1,COD,Electronics,164.95,128.88,164.95,16.5,148.45,128.88,19.57
O0000955,CUST00414,2024-10-11,P0029,1,0.0,Card,Home,354.92,154.02,354.92,0.0,354.92,154.02,200.9
O0000180,CUST00381,2024-10-11,P0041,2,0.1,UPI,Grocery,240.98,127.74,481.96,48.2,433.76,255.48,178.28
O0000916,CUST00556,2024-10-11,P0024,2,0.1,UPI,Grocery,220.04,119.95,440.08,44.01,396.07,239.9,156.17
O0001190,CUST00332,2024-10-11,P0045,1,0.15,Card,Grocery,121.81,53.8,121.81,18.27,103.54,53.8,49.74
O0001706,CUST00400,2024-10-11,P0005,2,0.05,Card,Electronics,273.97,126.69,547.94,27.4,520.54,253.38,267.16
O0003901,CUST00645,2024-10-11,P0026,1,0.1,COD,Electronics,133.04,87.51,133.04,13.3,119.74,87.51,32.23
O0004722,CUST00617,2024-10-12,P0040,2,0.1,Net Banking,Grocery,83.65,51.18,167.3,16.73,150.57,102.36,48.21
O0002491,CUST00584,2024-10-12,P0007,2,0.15,UPI,Grocery,177.14,118.71,354.28,53.14,301.14,237.42,63.72
O0003936,CUST00451,2024-10-12,P0024,3,0.05,Card,Grocery,220.04,119.95,660.12,33.01,627.11,359.85,267.26
O0000948,CUST00647,2024-10-12,P0038,1,0.0,Net Banking,Fashion,157.39,70.68,157.39,0.0,157.39,70.68,86.71
O0004968,CUST00401,2024-10-12,P0003,2,0.15,Net Banking,Home,236.77,123.51,473.54,71.03,402.51,247.02,155.49
O0002307,CUST00262,2024-10-12,P0002,1,0.1,Card,Electronics,165.42,102.08,165.42,16.54,148.88,102.08,46.8
O0001282,CUST00037,2024-10-13,P0007,2,0.1,Card,Grocery,177.14,118.71,354.28,35.43,318.85,237.42,81.43
O0003445,CUST00207,2024-10-13,P0042,1,0.1,UPI,Fashion,92.99,66.18,92.99,9.3,83.69,66.18,17.51
O0004393,CUST00631,2024-10-13,P0007,3,0.2,UPI,Grocery,177.14,118.71,531.42,106.28,425.14,356.13,69.01
O0000522,CUST00023,2024-10-13,P0035,1,0.1,Wallet,Home,139.63,80.04,139.63,13.96,125.67,80.04,45.63
O0002713,CUST00064,2024-10-13,P0007,1,0.1,UPI,Grocery,177.14,118.71,177.14,17.71,159.43,118.71,40.72
O0001764,CUST00565,2024-10-13,P0028,2,0.05,COD,Electronics,164.95,128.88,329.9,16.5,313.4,257.76,55.64
O0002454,CUST00288,2024-10-13,P0041,1,0.0,UPI,Grocery,240.98,127.74,240.98,0.0,240.98,127.74,113.24
O0001346,CUST00517,2024-10-13,P0038,2,0.1,UPI,Fashion,157.39,70.68,314.78,31.48,283.3,141.36,141.94
O0001838,CUST00162,2024-10-13,P0008,2,0.0,Card,Fashion,152.63,75.07,305.26,0.0,305.26,150.14,155.12
O0000764,CUST00056,2024-10-13,P0010,3,0.15,Card,Grocery,158.28,88.17,474.84,71.23,403.61,264.51,139.1
O0001775,CUST00494,2024-10-13,P0034,1,0.1,Wallet,Electronics,186.26,105.01,186.26,18.63,167.63,105.01,62.62
O0001503,CUST00573,2024-10-14,P0022,3,0.05,Card,Electronics,326.52,146.8,979.56,48.98,930.58,440.4,490.18
O0004360,CUST00352,2024-10-14,P0019,1,0.05,Card,Electronics,148.06,96.56,148.06,7.4,140.66,96.56,44.1
O0000855,CUST00258,2024-10-14,P0043,1,0.0,Card,Electronics,364.08,156.96,364.08,0.0,364.08,156.96,207.12
O0000276,CUST00002,2024-10-14,P0030,2,0.0,UPI,Grocery,239.09,117.72,478.18,0.0,478.18,235.44,242.74
O0001036,CUST00312,2024-10-14,P0032,1,0.05,COD,Electronics,325.98,157.6,325.98,16.3,309.68,157.6,152.08
O0004401,CUST00026,2024-10-14,P0043,1,0.1,UPI,Electronics,364.08,156.96,364.08,36.41,327.67,156.96,170.71
O0003639,CUST00160,2024-10-14,P0033,1,0.0,Net Banking,Fashion,112.86,61.51,112.86,0.0,112.86,61.51,51.35
O0004342,CUST00261,2024-10-14,P0007,2,0.2,UPI,Grocery,177.14,118.71,354.28,70.86,283.42,237.42,46.0
O0003079,CUST00597,2024-10-14,P0044,1,0.0,COD,Home,319.2,142.3,319.2,0.0,319.2,142.3,176.9
O0001639,CUST00015,2024-10-15,P0016,2,0.1,Card,Fashion,101.27,44.23,202.54,20.25,182.29,88.46,93.83
O0002566,CUST00523,2024-10-15,P0035,2,0.05,UPI,Home,139.63,80.04,279.26,13.96,265.3,160.08,105.22
O0000929,CUST00074,2024-10-15,P0003,2,0.05,Card,Home,236.77,123.51,473.54,23.68,449.86,247.02,202.84
O0003260,CUST00352,2024-10-15,P0029,2,0.1,Card,Home,354.92,154.02,709.84,70.98,638.86,308.04,330.82
O0002133,CUST00213,2024-10-16,P0015,2,0.0,COD,Fashion,43.69,25.91,87.38,0.0,87.38,51.82,35.56
O0002228,CUST00377,2024-10-16,P0023,4,0.0,Net Banking,Fashion,67.68,45.5,270.72,0.0,270.72,182.0,88.72
O0004042,CUST00208,2024-10-16,P0016,1,0.15,Card,Fashion,101.27,44.23,101.27,15.19,86.08,44.23,41.85
O0001979,CUST00007,2024-10-16,P0043,1,0.0,UPI,Electronics,364.08,156.96,364.08,0.0,364.08,156.96,207.12
O0004719,CUST00433,2024-10-16,P0045,1,0.1,Net Banking,Grocery,121.81,53.8,121.81,12.18,109.63,53.8,55.83
O0004164,CUST00375,2024-10-16,P0019,2,0.05,UPI,Electronics,148.06,96.56,296.12,14.81,281.31,193.12,88.19
O0003380,CUST00562,2024-10-16,P0004,1,0.0,Wallet,Home,54.29,27.5,54.29,0.0,54.29,27.5,26.79
O0003227,CUST00361,2024-10-16,P0001,1,0.05,Card,Fashion,114.26,54.48,114.26,5.71,108.55,54.48,54.07
O0004803,CUST00307,2024-10-16,P0009,1,0.1,Net Banking,Fashion,264.14,141.26,264.14,26.41,237.73,141.26,96.47
O0002783,CUST00230,2024-10-16,P0010,3,0.0,COD,Grocery,158.28,88.17,474.84,0.0,474.84,264.51,210.33
O0004643,CUST00316,2024-10-16,P0037,1,0.15,UPI,Fashion,32.76,22.26,32.76,4.91,27.85,22.26,5.59
O0004845,CUST00201,2024-10-16,P0041,2,0.2,UPI,Grocery,240.98,127.74,481.96,96.39,385.57,255.48,130.09
O0000776,CUST00608,2024-10-17,P0029,3,0.2,UPI,Home,354.92,154.02,1064.76,212.95,851.81,462.06,389.75
O0004313,CUST00021,2024-10-17,P0043,2,0.1,Wallet,Electronics,364.08,156.96,728.16,72.82,655.34,313.92,341.42
O0002137,CUST00421,2024-10-17,P0004,1,0.0,UPI,Home,54.29,27.5,54.29,0.0,54.29,27.5,26.79
O0002391,CUST00129,2024-10-17,P0003,2,0.0,UPI,Home,236.77,123.51,473.54,0.0,473.54,247.02,226.52
O0001578,CUST00598,2024-10-17,P0004,3,0.05,Card,Home,54.29,27.5,162.87,8.14,154.73,82.5,72.23
O0004196,CUST00367,2024-10-17,P0001,1,0.0,UPI,Fashion,114.26,54.48,114.26,0.0,114.26,54.48,59.78
O0001743,CUST00281,2024-10-17,P0010,1,0.0,UPI,Grocery,158.28,88.17,158.28,0.0,158.28,88.17,70.11
O0004211,CUST00107,2024-10-17,P0043,2,0.0,COD,Electronics,364.08,156.96,728.16,0.0,728.16,313.92,414.24
O0000979,CUST00009,2024-10-17,P0040,1,0.05,Card,Grocery,83.65,51.18,83.65,4.18,79.47,51.18,28.29
O0001312,CUST00216,2024-10-17,P0011,3,0.1,UPI,Electronics,158.87,121.21,476.61,47.66,428.95,363.63,65.32
O0003883,CUST00281,2024-10-18,P0041,1,0.2,Card,Grocery,240.98,127.74,240.98,48.2,192.78,127.74,65.04
O0000121,CUST00348,2024-10-18,P0020,1,0.2,Card,Home,149.95,68.06,149.95,29.99,119.96,68.06,51.9
O0001940,CUST00400,2024-10-18,P0007,2,0.0,Card,Grocery,177.14,118.71,354.28,0.0,354.28,237.42,116.86
O0002884,CUST00418,2024-10-18,P0029,1,0.05,COD,Home,354.92,154.02,354.92,17.75,337.17,154.02,183.15
O0003135,CUST00559,2024-10-19,P0015,2,0.15,COD,Fashion,43.69,25.91,87.38,13.11,74.27,51.82,22.45
O0002785,CUST00128,2024-10-19,P0023,1,0.0,UPI,Fashion,67.68,45.5,67.68,0.0,67.68,45.5,22.18
O0004394,CUST00429,2024-10-19,P0022,1,0.05,Net Banking,Electronics,326.52,146.8,326.52,16.33,310.19,146.8,163.39
O0000394,CUST00512,2024-10-19,P0044,2,0.1,Wallet,Home,319.2,142.3,638.4,63.84,574.56,284.6,289.96
O0000973,CUST00286,2024-10-19,P0028,2,0.0,COD,Electronics,164.95,128.88,329.9,0.0,329.9,257.76,72.14
O0000809,CUST00054,2024-10-19,P0023,1,0.05,UPI,Fashion,67.68,45.5,67.68,3.38,64.3,45.5,18.8
O0001612,CUST00113,2024-10-19,P0027,2,0.15,Card,Electronics,55.13,36.66,110.26,16.54,93.72,73.32,20.4
O0005194,CUST00288,2024-10-19,P0031,1,0.1,Card,Electronics,287.51,147.51,287.51,28.75,258.76,147.51,111.25
O0000890,CUST00212,2024-10-19,P0005,1,0.0,COD,Electronics,273.97,126.69,273.97,0.0,273.97,126.69,147.28
O0003726,CUST00464,2024-10-19,P0045,2,0.2,UPI,Grocery,121.81,53.8,243.62,48.72,194.9,107.6,87.3
O0004975,CUST00358,2024-10-20,P0013,2,0.2,Card,Grocery,268.38,121.9,536.76,107.35,429.41,243.8,185.61
O0001595,CUST00276,2024-10-20,P0022,1,0.05,Card,Electronics,326.52,146.8,326.52,16.33,310.19,146.8,163.39
O0005069,CUST00137,2024-10-20,P0035,1,0.1,UPI,Home,139.63,80.04,139.63,13.96,125.67,80.04,45.63
O0003587,CUST00450,2024-10-20,P0026,1,0.15,Card,Electronics,133.04,87.51,133.04,19.96,113.08,87.51,25.57
O0003851,CUST00194,2024-10-20,P0023,2,0.0,Net Banking,Fashion,67.68,45.5,135.36,0.0,135.36,91.0,44.36
O0002596,CUST00190,2024-10-20,P0034,1,0.0,Net Banking,Electronics,186.26,105.01,186.26,0.0,186.26,105.01,81.25
O0002080,CUST00400,2024-10-20,P0045,1,0.05,Card,Grocery,121.81,53.8,121.81,6.09,115.72,53.8,61.92
O0000738,CUST00276,2024-10-20,P0024,3,0.1,Net Banking,Grocery,220.04,119.95,660.12,66.01,594.11,359.85,234.26
O0000255,CUST00379,2024-10-20,P0041,3,0.0,UPI,Grocery,240.98,127.74,722.94,0.0,722.94,383.22,339.72
O0005185,CUST00587,2024-10-21,P0045,4,0.15,UPI,Grocery,121.81,53.8,487.24,73.09,414.15,215.2,198.95
O0001803,CUST00595,2024-10-21,P0009,3,0.0,COD,Fashion,264.14,141.26,792.42,0.0,792.42,423.78,368.64
O0001767,CUST00637,2024-10-21,P0021,4,0.0,Card,Beauty,264.24,127.61,1056.96,0.0,1056.96,510.44,546.52
O0002604,CUST00646,2024-10-21,P0024,1,0.1,UPI,Grocery,220.04,119.95,220.04,22.0,198.04,119.95,78.09
O0005052,CUST00611,2024-10-21,P0026,1,0.0,Card,Electronics,133.04,87.51,133.04,0.0,133.04,87.51,45.53
O0002846,CUST00110,2024-10-21,P0027,3,0.1,COD,Electronics,55.13,36.66,165.39,16.54,148.85,109.98,38.87
O0000984,CUST00360,2024-10-21,P0037,2,0.1,Card,Fashion,32.76,22.26,65.52,6.55,58.97,44.52,14.45
O0004325,CUST00490,2024-10-21,P0029,1,0.0,UPI,Home,354.92,154.02,354.92,0.0,354.92,154.02,200.9
O0003111,CUST00625,2024-10-21,P0010,2,0.05,Card,Grocery,158.28,88.17,316.56,15.83,300.73,176.34,124.39
O0000727,CUST00365,2024-10-22,P0022,3,0.15,Net Banking,Electronics,326.52,146.8,979.56,146.93,832.63,440.4,392.23
O0001477,CUST00104,2024-10-22,P0039,2,0.15,Card,Electronics,302.32,141.08,604.64,90.7,513.94,282.16,231.78
O0000232,CUST00352,2024-10-22,P0031,1,0.1,Card,Electronics,287.51,147.51,287.51,28.75,258.76,147.51,111.25
O0002670,CUST00606,2024-10-22,P0023,1,0.15,Wallet,Fashion,67.68,45.5,67.68,10.15,57.53,45.5,12.03
O0005186,CUST00341,2024-10-22,P0040,4,0.1,UPI,Grocery,83.65,51.18,334.6,33.46,301.14,204.72,96.42
O0001828,CUST00036,2024-10-22,P0022,3,0.15,COD,Electronics,326.52,146.8,979.56,146.93,832.63,440.4,392.23
O0002093,CUST00344,2024-10-22,P0036,1,0.1,Net Banking,Home,308.75,157.97,308.75,30.88,277.87,157.97,119.9
O0001824,CUST00175,2024-10-22,P0036,1,0.0,Card,Home,308.75,157.97,308.75,0.0,308.75,157.97,150.78
O0000619,CUST00431,2024-10-22,P0016,2,0.1,Card,Fashion,101.27,44.23,202.54,20.25,182.29,88.46,93.83
O0002606,CUST00325,2024-10-23,P0030,3,0.0,Card,Grocery,239.09,117.72,717.27,0.0,717.27,353.16,364.11
O0001074,CUST00251,2024-10-23,P0006,1,0.1,UPI,Beauty,192.36,150.65,192.36,19.24,173.12,150.65,22.47
O0002807,CUST00249,2024-10-23,P0003,1,0.0,COD,Home,236.77,123.51,236.77,0.0,236.77,123.51,113.26
O0002281,CUST00428,2024-10-23,P0015,4,0.0,Card,Fashion,43.69,25.91,174.76,0.0,174.76,103.64,71.12
O0004855,CUST00261,2024-10-23,P0022,3,0.15,UPI,Electronics,326.52,146.8,979.56,146.93,832.63,440.4,392.23
O0000982,CUST00314,2024-10-23,P0017,3,0.2,Net Banking,Home,110.28,84.44,330.84,66.17,264.67,253.32,11.35
O0001060,CUST00271,2024-10-23,P0022,3,0.1,Card,Electronics,326.52,146.8,979.56,97.96,881.6,440.4,441.2
O0004411,CUST00649,2024-10-24,P0001,1,0.1,UPI,Fashion,114.26,54.48,114.26,11.43,102.83,54.48,48.35
O0001566,CUST00518,2024-10-24,P0027,2,0.0,UPI,Electronics,55.13,36.66,110.26,0.0,110.26,73.32,36.94
O0002573,CUST00624,2024-10-24,P0018,4,0.05,Net Banking,Beauty,175.93,84.8,703.72,35.19,668.53,339.2,329.33
O0004650,CUST00525,2024-10-24,P0041,1,0.1,Card,Grocery,240.98,127.74,240.98,24.1,216.88,127.74,89.14
O0004274,CUST00188,2024-10-24,P0003,2,0.15,COD,Home,236.77,123.51,473.54,71.03,402.51,247.02,155.49
O0001981,CUST00396,2024-10-24,P0041,1,0.1,Net Banking,Grocery,240.98,127.74,240.98,24.1,216.88,127.74,89.14
O0003599,CUST00271,2024-10-24,P0040,4,0.0,Wallet,Grocery,83.65,51.18,334.6,0.0,334.6,204.72,129.88
O0000004,CUST00602,2024-10-25,P0024,4,0.2,COD,Grocery,220.04,119.95,880.16,176.03,704.13,479.8,224.33
O0000846,CUST00236,2024-10-25,P0045,2,0.0,UPI,Grocery,121.81,53.8,243.62,0.0,243.62,107.6,136.02
O0004161,CUST00344,2024-10-25,P0010,1,0.0,Card,Grocery,158.28,88.17,158.28,0.0,158.28,88.17,70.11
O0001342,CUST00512,2024-10-25,P0016,1,0.05,UPI,Fashion,101.27,44.23,101.27,5.06,96.21,44.23,51.98
O0000123,CUST00025,2024-10-25,P0008,1,0.05,Card,Fashion,152.63,75.07,152.63,7.63,145.0,75.07,69.93
O0000446,CUST00314,2024-10-26,P0005,2,0.1,UPI,Electronics,273.97,126.69,547.94,54.79,493.15,253.38,239.77
O0003762,CUST00051,2024-10-26,P0004,1,0.05,COD,Home,54.29,27.5,54.29,2.71,51.58,27.5,24.08
O0001088,CUST00458,2024-10-26,P0019,2,0.1,UPI,Electronics,148.06,96.56,296.12,29.61,266.51,193.12,73.39
O0002799,CUST00176,2024-10-26,P0009,4,0.0,UPI,Fashion,264.14,141.26,1056.56,0.0,1056.56,565.04,491.52
O0000504,CUST00490,2024-10-27,P0031,1,0.0,COD,Electronics,287.51,147.51,287.51,0.0,287.51,147.51,140.0
O0002949,CUST00237,2024-10-27,P0020,1,0.15,COD,Home,149.95,68.06,149.95,22.49,127.46,68.06,59.4
O0001517,CUST00562,2024-10-27,P0041,2,0.1,Net Banking,Grocery,240.98,127.74,481.96,48.2,433.76,255.48,178.28
O0004399,CUST00634,2024-10-28,P0003,1,0.0,Net Banking,Home,236.77,123.51,236.77,0.0,236.77,123.51,113.26
O0001167,CUST00183,2024-10-28,P0014,1,0.1,UPI,Electronics,66.45,51.75,66.45,6.64,59.81,51.75,8.06
O0002029,CUST00019,2024-10-28,P0031,2,0.05,Card,Electronics,287.51,147.51,575.02,28.75,546.27,295.02,251.25
O0003082,CUST00339,2024-10-28,P0015,4,0.2,COD,Fashion,43.69,25.91,174.76,34.95,139.81,103.64,36.17
O0003354,CUST00207,2024-10-28,P0030,1,0.0,COD,Grocery,239.09,117.72,239.09,0.0,239.09,117.72,121.37
O0000553,CUST00507,2024-10-28,P0036,3,0.15,Net Banking,Home,308.75,157.97,926.25,138.94,787.31,473.91,313.4
O0000134,CUST00600,2024-10-28,P0013,1,0.1,Wallet,Grocery,268.38,121.9,268.38,26.84,241.54,121.9,119.64
O0002743,CUST00220,2024-10-29,P0030,1,0.05,COD,Grocery,239.09,117.72,239.09,11.95,227.14,117.72,109.42
O0000750,CUST00367,2024-10-29,P0019,3,0.2,UPI,Electronics,148.06,96.56,444.18,88.84,355.34,289.68,65.66
O0002917,CUST00402,2024-10-29,P0004,1,0.1,Card,Home,54.29,27.5,54.29,5.43,48.86,27.5,21.36
O0002245,CUST00344,2024-10-29,P0021,1,0.0,UPI,Beauty,264.24,127.61,264.24,0.0,264.24,127.61,136.63
O0001662,CUST00103,2024-10-30,P0024,2,0.05,UPI,Grocery,220.04,119.95,440.08,22.0,418.08,239.9,178.18
O0003755,CUST00486,2024-10-30,P0044,2,0.05,Wallet,Home,319.2,142.3,638.4,31.92,606.48,284.6,321.88
O0002921,CUST00368,2024-10-30,P0036,3,0.05,COD,Home,308.75,157.97,926.25,46.31,879.94,473.91,406.03
O0000294,CUST00300,2024-10-30,P0004,3,0.05,Card,Home,54.29,27.5,162.87,8.14,154.73,82.5,72.23
O0004269,CUST00432,2024-10-30,P0016,1,0.05,Net Banking,Fashion,101.27,44.23,101.27,5.06,96.21,44.23,51.98
O0003043,CUST00298,2024-10-30,P0044,2,0.0,COD,Home,319.2,142.3,638.4,0.0,638.4,284.6,353.8
O0000543,CUST00332,2024-10-30,P0024,1,0.05,Wallet,Grocery,220.04,119.95,220.04,11.0,209.04,119.95,89.09
O0000376,CUST00253,2024-10-30,P0038,2,0.1,Wallet,Fashion,157.39,70.68,314.78,31.48,283.3,141.36,141.94
O0003543,CUST00312,2024-10-30,P0035,1,0.0,UPI,Home,139.63,80.04,139.63,0.0,139.63,80.04,59.59
O0004410,CUST00120,2024-10-30,P0042,2,0.0,Wallet,Fashion,92.99,66.18,185.98,0.0,185.98,132.36,53.62
O0002392,CUST00161,2024-10-31,P0013,2,0.15,Card,Grocery,268.38,121.9,536.76,80.51,456.25,243.8,212.45
O0004033,CUST00413,2024-10-31,P0008,1,0.1,Wallet,Fashion,152.63,75.07,152.63,15.26,137.37,75.07,62.3
O0001181,CUST00236,2024-10-31,P0033,2,0.05,Wallet,Fashion,112.86,61.51,225.72,11.29,214.43,123.02,91.41
O0003544,CUST00275,2024-10-31,P0019,2,0.05,UPI,Electronics,148.06,96.56,296.12,14.81,281.31,193.12,88.19
O0003563,CUST00246,2024-10-31,P0024,4,0.0,Card,Grocery,220.04,119.95,880.16,0.0,880.16,479.8,400.36
O0003886,CUST00207,2024-10-31,P0029,3,0.0,Net Banking,Home,354.92,154.02,1064.76,0.0,1064.76,462.06,602.7
O0001591,CUST00385,2024-10-31,P0020,3,0.1,Card,Home,149.95,68.06,449.85,44.99,404.86,204.18,200.68
O0003670,CUST00176,2024-10-31,P0030,3,0.15,UPI,Grocery,239.09,117.72,717.27,107.59,609.68,353.16,256.52
O0000192,CUST00112,2024-10-31,P0040,1,0.05,Net Banking,Grocery,83.65,51.18,83.65,4.18,79.47,51.18,28.29
O0000035,CUST00472,2024-11-01,P0019,2,0.05,COD,Electronics,148.06,96.56,296.12,14.81,281.31,193.12,88.19
O0002010,CUST00022,2024-11-01,P0011,1,0.05,Net Banking,Electronics,158.87,121.21,158.87,7.94,150.93,121.21,29.72
O0004689,CUST00324,2024-11-01,P0040,2,0.0,UPI,Grocery,83.65,51.18,167.3,0.0,167.3,102.36,64.94
O0000458,CUST00395,2024-11-01,P0008,1,0.1,Card,Fashion,152.63,75.07,152.63,15.26,137.37,75.07,62.3
O0003207,CUST00503,2024-11-01,P0045,1,0.1,COD,Grocery,121.81,53.8,121.81,12.18,109.63,53.8,55.83
O0001512,CUST00564,2024-11-02,P0044,1,0.15,COD,Home,319.2,142.3,319.2,47.88,271.32,142.3,129.02
O0000658,CUST00218,2024-11-02,P0026,4,0.15,Card,Electronics,133.04,87.51,532.16,79.82,452.34,350.04,102.3
O0000120,CUST00505,2024-11-02,P0024,1,0.0,Net Banking,Grocery,220.04,119.95,220.04,0.0,220.04,119.95,100.09
O0001879,CUST00208,2024-11-02,P0025,1,0.0,COD,Fashion,234.0,111.05,234.0,0.0,234.0,111.05,122.95
O0004015,CUST00205,2024-11-02,P0045,1,0.1,Net Banking,Grocery,121.81,53.8,121.81,12.18,109.63,53.8,55.83
O0002901,CUST00260,2024-11-02,P0011,2,0.1,Net Banking,Electronics,158.87,121.21,317.74,31.77,285.97,242.42,43.55
O0001919,CUST00379,2024-11-02,P0008,1,0.0,COD,Fashion,152.63,75.07,152.63,0.0,152.63,75.07,77.56
O0001049,CUST00572,2024-11-02,P0033,2,0.0,COD,Fashion,112.86,61.51,225.72,0.0,225.72,123.02,102.7
O0004929,CUST00025,2024-11-02,P0010,2,0.0,Card,Grocery,158.28,88.17,316.56,0.0,316.56,176.34,140.22
O0002631,CUST00551,2024-11-02,P0025,2,0.0,COD,Fashion,234.0,111.05,468.0,0.0,468.0,222.1,245.9
O0004950,CUST00288,2024-11-02,P0029,2,0.1,UPI,Home,354.92,154.02,709.84,70.98,638.86,308.04,330.82
O0000778,CUST00052,2024-11-03,P0042,4,0.1,Card,Fashion,92.99,66.18,371.96,37.2,334.76,264.72,70.04
O0001920,CUST00460,2024-11-03,P0041,1,0.0,Card,Grocery,240.98,127.74,240.98,0.0,240.98,127.74,113.24
O0004103,CUST00492,2024-11-03,P0010,3,0.15,Card,Grocery,158.28,88.17,474.84,71.23,403.61,264.51,139.1
O0004402,CUST00018,2024-11-03,P0016,4,0.0,COD,Fashion,101.27,44.23,405.08,0.0,405.08,176.92,228.16
O0004041,CUST00481,2024-11-03,P0011,2,0.1,Card,Electronics,158.87,121.21,317.74,31.77,285.97,242.42,43.55
O0003652,CUST00410,2024-11-03,P0005,1,0.05,UPI,Electronics,273.97,126.69,273.97,13.7,260.27,126.69,133.58
O0004126,CUST00575,2024-11-03,P0045,1,0.05,Card,Grocery,121.81,53.8,121.81,6.09,115.72,53.8,61.92
O0002233,CUST00542,2024-11-04,P0012,1,0.1,COD,Electronics,216.75,132.72,216.75,21.68,195.07,132.72,62.35
O0000579,CUST00253,2024-11-04,P0039,1,0.05,Card,Electronics,302.32,141.08,302.32,15.12,287.2,141.08,146.12
O0003711,CUST00202,2024-11-04,P0007,4,0.1,Wallet,Grocery,177.14,118.71,708.56,70.86,637.7,474.84,162.86
O0004792,CUST00068,2024-11-04,P0002,2,0.0,COD,Electronics,165.42,102.08,330.84,0.0,330.84,204.16,126.68
O0003451,CUST00393,2024-11-04,P0012,2,0.2,UPI,Electronics,216.75,132.72,433.5,86.7,346.8,265.44,81.36
O0000006,CUST00345,2024-11-04,P0027,1,0.05,UPI,Electronics,55.13,36.66,55.13,2.76,52.37,36.66,15.71
O0003661,CUST00419,2024-11-04,P0010,2,0.05,COD,Grocery,158.28,88.17,316.56,15.83,300.73,176.34,124.39
O0000647,CUST00028,2024-11-05,P0011,2,0.15,Wallet,Electronics,158.87,121.21,317.74,47.66,270.08,242.42,27.66
O0002973,CUST00490,2024-11-05,P0040,3,0.0,Card,Grocery,83.65,51.18,250.95,0.0,250.95,153.54,97.41
O0002659,CUST00075,2024-11-05,P0045,2,0.1,UPI,Grocery,121.81,53.8,243.62,24.36,219.26,107.6,111.66
O0002978,CUST00288,2024-11-05,P0036,2,0.2,Wallet,Home,308.75,157.97,617.5,123.5,494.0,315.94,178.06
O0004392,CUST00592,2024-11-05,P0039,2,0.1,Wallet,Electronics,302.32,141.08,604.64,60.46,544.18,282.16,262.02
O0003778,CUST00482,2024-11-05,P0040,1,0.1,Net Banking,Grocery,83.65,51.18,83.65,8.36,75.29,51.18,24.11
O0003842,CUST00026,2024-11-05,P0027,1,0.1,UPI,Electronics,55.13,36.66,55.13,5.51,49.62,36.66,12.96
O0004092,CUST00595,2024-11-05,P0028,1,0.0,UPI,Electronics,164.95,128.88,164.95,0.0,164.95,128.88,36.07
O0000003,CUST00352,2024-11-05,P0020,4,0.2,Wallet,Home,149.95,68.06,599.8,119.96,479.84,272.24,207.6
O0001426,CUST00640,2024-11-05,P0030,1,0.0,Card,Grocery,239.09,117.72,239.09,0.0,239.09,117.72,121.37
O0000823,CUST00150,2024-11-06,P0031,3,0.1,COD,Electronics,287.51,147.51,862.53,86.25,776.28,442.53,333.75
O0004744,CUST00429,2024-11-06,P0028,1,0.1,Wallet,Electronics,164.95,128.88,164.95,16.5,148.45,128.88,19.57
O0004575,CUST00204,2024-11-06,P0031,4,0.2,COD,Electronics,287.51,147.51,1150.04,230.01,920.03,590.04,329.99
O0000566,CUST00564,2024-11-06,P0013,4,0.15,Card,Grocery,268.38,121.9,1073.52,161.03,912.49,487.6,424.89
O0005135,CUST00237,2024-11-06,P0031,3,0.15,Card,Electronics,287.51,147.51,862.53,129.38,733.15,442.53,290.62
O0002642,CUST00255,2024-11-06,P0002,1,0.1,UPI,Electronics,165.42,102.08,165.42,16.54,148.88,102.08,46.8
O0004104,CUST00482,2024-11-06,P0012,3,0.0,Card,Electronics,216.75,132.72,650.25,0.0,650.25,398.16,252.09
O0000309,CUST00500,2024-11-06,P0013,1,0.2,Wallet,Grocery,268.38,121.9,268.38,53.68,214.7,121.9,92.8
O0002560,CUST00405,2024-11-06,P0032,2,0.0,Net Banking,Electronics,325.98,157.6,651.96,0.0,651.96,315.2,336.76
O0002473,CUST00151,2024-11-07,P0042,2,0.0,UPI,Fashion,92.99,66.18,185.98,0.0,185.98,132.36,53.62
O0001608,CUST00624,2024-11-07,P0003,2,0.05,Wallet,Home,236.77,123.51,473.54,23.68,449.86,247.02,202.84
O0003861,CUST00490,2024-11-07,P0029,2,0.05,UPI,Home,354.92,154.02,709.84,35.49,674.35,308.04,366.31
O0000444,CUST00412,2024-11-07,P0008,1,0.1,UPI,Fashion,152.63,75.07,152.63,15.26,137.37,75.07,62.3
O0004449,CUST00044,2024-11-07,P0007,2,0.0,UPI,Grocery,177.14,118.71,354.28,0.0,354.28,237.42,116.86
O0005080,CUST00515,2024-11-07,P0016,1,0.0,COD,Fashion,101.27,44.23,101.27,0.0,101.27,44.23,57.04
O0004434,CUST00516,2024-11-08,P0016,1,0.1,UPI,Fashion,101.27,44.23,101.27,10.13,91.14,44.23,46.91
O0004606,CUST00352,2024-11-08,P0026,3,0.2,Wallet,Electronics,133.04,87.51,399.12,79.82,319.3,262.53,56.77
O0003342,CUST00171,2024-11-08,P0015,1,0.2,Card,Fashion,43.69,25.91,43.69,8.74,34.95,25.91,9.04
O0002229,CUST00488,2024-11-08,P0036,2,0.1,UPI,Home,308.75,157.97,617.5,61.75,555.75,315.94,239.81
O0002540,CUST00547,2024-11-08,P0024,1,0.05,UPI,Grocery,220.04,119.95,220.04,11.0,209.04,119.95,89.09
O0003641,CUST00158,2024-11-08,P0001,1,0.05,UPI,Fashion,114.26,54.48,114.26,5.71,108.55,54.48,54.07
O0001949,CUST00035,2024-11-08,P0041,3,0.05,Card,Grocery,240.98,127.74,722.94,36.15,686.79,383.22,303.57
O0001236,CUST00494,2024-11-08,P0019,4,0.0,Card,Electronics,148.06,96.56,592.24,0.0,592.24,386.24,206.0
O0003687,CUST00242,2024-11-08,P0016,4,0.2,UPI,Fashion,101.27,44.23,405.08,81.02,324.06,176.92,147.14
O0005195,CUST00375,2024-11-08,P0018,1,0.05,UPI,Beauty,175.93,84.8,175.93,8.8,167.13,84.8,82.33
O0000024,CUST00511,2024-11-09,P0012,2,0.0,Card,Electronics,216.75,132.72,433.5,0.0,433.5,265.44,168.06
O0003803,CUST00473,2024-11-09,P0025,1,0.0,Card,Fashion,234.0,111.05,234.0,0.0,234.0,111.05,122.95
O0004782,CUST00082,2024-11-09,P0014,1,0.0,UPI,Electronics,66.45,51.75,66.45,0.0,66.45,51.75,14.7
O0003837,CUST00482,2024-11-09,P0039,4,0.05,Card,Electronics,302.32,141.08,1209.28,60.46,1148.82,564.32,584.5
O0001766,CUST00398,2024-11-09,P0024,1,0.0,Card,Grocery,220.04,119.95,220.04,0.0,220.04,119.95,100.09
O0002051,CUST00007,2024-11-09,P0041,1,0.05,UPI,Grocery,240.98,127.74,240.98,12.05,228.93,127.74,101.19
O0004894,CUST00288,2024-11-09,P0024,2,0.15,Card,Grocery,220.04,119.95,440.08,66.01,374.07,239.9,134.17
O0005197,CUST00280,2024-11-10,P0040,4,0.0,Card,Grocery,83.65,51.18,334.6,0.0,334.6,204.72,129.88
O0004378,CUST00454,2024-11-10,P0029,1,0.0,Net Banking,Home,354.92,154.02,354.92,0.0,354.92,154.02,200.9
O0001581,CUST00642,2024-11-10,P0001,1,0.15,UPI,Fashion,114.26,54.48,114.26,17.14,97.12,54.48,42.64
O0001076,CUST00155,2024-11-10,P0012,1,0.2,UPI,Electronics,216.75,132.72,216.75,43.35,173.4,132.72,40.68
O0000047,CUST00464,2024-11-10,P0009,4,0.15,COD,Fashion,264.14,141.26,1056.56,158.48,898.08,565.04,333.04
O0004416,CUST00543,2024-11-10,P0027,2,0.05,Card,Electronics,55.13,36.66,110.26,5.51,104.75,73.32,31.43
O0001855,CUST00561,2024-11-10,P0045,1,0.2,Net Banking,Grocery,121.81,53.8,121.81,24.36,97.45,53.8,43.65
O0003013,CUST00404,2024-11-10,P0035,1,0.1,UPI,Home,139.63,80.04,139.63,13.96,125.67,80.04,45.63
O0001673,CUST00517,2024-11-10,P0005,4,0.05,Card,Electronics,273.97,126.69,1095.88,54.79,1041.09,506.76,534.33
O0001401,CUST00058,2024-11-11,P0008,2,0.0,Net Banking,Fashion,152.63,75.07,305.26,0.0,305.26,150.14,155.12
O0004456,CUST00582,2024-11-11,P0019,3,0.0,UPI,Electronics,148.06,96.56,444.18,0.0,444.18,289.68,154.5
O0002665,CUST00247,2024-11-11,P0029,4,0.05,Card,Home,354.92,154.02,1419.68,70.98,1348.7,616.08,732.62
O0003391,CUST00350,2024-11-12,P0016,1,0.0,Wallet,Fashion,101.27,44.23,101.27,0.0,101.27,44.23,57.04
O0001476,CUST00106,2024-11-12,P0038,4,0.0,Card,Fashion,157.39,70.68,629.56,0.0,629.56,282.72,346.84
O0002869,CUST00275,2024-11-12,P0005,1,0.15,Net Banking,Electronics,273.97,126.69,273.97,41.1,232.87,126.69,106.18
O0004298,CUST00273,2024-11-12,P0009,1,0.15,UPI,Fashion,264.14,141.26,264.14,39.62,224.52,141.26,83.26
O0004906,CUST00057,2024-11-12,P0044,2,0.0,COD,Home,319.2,142.3,638.4,0.0,638.4,284.6,353.8
O0001293,CUST00183,2024-11-12,P0043,1,0.0,Net Banking,Electronics,364.08,156.96,364.08,0.0,364.08,156.96,207.12
O0004202,CUST00289,2024-11-12,P0036,1,0.1,Wallet,Home,308.75,157.97,308.75,30.88,277.87,157.97,119.9
O0002085,CUST00394,2024-11-12,P0043,2,0.1,Wallet,Electronics,364.08,156.96,728.16,72.82,655.34,313.92,341.42
O0003967,CUST00074,2024-11-12,P0006,2,0.15,UPI,Beauty,192.36,150.65,384.72,57.71,327.01,301.3,25.71
O0000140,CUST00490,2024-11-12,P0040,2,0.1,COD,Grocery,83.65,51.18,167.3,16.73,150.57,102.36,48.21
O0003982,CUST00160,2024-11-13,P0010,2,0.0,Net Banking,Grocery,158.28,88.17,316.56,0.0,316.56,176.34,140.22
O0000030,CUST00007,2024-11-13,P0033,2,0.2,Card,Fashion,112.86,61.51,225.72,45.14,180.58,123.02,57.56
O0001891,CUST00260,2024-11-13,P0043,2,0.05,Card,Electronics,364.08,156.96,728.16,36.41,691.75,313.92,377.83
O0002343,CUST00386,2024-11-13,P0041,1,0.0,Card,Grocery,240.98,127.74,240.98,0.0,240.98,127.74,113.24
O0002673,CUST00523,2024-11-13,P0001,1,0.0,UPI,Fashion,114.26,54.48,114.26,0.0,114.26,54.48,59.78
O0004670,CUST00352,2024-11-13,P0031,2,0.1,UPI,Electronics,287.51,147.51,575.02,57.5,517.52,295.02,222.5
O0001528,CUST00112,2024-11-13,P0027,2,0.15,Card,Electronics,55.13,36.66,110.26,16.54,93.72,73.32,20.4
O0003869,CUST00619,2024-11-13,P0010,3,0.1,COD,Grocery,158.28,88.17,474.84,47.48,427.36,264.51,162.85
O0004869,CUST00170,2024-11-13,P0015,1,0.1,Card,Fashion,43.69,25.91,43.69,4.37,39.32,25.91,13.41
O0001769,CUST00530,2024-11-14,P0045,3,0.15,UPI,Grocery,121.81,53.8,365.43,54.81,310.62,161.4,149.22
O0003478,CUST00359,2024-11-14,P0012,2,0.05,Wallet,Electronics,216.75,132.72,433.5,21.68,411.82,265.44,146.38
O0001909,CUST00285,2024-11-14,P0013,1,0.0,UPI,Grocery,268.38,121.9,268.38,0.0,268.38,121.9,146.48
O0002721,CUST00557,2024-11-14,P0040,4,0.15,Card,Grocery,83.65,51.18,334.6,50.19,284.41,204.72,79.69
O0002270,CUST00547,2024-11-14,P0020,2,0.05,UPI,Home,149.95,68.06,299.9,15.0,284.9,136.12,148.78
O0003703,CUST00089,2024-11-14,P0017,1,0.1,Card,Home,110.28,84.44,110.28,11.03,99.25,84.44,14.81
O0000369,CUST00329,2024-11-14,P0009,1,0.05,Wallet,Fashion,264.14,141.26,264.14,13.21,250.93,141.26,109.67
O0001124,CUST00330,2024-11-15,P0036,1,0.0,Card,Home,308.75,157.97,308.75,0.0,308.75,157.97,150.78
O0003521,CUST00103,2024-11-15,P0007,2,0.0,Wallet,Grocery,177.14,118.71,354.28,0.0,354.28,237.42,116.86
O0003475,CUST00641,2024-11-15,P0030,1,0.0,Card,Grocery,239.09,117.72,239.09,0.0,239.09,117.72,121.37
O0003469,CUST00077,2024-11-15,P0022,3,0.1,Card,Electronics,326.52,146.8,979.56,97.96,881.6,440.4,441.2
O0003812,CUST00007,2024-11-15,P0015,2,0.1,Wallet,Fashion,43.69,25.91,87.38,8.74,78.64,51.82,26.82
O0000422,CUST00611,2024-11-15,P0023,1,0.15,UPI,Fashion,67.68,45.5,67.68,10.15,57.53,45.5,12.03
O0004097,CUST00187,2024-11-15,P0031,2,0.0,UPI,Electronics,287.51,147.51,575.02,0.0,575.02,295.02,280.0
O0002478,CUST00216,2024-11-15,P0004,2,0.15,UPI,Home,54.29,27.5,108.58,16.29,92.29,55.0,37.29
O0003795,CUST00260,2024-11-16,P0019,1,0.15,Card,Electronics,148.06,96.56,148.06,22.21,125.85,96.56,29.29
O0002557,CUST00585,2024-11-16,P0019,2,0.2,Net Banking,Electronics,148.06,96.56,296.12,59.22,236.9,193.12,43.78
O0002758,CUST00204,2024-11-16,P0020,1,0.1,COD,Home,149.95,68.06,149.95,15.0,134.95,68.06,66.89
O0004234,CUST00513,2024-11-16,P0035,3,0.0,COD,Home,139.63,80.04,418.89,0.0,418.89,240.12,178.77
O0001145,CUST00377,2024-11-16,P0012,1,0.1,Wallet,Electronics,216.75,132.72,216.75,21.68,195.07,132.72,62.35
O0003857,CUST00103,2024-11-16,P0006,4,0.0,Card,Beauty,192.36,150.65,769.44,0.0,769.44,602.6,166.84
O0002102,CUST00147,2024-11-17,P0022,2,0.0,UPI,Electronics,326.52,146.8,653.04,0.0,653.04,293.6,359.44
O0004038,CUST00541,2024-11-17,P0018,1,0.1,COD,Beauty,175.93,84.8,175.93,17.59,158.34,84.8,73.54
O0001365,CUST00027,2024-11-17,P0018,3,0.0,Card,Beauty,175.93,84.8,527.79,0.0,527.79,254.4,273.39
O0002819,CUST00266,2024-11-17,P0017,2,0.15,Net Banking,Home,110.28,84.44,220.56,33.08,187.48,168.88,18.6
O0004695,CUST00036,2024-11-17,P0010,2,0.0,Net Banking,Grocery,158.28,88.17,316.56,0.0,316.56,176.34,140.22
O0002864,CUST00316,2024-11-17,P0030,2,0.1,COD,Grocery,239.09,117.72,478.18,47.82,430.36,235.44,194.92
O0001096,CUST00535,2024-11-17,P0041,2,0.05,Card,Grocery,240.98,127.74,481.96,24.1,457.86,255.48,202.38
O0004517,CUST00178,2024-11-17,P0042,3,0.15,COD,Fashion,92.99,66.18,278.97,41.85,237.12,198.54,38.58
O0004490,CUST00516,2024-11-17,P0031,1,0.2,Card,Electronics,287.51,147.51,287.51,57.5,230.01,147.51,82.5
O0000697,CUST00100,2024-11-18,P0009,1,0.2,COD,Fashion,264.14,141.26,264.14,52.83,211.31,141.26,70.05
O0002459,CUST00443,2024-11-18,P0002,3,0.1,Card,Electronics,165.42,102.08,496.26,49.63,446.63,306.24,140.39
O0000395,CUST00116,2024-11-18,P0041,3,0.1,Card,Grocery,240.98,127.74,722.94,72.29,650.65,383.22,267.43
O0002332,CUST00523,2024-11-18,P0039,3,0.05,COD,Electronics,302.32,141.08,906.96,45.35,861.61,423.24,438.37
O0003473,CUST00233,2024-11-18,P0019,1,0.0,UPI,Electronics,148.06,96.56,148.06,0.0,148.06,96.56,51.5
O0002081,CUST00288,2024-11-19,P0003,2,0.05,COD,Home,236.77,123.51,473.54,23.68,449.86,247.02,202.84
O0003555,CUST00370,2024-11-19,P0023,1,0.0,Card,Fashion,67.68,45.5,67.68,0.0,67.68,45.5,22.18
O0001064,CUST00521,2024-11-19,P0039,1,0.0,UPI,Electronics,302.32,141.08,302.32,0.0,302.32,141.08,161.24
O0004945,CUST00390,2024-11-19,P0019,2,0.0,Card,Electronics,148.06,96.56,296.12,0.0,296.12,193.12,103.0
O0003485,CUST00579,2024-11-19,P0027,1,0.15,UPI,Electronics,55.13,36.66,55.13,8.27,46.86,36.66,10.2
O0004550,CUST00097,2024-11-20,P0001,1,0.05,Net Banking,Fashion,114.26,54.48,114.26,5.71,108.55,54.48,54.07
O0005043,CUST00536,2024-11-20,P0021,2,0.05,UPI,Beauty,264.24,127.61,528.48,26.42,502.06,255.22,246.84
O0002247,CUST00009,2024-11-20,P0034,2,0.05,Card,Electronics,186.26,105.01,372.52,18.63,353.89,210.02,143.87
O0002379,CUST00575,2024-11-21,P0006,3,0.15,COD,Beauty,192.36,150.65,577.08,86.56,490.52,451.95,38.57
O0002505,CUST00265,2024-11-21,P0030,1,0.1,UPI,Grocery,239.09,117.72,239.09,23.91,215.18,117.72,97.46
O0003164,CUST00572,2024-11-21,P0028,2,0.1,UPI,Electronics,164.95,128.88,329.9,32.99,296.91,257.76,39.15
O0004789,CUST00541,2024-11-21,P0040,1,0.1,Wallet,Grocery,83.65,51.18,83.65,8.36,75.29,51.18,24.11
O0003357,CUST00039,2024-11-22,P0001,1,0.1,Card,Fashion,114.26,54.48,114.26,11.43,102.83,54.48,48.35
O0002628,CUST00353,2024-11-22,P0032,4,0.05,Card,Electronics,325.98,157.6,1303.92,65.2,1238.72,630.4,608.32
O0003927,CUST00049,2024-11-22,P0012,2,0.2,UPI,Electronics,216.75,132.72,433.5,86.7,346.8,265.44,81.36
O0003238,CUST00367,2024-11-22,P0034,3,0.0,Wallet,Electronics,186.26,105.01,558.78,0.0,558.78,315.03,243.75
O0000032,CUST00090,2024-11-22,P0026,2,0.1,Card,Electronics,133.04,87.51,266.08,26.61,239.47,175.02,64.45
O0003697,CUST00255,2024-11-22,P0045,3,0.0,Card,Grocery,121.81,53.8,365.43,0.0,365.43,161.4,204.03
O0000113,CUST00296,2024-11-22,P0039,4,0.05,Wallet,Electronics,302.32,141.08,1209.28,60.46,1148.82,564.32,584.5
O0004201,CUST00616,2024-11-22,P0033,2,0.1,Net Banking,Fashion,112.86,61.51,225.72,22.57,203.15,123.02,80.13
O0001970,CUST00585,2024-11-22,P0009,4,0.15,UPI,Fashion,264.14,141.26,1056.56,158.48,898.08,565.04,333.04
O0001811,CUST00158,2024-11-22,P0020,1,0.0,COD,Home,149.95,68.06,149.95,0.0,149.95,68.06,81.89
O0001652,CUST00523,2024-11-22,P0032,4,0.05,Net Banking,Electronics,325.98,157.6,1303.92,65.2,1238.72,630.4,608.32
O0004595,CUST00071,2024-11-23,P0010,4,0.0,UPI,Grocery,158.28,88.17,633.12,0.0,633.12,352.68,280.44
O0000800,CUST00044,2024-11-23,P0041,1,0.0,COD,Grocery,240.98,127.74,240.98,0.0,240.98,127.74,113.24
O0000188,CUST00236,2024-11-23,P0044,4,0.0,COD,Home,319.2,142.3,1276.8,0.0,1276.8,569.2,707.6
O0003947,CUST00569,2024-11-23,P0044,3,0.1,UPI,Home,319.2,142.3,957.6,95.76,861.84,426.9,434.94
O0000615,CUST00242,2024-11-23,P0032,2,0.1,UPI,Electronics,325.98,157.6,651.96,65.2,586.76,315.2,271.56
O0001144,CUST00546,2024-11-23,P0013,2,0.0,UPI,Grocery,268.38,121.9,536.76,0.0,536.76,243.8,292.96
O0001462,CUST00146,2024-11-23,P0004,4,0.2,UPI,Home,54.29,27.5,217.16,43.43,173.73,110.0,63.73
O0002894,CUST00597,2024-11-23,P0001,2,0.05,Wallet,Fashion,114.26,54.48,228.52,11.43,217.09,108.96,108.13
O0001268,CUST00090,2024-11-23,P0004,3,0.15,Card,Home,54.29,27.5,162.87,24.43,138.44,82.5,55.94
O0000202,CUST00316,2024-11-23,P0024,1,0.0,Net Banking,Grocery,220.04,119.95,220.04,0.0,220.04,119.95,100.09
O0004367,CUST00631,2024-11-23,P0003,1,0.1,Card,Home,236.77,123.51,236.77,23.68,213.09,123.51,89.58
O0003484,CUST00246,2024-11-24,P0018,2,0.05,Net Banking,Beauty,175.93,84.8,351.86,17.59,334.27,169.6,164.67
O0003170,CUST00615,2024-11-24,P0016,1,0.1,UPI,Fashion,101.27,44.23,101.27,10.13,91.14,44.23,46.91
O0004230,CUST00617,2024-11-24,P0032,1,0.1,COD,Electronics,325.98,157.6,325.98,32.6,293.38,157.6,135.78
O0004665,CUST00204,2024-11-25,P0026,2,0.0,UPI,Electronics,133.04,87.51,266.08,0.0,266.08,175.02,91.06
O0003447,CUST00291,2024-11-25,P0003,1,0.0,UPI,Home,236.77,123.51,236.77,0.0,236.77,123.51,113.26
O0005200,CUST00486,2024-11-25,P0019,2,0.2,Card,Electronics,148.06,96.56,296.12,59.22,236.9,193.12,43.78
O0001542,CUST00352,2024-11-25,P0007,4,0.0,UPI,Grocery,177.14,118.71,708.56,0.0,708.56,474.84,233.72
O0001343,CUST00191,2024-11-25,P0016,1,0.15,Card,Fashion,101.27,44.23,101.27,15.19,86.08,44.23,41.85
O0000111,CUST00288,2024-11-26,P0029,1,0.05,Net Banking,Home,354.92,154.02,354.92,17.75,337.17,154.02,183.15
O0004948,CUST00608,2024-11-26,P0019,3,0.2,COD,Electronics,148.06,96.56,444.18,88.84,355.34,289.68,65.66
O0002776,CUST00318,2024-11-26,P0045,2,0.2,Wallet,Grocery,121.81,53.8,243.62,48.72,194.9,107.6,87.3
O0004285,CUST00386,2024-11-26,P0041,2,0.1,COD,Grocery,240.98,127.74,481.96,48.2,433.76,255.48,178.28
O0003763,CUST00205,2024-11-26,P0039,2,0.05,COD,Electronics,302.32,141.08,604.64,30.23,574.41,282.16,292.25
O0002403,CUST00502,2024-11-27,P0036,1,0.0,Card,Home,308.75,157.97,308.75,0.0,308.75,157.97,150.78
O0003267,CUST00537,2024-11-27,P0025,1,0.05,Net Banking,Fashion,234.0,111.05,234.0,11.7,222.3,111.05,111.25
O0005134,CUST00585,2024-11-27,P0012,4,0.15,COD,Electronics,216.75,132.72,867.0,130.05,736.95,530.88,206.07
O0002114,CUST00246,2024-11-27,P0007,3,0.05,Wallet,Grocery,177.14,118.71,531.42,26.57,504.85,356.13,148.72
O0000593,CUST00416,2024-11-27,P0003,2,0.0,UPI,Home,236.77,123.51,473.54,0.0,473.54,247.02,226.52
O0004988,CUST00268,2024-11-27,P0030,1,0.0,Net Banking,Grocery,239.09,117.72,239.09,0.0,239.09,117.72,121.37
O0003373,CUST00212,2024-11-27,P0006,2,0.0,UPI,Beauty,192.36,150.65,384.72,0.0,384.72,301.3,83.42
O0001607,CUST00394,2024-11-27,P0035,4,0.2,Net Banking,Home,139.63,80.04,558.52,111.7,446.82,320.16,126.66
O0002373,CUST00316,2024-11-27,P0036,1,0.1,Net Banking,Home,308.75,157.97,308.75,30.88,277.87,157.97,119.9
O0000407,CUST00486,2024-11-28,P0009,1,0.15,COD,Fashion,264.14,141.26,264.14,39.62,224.52,141.26,83.26
O0000382,CUST00413,2024-11-28,P0040,1,0.0,Card,Grocery,83.65,51.18,83.65,0.0,83.65,51.18,32.47
O0004564,CUST00353,2024-11-28,P0003,2,0.05,Net Banking,Home,236.77,123.51,473.54,23.68,449.86,247.02,202.84
O0004438,CUST00279,2024-11-28,P0023,2,0.0,Card,Fashion,67.68,45.5,135.36,0.0,135.36,91.0,44.36
O0002904,CUST00159,2024-11-28,P0045,2,0.1,UPI,Grocery,121.81,53.8,243.62,24.36,219.26,107.6,111.66
O0000749,CUST00380,2024-11-28,P0027,1,0.2,UPI,Electronics,55.13,36.66,55.13,11.03,44.1,36.66,7.44
O0002259,CUST00071,2024-11-28,P0004,3,0.1,COD,Home,54.29,27.5,162.87,16.29,146.58,82.5,64.08
O0000434,CUST00434,2024-11-29,P0027,2,0.05,COD,Electronics,55.13,36.66,110.26,5.51,104.75,73.32,31.43
O0000201,CUST00596,2024-11-29,P0038,2,0.0,COD,Fashion,157.39,70.68,314.78,0.0,314.78,141.36,173.42
O0002429,CUST00379,2024-11-29,P0014,1,0.0,Card,Electronics,66.45,51.75,66.45,0.0,66.45,51.75,14.7
O0004671,CUST00215,2024-11-29,P0022,4,0.1,COD,Electronics,326.52,146.8,1306.08,130.61,1175.47,587.2,588.27
O0002795,CUST00037,2024-11-29,P0030,3,0.0,Card,Grocery,239.09,117.72,717.27,0.0,717.27,353.16,364.11
O0000580,CUST00201,2024-11-29,P0026,2,0.0,Net Banking,Electronics,133.04,87.51,266.08,0.0,266.08,175.02,91.06
O0004007,CUST00259,2024-11-30,P0025,4,0.15,UPI,Fashion,234.0,111.05,936.0,140.4,795.6,444.2,351.4
O0002561,CUST00442,2024-11-30,P0039,1,0.1,Card,Electronics,302.32,141.08,302.32,30.23,272.09,141.08,131.01
O0003077,CUST00259,2024-11-30,P0022,4,0.05,UPI,Electronics,326.52,146.8,1306.08,65.3,1240.78,587.2,653.58
O0002546,CUST00052,2024-11-30,P0019,1,0.15,Card,Electronics,148.06,96.56,148.06,22.21,125.85,96.56,29.29
O0002729,CUST00576,2024-12-01,P0039,1,0.15,Card,Electronics,302.32,141.08,302.32,45.35,256.97,141.08,115.89
O0000377,CUST00358,2024-12-01,P0038,1,0.2,UPI,Fashion,157.39,70.68,157.39,31.48,125.91,70.68,55.23
O0000544,CUST00422,2024-12-01,P0012,4,0.0,UPI,Electronics,216.75,132.72,867.0,0.0,867.0,530.88,336.12
O0004609,CUST00622,2024-12-01,P0002,4,0.05,Wallet,Electronics,165.42,102.08,661.68,33.08,628.6,408.32,220.28
O0003168,CUST00214,2024-12-01,P0013,1,0.1,Card,Grocery,268.38,121.9,268.38,26.84,241.54,121.9,119.64
O0000687,CUST00253,2024-12-02,P0030,2,0.0,UPI,Grocery,239.09,117.72,478.18,0.0,478.18,235.44,242.74
O0001440,CUST00113,2024-12-02,P0033,1,0.15,UPI,Fashion,112.86,61.51,112.86,16.93,95.93,61.51,34.42
O0002319,CUST00194,2024-12-02,P0033,1,0.1,Card,Fashion,112.86,61.51,112.86,11.29,101.57,61.51,40.06
O0001560,CUST00454,2024-12-02,P0044,1,0.0,Card,Home,319.2,142.3,319.2,0.0,319.2,142.3,176.9
O0001311,CUST00094,2024-12-02,P0010,1,0.0,Wallet,Grocery,158.28,88.17,158.28,0.0,158.28,88.17,70.11
O0002603,CUST00069,2024-12-02,P0020,1,0.0,COD,Home,149.95,68.06,149.95,0.0,149.95,68.06,81.89
O0004909,CUST00543,2024-12-02,P0038,1,0.0,UPI,Fashion,157.39,70.68,157.39,0.0,157.39,70.68,86.71
O0000515,CUST00400,2024-12-03,P0025,1,0.1,COD,Fashion,234.0,111.05,234.0,23.4,210.6,111.05,99.55
O0003105,CUST00204,2024-12-03,P0033,1,0.05,Card,Fashion,112.86,61.51,112.86,5.64,107.22,61.51,45.71
O0004387,CUST00303,2024-12-03,P0036,2,0.2,UPI,Home,308.75,157.97,617.5,123.5,494.0,315.94,178.06
O0002263,CUST00128,2024-12-03,P0013,1,0.0,COD,Grocery,268.38,121.9,268.38,0.0,268.38,121.9,146.48
O0001316,CUST00647,2024-12-03,P0022,1,0.1,Net Banking,Electronics,326.52,146.8,326.52,32.65,293.87,146.8,147.07
O0000455,CUST00622,2024-12-03,P0017,2,0.0,Wallet,Home,110.28,84.44,220.56,0.0,220.56,168.88,51.68
O0001539,CUST00161,2024-12-03,P0045,2,0.1,UPI,Grocery,121.81,53.8,243.62,24.36,219.26,107.6,111.66
O0005144,CUST00031,2024-12-03,P0015,1,0.1,COD,Fashion,43.69,25.91,43.69,4.37,39.32,25.91,13.41
O0002054,CUST00530,2024-12-04,P0045,4,0.0,COD,Grocery,121.81,53.8,487.24,0.0,487.24,215.2,272.04
O0005034,CUST00292,2024-12-04,P0019,1,0.1,Card,Electronics,148.06,96.56,148.06,14.81,133.25,96.56,36.69
O0003581,CUST00580,2024-12-04,P0029,2,0.0,Card,Home,354.92,154.02,709.84,0.0,709.84,308.04,401.8
O0004718,CUST00268,2024-12-04,P0018,1,0.05,COD,Beauty,175.93,84.8,175.93,8.8,167.13,84.8,82.33
O0001242,CUST00005,2024-12-04,P0022,1,0.0,UPI,Electronics,326.52,146.8,326.52,0.0,326.52,146.8,179.72
O0001628,CUST00541,2024-12-04,P0033,2,0.0,UPI,Fashion,112.86,61.51,225.72,0.0,225.72,123.02,102.7
O0004099,CUST00507,2024-12-04,P0024,2,0.0,UPI,Grocery,220.04,119.95,440.08,0.0,440.08,239.9,200.18
O0003707,CUST00530,2024-12-04,P0022,1,0.05,COD,Electronics,326.52,146.8,326.52,16.33,310.19,146.8,163.39
O0002153,CUST00253,2024-12-05,P0009,3,0.0,Card,Fashion,264.14,141.26,792.42,0.0,792.42,423.78,368.64
O0004808,CUST00516,2024-12-05,P0012,1,0.05,UPI,Electronics,216.75,132.72,216.75,10.84,205.91,132.72,73.19
O0002640,CUST00224,2024-12-05,P0045,1,0.1,COD,Grocery,121.81,53.8,121.81,12.18,109.63,53.8,55.83
O0001858,CUST00405,2024-12-05,P0033,2,0.05,COD,Fashion,112.86,61.51,225.72,11.29,214.43,123.02,91.41
O0003903,CUST00615,2024-12-05,P0044,1,0.0,COD,Home,319.2,142.3,319.2,0.0,319.2,142.3,176.9
O0002008,CUST00043,2024-12-05,P0024,3,0.1,Wallet,Grocery,220.04,119.95,660.12,66.01,594.11,359.85,234.26
O0002927,CUST00556,2024-12-05,P0036,3,0.1,UPI,Home,308.75,157.97,926.25,92.62,833.63,473.91,359.72
O0000641,CUST00212,2024-12-06,P0032,2,0.0,UPI,Electronics,325.98,157.6,651.96,0.0,651.96,315.2,336.76
O0002897,CUST00153,2024-12-06,P0035,2,0.2,Card,Home,139.63,80.04,279.26,55.85,223.41,160.08,63.33
O0002275,CUST00388,2024-12-06,P0044,1,0.2,Net Banking,Home,319.2,142.3,319.2,63.84,255.36,142.3,113.06
O0004969,CUST00394,2024-12-06,P0007,3,0.0,Wallet,Grocery,177.14,118.71,531.42,0.0,531.42,356.13,175.29
O0001408,CUST00446,2024-12-06,P0019,2,0.0,Card,Electronics,148.06,96.56,296.12,0.0,296.12,193.12,103.0
O0001899,CUST00177,2024-12-06,P0036,2,0.15,UPI,Home,308.75,157.97,617.5,92.62,524.88,315.94,208.94
O0004277,CUST00400,2024-12-06,P0023,2,0.05,UPI,Fashion,67.68,45.5,135.36,6.77,128.59,91.0,37.59
O0004758,CUST00413,2024-12-06,P0026,4,0.05,Card,Electronics,133.04,87.51,532.16,26.61,505.55,350.04,155.51
O0003839,CUST00624,2024-12-06,P0021,1,0.0,UPI,Beauty,264.24,127.61,264.24,0.0,264.24,127.61,136.63
O0000133,CUST00054,2024-12-06,P0004,2,0.2,COD,Home,54.29,27.5,108.58,21.72,86.86,55.0,31.86
O0003939,CUST00585,2024-12-07,P0021,1,0.05,Card,Beauty,264.24,127.61,264.24,13.21,251.03,127.61,123.42
O0004184,CUST00337,2024-12-07,P0003,1,0.0,Card,Home,236.77,123.51,236.77,0.0,236.77,123.51,113.26
O0004431,CUST00049,2024-12-07,P0033,3,0.0,Card,Fashion,112.86,61.51,338.58,0.0,338.58,184.53,154.05
O0005093,CUST00255,2024-12-07,P0025,3,0.0,Net Banking,Fashion,234.0,111.05,702.0,0.0,702.0,333.15,368.85
O0002013,CUST00386,2024-12-08,P0003,2,0.15,COD,Home,236.77,123.51,473.54,71.03,402.51,247.02,155.49
O0003253,CUST00113,2024-12-08,P0036,2,0.2,UPI,Home,308.75,157.97,617.5,123.5,494.0,315.94,178.06
O0001098,CUST00171,2024-12-08,P0036,4,0.0,COD,Home,308.75,157.97,1235.0,0.0,1235.0,631.88,603.12
O0001117,CUST00396,2024-12-08,P0012,2,0.0,Net Banking,Electronics,216.75,132.72,433.5,0.0,433.5,265.44,168.06
O0003802,CUST00523,2024-12-08,P0009,3,0.1,Card,Fashion,264.14,141.26,792.42,79.24,713.18,423.78,289.4
O0004640,CUST00379,2024-12-08,P0020,1,0.1,Card,Home,149.95,68.06,149.95,15.0,134.95,68.06,66.89
O0000669,CUST00353,2024-12-08,P0003,1,0.0,UPI,Home,236.77,123.51,236.77,0.0,236.77,123.51,113.26
O0004414,CUST00264,2024-12-08,P0009,1,0.05,COD,Fashion,264.14,141.26,264.14,13.21,250.93,141.26,109.67
O0001647,CUST00472,2024-12-08,P0023,1,0.15,Net Banking,Fashion,67.68,45.5,67.68,10.15,57.53,45.5,12.03
O0001780,CUST00565,2024-12-08,P0016,1,0.1,UPI,Fashion,101.27,44.23,101.27,10.13,91.14,44.23,46.91
O0001896,CUST00316,2024-12-08,P0009,4,0.05,COD,Fashion,264.14,141.26,1056.56,52.83,1003.73,565.04,438.69
O0002619,CUST00414,2024-12-09,P0014,1,0.2,UPI,Electronics,66.45,51.75,66.45,13.29,53.16,51.75,1.41
O0001740,CUST00500,2024-12-09,P0035,2,0.05,COD,Home,139.63,80.04,279.26,13.96,265.3,160.08,105.22
O0002922,CUST00422,2024-12-09,P0001,1,0.0,UPI,Fashion,114.26,54.48,114.26,0.0,114.26,54.48,59.78
O0000983,CUST00169,2024-12-09,P0009,1,0.1,Net Banking,Fashion,264.14,141.26,264.14,26.41,237.73,141.26,96.47
O0001556,CUST00252,2024-12-09,P0031,4,0.1,Net Banking,Electronics,287.51,147.51,1150.04,115.0,1035.04,590.04,445.0
O0004080,CUST00312,2024-12-10,P0032,4,0.1,COD,Electronics,325.98,157.6,1303.92,130.39,1173.53,630.4,543.13
O0004442,CUST00486,2024-12-10,P0038,3,0.15,UPI,Fashion,157.39,70.68,472.17,70.83,401.34,212.04,189.3
O0000363,CUST00225,2024-12-10,P0024,3,0.0,Wallet,Grocery,220.04,119.95,660.12,0.0,660.12,359.85,300.27
O0003929,CUST00037,2024-12-10,P0003,2,0.1,COD,Home,236.77,123.51,473.54,47.35,426.19,247.02,179.17
O0003956,CUST00108,2024-12-10,P0042,2,0.15,Wallet,Fashion,92.99,66.18,185.98,27.9,158.08,132.36,25.72
O0000597,CUST00542,2024-12-10,P0041,1,0.0,UPI,Grocery,240.98,127.74,240.98,0.0,240.98,127.74,113.24
O0003338,CUST00122,2024-12-10,P0041,4,0.0,Net Banking,Grocery,240.98,127.74,963.92,0.0,963.92,510.96,452.96
O0003634,CUST00137,2024-12-10,P0001,2,0.05,UPI,Fashion,114.26,54.48,228.52,11.43,217.09,108.96,108.13
O0000978,CUST00391,2024-12-11,P0034,2,0.2,COD,Electronics,186.26,105.01,372.52,74.5,298.02,210.02,88.0
O0001339,CUST00224,2024-12-11,P0017,2,0.0,Card,Home,110.28,84.44,220.56,0.0,220.56,168.88,51.68
O0002955,CUST00422,2024-12-11,P0033,1,0.15,Wallet,Fashion,112.86,61.51,112.86,16.93,95.93,61.51,34.42
O0004330,CUST00621,2024-12-11,P0001,2,0.0,UPI,Fashion,114.26,54.48,228.52,0.0,228.52,108.96,119.56
O0003780,CUST00216,2024-12-11,P0012,4,0.0,UPI,Electronics,216.75,132.72,867.0,0.0,867.0,530.88,336.12
O0003915,CUST00386,2024-12-11,P0007,4,0.1,Wallet,Grocery,177.14,118.71,708.56,70.86,637.7,474.84,162.86
O0003365,CUST00193,2024-12-11,P0018,3,0.1,UPI,Beauty,175.93,84.8,527.79,52.78,475.01,254.4,220.61
O0001497,CUST00212,2024-12-11,P0034,3,0.0,COD,Electronics,186.26,105.01,558.78,0.0,558.78,315.03,243.75
O0001347,CUST00560,2024-12-11,P0027,1,0.05,Card,Electronics,55.13,36.66,55.13,2.76,52.37,36.66,15.71
O0004483,CUST00377,2024-12-11,P0017,2,0.1,Net Banking,Home,110.28,84.44,220.56,22.06,198.5,168.88,29.62
O0000169,CUST00445,2024-12-12,P0012,1,0.0,UPI,Electronics,216.75,132.72,216.75,0.0,216.75,132.72,84.03
O0001156,CUST00051,2024-12-12,P0032,1,0.0,COD,Electronics,325.98,157.6,325.98,0.0,325.98,157.6,168.38
O0003603,CUST00486,2024-12-12,P0013,1,0.0,COD,Grocery,268.38,121.9,268.38,0.0,268.38,121.9,146.48
O0001087,CUST00542,2024-12-12,P0005,4,0.1,COD,Electronics,273.97,126.69,1095.88,109.59,986.29,506.76,479.53
O0001474,CUST00559,2024-12-12,P0016,2,0.0,Card,Fashion,101.27,44.23,202.54,0.0,202.54,88.46,114.08
O0005132,CUST00263,2024-12-12,P0008,1,0.2,Net Banking,Fashion,152.63,75.07,152.63,30.53,122.1,75.07,47.03
O0000839,CUST00375,2024-12-12,P0041,2,0.0,Net Banking,Grocery,240.98,127.74,481.96,0.0,481.96,255.48,226.48
O0001187,CUST00633,2024-12-13,P0010,1,0.0,UPI,Grocery,158.28,88.17,158.28,0.0,158.28,88.17,70.11
O0000287,CUST00216,2024-12-13,P0029,2,0.0,Net Banking,Home,354.92,154.02,709.84,0.0,709.84,308.04,401.8
O0001812,CUST00597,2024-12-13,P0027,3,0.1,Card,Electronics,55.13,36.66,165.39,16.54,148.85,109.98,38.87
O0001151,CUST00494,2024-12-13,P0020,1,0.05,Net Banking,Home,149.95,68.06,149.95,7.5,142.45,68.06,74.39
O0004802,CUST00588,2024-12-13,P0034,4,0.05,Net Banking,Electronics,186.26,105.01,745.04,37.25,707.79,420.04,287.75
O0004148,CUST00488,2024-12-13,P0007,2,0.15,UPI,Grocery,177.14,118.71,354.28,53.14,301.14,237.42,63.72
O0003158,CUST00497,2024-12-13,P0019,3,0.1,Net Banking,Electronics,148.06,96.56,444.18,44.42,399.76,289.68,110.08
O0001625,CUST00169,2024-12-13,P0007,3,0.15,UPI,Grocery,177.14,118.71,531.42,79.71,451.71,356.13,95.58
O0003548,CUST00288,2024-12-13,P0042,1,0.0,COD,Fashion,92.99,66.18,92.99,0.0,92.99,66.18,26.81
O0000840,CUST00194,2024-12-14,P0038,1,0.1,COD,Fashion,157.39,70.68,157.39,15.74,141.65,70.68,70.97
O0001739,CUST00541,2024-12-14,P0038,2,0.05,Wallet,Fashion,157.39,70.68,314.78,15.74,299.04,141.36,157.68
O0004717,CUST00122,2024-12-14,P0022,2,0.15,Card,Electronics,326.52,146.8,653.04,97.96,555.08,293.6,261.48
O0004566,CUST00542,2024-12-14,P0041,4,0.0,Card,Grocery,240.98,127.74,963.92,0.0,963.92,510.96,452.96
O0000656,CUST00285,2024-12-14,P0035,1,0.0,COD,Home,139.63,80.04,139.63,0.0,139.63,80.04,59.59
O0005054,CUST00183,2024-12-14,P0011,1,0.0,Net Banking,Electronics,158.87,121.21,158.87,0.0,158.87,121.21,37.66
O0000815,CUST00288,2024-12-15,P0015,1,0.0,UPI,Fashion,43.69,25.91,43.69,0.0,43.69,25.91,17.78
O0000518,CUST00502,2024-12-15,P0027,3,0.15,Wallet,Electronics,55.13,36.66,165.39,24.81,140.58,109.98,30.6
O0002089,CUST00039,2024-12-15,P0016,4,0.1,COD,Fashion,101.27,44.23,405.08,40.51,364.57,176.92,187.65
O0004065,CUST00217,2024-12-15,P0028,1,0.0,UPI,Electronics,164.95,128.88,164.95,0.0,164.95,128.88,36.07
O0002016,CUST00102,2024-12-15,P0009,3,0.0,COD,Fashion,264.14,141.26,792.42,0.0,792.42,423.78,368.64
O0001372,CUST00486,2024-12-15,P0014,1,0.05,Card,Electronics,66.45,51.75,66.45,3.32,63.13,51.75,11.38
O0004707,CUST00475,2024-12-16,P0031,1,0.0,UPI,Electronics,287.51,147.51,287.51,0.0,287.51,147.51,140.0
O0004624,CUST00161,2024-12-16,P0026,4,0.0,UPI,Electronics,133.04,87.51,532.16,0.0,532.16,350.04,182.12
O0001452,CUST00161,2024-12-16,P0010,2,0.2,Card,Grocery,158.28,88.17,316.56,63.31,253.25,176.34,76.91
O0000714,CUST00118,2024-12-16,P0019,2,0.0,Net Banking,Electronics,148.06,96.56,296.12,0.0,296.12,193.12,103.0
O0004294,CUST00146,2024-12-16,P0042,3,0.1,UPI,Fashion,92.99,66.18,278.97,27.9,251.07,198.54,52.53
O0001173,CUST00553,2024-12-17,P0020,2,0.0,Net Banking,Home,149.95,68.06,299.9,0.0,299.9,136.12,163.78
O0002692,CUST00106,2024-12-17,P0005,1,0.0,UPI,Electronics,273.97,126.69,273.97,0.0,273.97,126.69,147.28
O0003246,CUST00443,2024-12-17,P0018,2,0.15,UPI,Beauty,175.93,84.8,351.86,52.78,299.08,169.6,129.48
O0001619,CUST00150,2024-12-17,P0001,3,0.05,Card,Fashion,114.26,54.48,342.78,17.14,325.64,163.44,162.2
O0002941,CUST00110,2024-12-18,P0022,2,0.0,UPI,Electronics,326.52,146.8,653.04,0.0,653.04,293.6,359.44
O0000419,CUST00649,2024-12-18,P0011,3,0.05,UPI,Electronics,158.87,121.21,476.61,23.83,452.78,363.63,89.15
O0003512,CUST00379,2024-12-19,P0011,1,0.0,UPI,Electronics,158.87,121.21,158.87,0.0,158.87,121.21,37.66
O0003370,CUST00030,2024-12-19,P0015,4,0.1,UPI,Fashion,43.69,25.91,174.76,17.48,157.28,103.64,53.64
O0003283,CUST00478,2024-12-19,P0018,2,0.0,UPI,Beauty,175.93,84.8,351.86,0.0,351.86,169.6,182.26
O0004806,CUST00598,2024-12-19,P0039,4,0.15,Net Banking,Electronics,302.32,141.08,1209.28,181.39,1027.89,564.32,463.57
O0002365,CUST00376,2024-12-19,P0006,1,0.1,COD,Beauty,192.36,150.65,192.36,19.24,173.12,150.65,22.47
O0002438,CUST00414,2024-12-19,P0007,2,0.1,Card,Grocery,177.14,118.71,354.28,35.43,318.85,237.42,81.43
O0004200,CUST00058,2024-12-19,P0023,3,0.15,COD,Fashion,67.68,45.5,203.04,30.46,172.58,136.5,36.08
O0004762,CUST00174,2024-12-20,P0004,2,0.1,Card,Home,54.29,27.5,108.58,10.86,97.72,55.0,42.72
O0004600,CUST00165,2024-12-20,P0024,4,0.1,Wallet,Grocery,220.04,119.95,880.16,88.02,792.14,479.8,312.34
O0003960,CUST00113,2024-12-20,P0012,4,0.0,UPI,Electronics,216.75,132.72,867.0,0.0,867.0,530.88,336.12
O0001294,CUST00592,2024-12-20,P0031,4,0.2,Card,Electronics,287.51,147.51,1150.04,230.01,920.03,590.04,329.99
O0004488,CUST00120,2024-12-20,P0025,3,0.2,Card,Fashion,234.0,111.05,702.0,140.4,561.6,333.15,228.45
O0004098,CUST00476,2024-12-20,P0004,2,0.1,Wallet,Home,54.29,27.5,108.58,10.86,97.72,55.0,42.72
O0000424,CUST00216,2024-12-20,P0010,1,0.0,Card,Grocery,158.28,88.17,158.28,0.0,158.28,88.17,70.11
O0001636,CUST00353,2024-12-21,P0031,3,0.05,COD,Electronics,287.51,147.51,862.53,43.13,819.4,442.53,376.87
O0004275,CUST00236,2024-12-21,P0023,4,0.05,COD,Fashion,67.68,45.5,270.72,13.54,257.18,182.0,75.18
O0001600,CUST00294,2024-12-21,P0001,1,0.1,UPI,Fashion,114.26,54.48,114.26,11.43,102.83,54.48,48.35
O0003154,CUST00300,2024-12-21,P0023,1,0.1,Card,Fashion,67.68,45.5,67.68,6.77,60.91,45.5,15.41
O0002135,CUST00194,2024-12-21,P0029,1,0.0,COD,Home,354.92,154.02,354.92,0.0,354.92,154.02,200.9
O0003560,CUST00013,2024-12-22,P0011,1,0.1,COD,Electronics,158.87,121.21,158.87,15.89,142.98,121.21,21.77
O0003463,CUST00273,2024-12-22,P0042,2,0.1,UPI,Fashion,92.99,66.18,185.98,18.6,167.38,132.36,35.02
O0001816,CUST00472,2024-12-22,P0015,2,0.1,UPI,Fashion,43.69,25.91,87.38,8.74,78.64,51.82,26.82
O0002678,CUST00036,2024-12-22,P0017,1,0.1,Wallet,Home,110.28,84.44,110.28,11.03,99.25,84.44,14.81
O0003870,CUST00268,2024-12-22,P0013,2,0.15,COD,Grocery,268.38,121.9,536.76,80.51,456.25,243.8,212.45
O0001252,CUST00184,2024-12-22,P0012,4,0.1,Card,Electronics,216.75,132.72,867.0,86.7,780.3,530.88,249.42
O0003654,CUST00346,2024-12-22,P0007,2,0.1,COD,Grocery,177.14,118.71,354.28,35.43,318.85,237.42,81.43
O0000638,CUST00294,2024-12-23,P0039,3,0.15,UPI,Electronics,302.32,141.08,906.96,136.04,770.92,423.24,347.68
O0001783,CUST00479,2024-12-23,P0038,2,0.1,UPI,Fashion,157.39,70.68,314.78,31.48,283.3,141.36,141.94
O0002060,CUST00153,2024-12-23,P0011,1,0.1,UPI,Electronics,158.87,121.21,158.87,15.89,142.98,121.21,21.77
O0005143,CUST00292,2024-12-23,P0006,2,0.2,Card,Beauty,192.36,150.65,384.72,76.94,307.78,301.3,6.48
O0003511,CUST00580,2024-12-24,P0018,1,0.05,COD,Beauty,175.93,84.8,175.93,8.8,167.13,84.8,82.33
O0001006,CUST00470,2024-12-24,P0039,2,0.15,Card,Electronics,302.32,141.08,604.64,90.7,513.94,282.16,231.78
O0000761,CUST00429,2024-12-24,P0022,1,0.1,UPI,Electronics,326.52,146.8,326.52,32.65,293.87,146.8,147.07
O0001576,CUST00261,2024-12-24,P0043,1,0.2,COD,Electronics,364.08,156.96,364.08,72.82,291.26,156.96,134.3
O0002012,CUST00585,2024-12-24,P0021,2,0.05,Card,Beauty,264.24,127.61,528.48,26.42,502.06,255.22,246.84
O0000562,CUST00528,2024-12-24,P0016,1,0.15,UPI,Fashion,101.27,44.23,101.27,15.19,86.08,44.23,41.85
O0002333,CUST00397,2024-12-24,P0003,1,0.2,COD,Home,236.77,123.51,236.77,47.35,189.42,123.51,65.91
O0003229,CUST00486,2024-12-24,P0041,1,0.15,UPI,Grocery,240.98,127.74,240.98,36.15,204.83,127.74,77.09
O0000577,CUST00501,2024-12-24,P0017,2,0.1,UPI,Home,110.28,84.44,220.56,22.06,198.5,168.88,29.62
O0003347,CUST00175,2024-12-24,P0010,1,0.05,Card,Grocery,158.28,88.17,158.28,7.91,150.37,88.17,62.2
O0000293,CUST00624,2024-12-24,P0039,2,0.0,Card,Electronics,302.32,141.08,604.64,0.0,604.64,282.16,322.48
O0003233,CUST00172,2024-12-24,P0037,4,0.15,UPI,Fashion,32.76,22.26,131.04,19.66,111.38,89.04,22.34
O0004199,CUST00120,2024-12-24,P0001,2,0.0,UPI,Fashion,114.26,54.48,228.52,0.0,228.52,108.96,119.56
O0003950,CUST00237,2024-12-25,P0006,1,0.0,UPI,Beauty,192.36,150.65,192.36,0.0,192.36,150.65,41.71
O0003669,CUST00058,2024-12-25,P0004,2,0.05,Wallet,Home,54.29,27.5,108.58,5.43,103.15,55.0,48.15
O0002769,CUST00201,2024-12-25,P0014,1,0.15,Net Banking,Electronics,66.45,51.75,66.45,9.97,56.48,51.75,4.73
O0005164,CUST00133,2024-12-25,P0039,4,0.15,COD,Electronics,302.32,141.08,1209.28,181.39,1027.89,564.32,463.57
O0000690,CUST00383,2024-12-25,P0016,2,0.05,Wallet,Fashion,101.27,44.23,202.54,10.13,192.41,88.46,103.95
O0003087,CUST00473,2024-12-25,P0044,1,0.0,UPI,Home,319.2,142.3,319.2,0.0,319.2,142.3,176.9
O0004966,CUST00214,2024-12-25,P0022,1,0.15,Card,Electronics,326.52,146.8,326.52,48.98,277.54,146.8,130.74
O0001371,CUST00196,2024-12-25,P0003,2,0.1,Card,Home,236.77,123.51,473.54,47.35,426.19,247.02,179.17
O0004061,CUST00414,2024-12-26,P0011,3,0.2,Card,Electronics,158.87,121.21,476.61,95.32,381.29,363.63,17.66
O0002436,CUST00216,2024-12-26,P0012,1,0.05,UPI,Electronics,216.75,132.72,216.75,10.84,205.91,132.72,73.19
O0001253,CUST00027,2024-12-26,P0045,2,0.0,UPI,Grocery,121.81,53.8,243.62,0.0,243.62,107.6,136.02
O0000581,CUST00211,2024-12-26,P0030,1,0.05,Net Banking,Grocery,239.09,117.72,239.09,11.95,227.14,117.72,109.42
O0000793,CUST00119,2024-12-26,P0013,1,0.05,Card,Grocery,268.38,121.9,268.38,13.42,254.96,121.9,133.06
O0001730,CUST00575,2024-12-26,P0039,2,0.1,UPI,Electronics,302.32,141.08,604.64,60.46,544.18,282.16,262.02
O0002314,CUST00234,2024-12-26,P0037,3,0.0,Card,Fashion,32.76,22.26,98.28,0.0,98.28,66.78,31.5
O0004114,CUST00263,2024-12-26,P0006,4,0.15,COD,Beauty,192.36,150.65,769.44,115.42,654.02,602.6,51.42
O0001602,CUST00209,2024-12-27,P0016,2,0.0,UPI,Fashion,101.27,44.23,202.54,0.0,202.54,88.46,114.08
O0002075,CUST00049,2024-12-27,P0023,2,0.0,UPI,Fashion,67.68,45.5,135.36,0.0,135.36,91.0,44.36
O0004009,CUST00279,2024-12-27,P0006,1,0.15,Card,Beauty,192.36,150.65,192.36,28.85,163.51,150.65,12.86
O0003426,CUST00205,2024-12-28,P0029,1,0.2,COD,Home,354.92,154.02,354.92,70.98,283.94,154.02,129.92
O0004496,CUST00602,2024-12-28,P0027,1,0.2,UPI,Electronics,55.13,36.66,55.13,11.03,44.1,36.66,7.44
O0002623,CUST00276,2024-12-28,P0005,2,0.05,Card,Electronics,273.97,126.69,547.94,27.4,520.54,253.38,267.16
O0002108,CUST00165,2024-12-28,P0009,1,0.1,Card,Fashion,264.14,141.26,264.14,26.41,237.73,141.26,96.47
O0004740,CUST00579,2024-12-28,P0038,1,0.15,COD,Fashion,157.39,70.68,157.39,23.61,133.78,70.68,63.1
O0001137,CUST00543,2024-12-28,P0036,3,0.15,COD,Home,308.75,157.97,926.25,138.94,787.31,473.91,313.4
O0004459,CUST00005,2024-12-28,P0043,2,0.1,Net Banking,Electronics,364.08,156.96,728.16,72.82,655.34,313.92,341.42
O0000008,CUST00046,2024-12-28,P0016,1,0.0,Card,Fashion,101.27,44.23,101.27,0.0,101.27,44.23,57.04
O0002902,CUST00052,2024-12-28,P0041,2,0.0,Wallet,Grocery,240.98,127.74,481.96,0.0,481.96,255.48,226.48
O0005002,CUST00369,2024-12-28,P0030,1,0.0,Net Banking,Grocery,239.09,117.72,239.09,0.0,239.09,117.72,121.37
O0001520,CUST00277,2024-12-28,P0038,2,0.05,Card,Fashion,157.39,70.68,314.78,15.74,299.04,141.36,157.68
O0003984,CUST00394,2024-12-29,P0003,1,0.05,COD,Home,236.77,123.51,236.77,11.84,224.93,123.51,101.42
O0002538,CUST00082,2024-12-29,P0026,1,0.1,UPI,Electronics,133.04,87.51,133.04,13.3,119.74,87.51,32.23
O0000651,CUST00244,2024-12-29,P0025,2,0.0,Card,Fashion,234.0,111.05,468.0,0.0,468.0,222.1,245.9
O0004540,CUST00369,2024-12-29,P0044,1,0.05,Card,Home,319.2,142.3,319.2,15.96,303.24,142.3,160.94
O0001215,CUST00511,2024-12-29,P0043,1,0.0,Card,Electronics,364.08,156.96,364.08,0.0,364.08,156.96,207.12
O0004672,CUST00174,2024-12-29,P0001,1,0.0,Net Banking,Fashion,114.26,54.48,114.26,0.0,114.26,54.48,59.78
O0000985,CUST00212,2024-12-29,P0015,2,0.1,COD,Fashion,43.69,25.91,87.38,8.74,78.64,51.82,26.82
O0002311,CUST00119,2024-12-29,P0022,4,0.0,Card,Electronics,326.52,146.8,1306.08,0.0,1306.08,587.2,718.88
O0001472,CUST00232,2024-12-29,P0005,3,0.05,COD,Electronics,273.97,126.69,821.91,41.1,780.81,380.07,400.74
O0003112,CUST00249,2024-12-30,P0017,3,0.0,Wallet,Home,110.28,84.44,330.84,0.0,330.84,253.32,77.52
O0001016,CUST00377,2024-12-30,P0013,2,0.0,Card,Grocery,268.38,121.9,536.76,0.0,536.76,243.8,292.96
O0003824,CUST00494,2024-12-30,P0041,1,0.1,UPI,Grocery,240.98,127.74,240.98,24.1,216.88,127.74,89.14
O0001646,CUST00440,2024-12-30,P0014,2,0.05,COD,Electronics,66.45,51.75,132.9,6.64,126.26,103.5,22.76
O0004608,CUST00266,2024-12-30,P0014,1,0.1,UPI,Electronics,66.45,51.75,66.45,6.64,59.81,51.75,8.06
O0003330,CUST00606,2024-12-30,P0024,3,0.1,UPI,Grocery,220.04,119.95,660.12,66.01,594.11,359.85,234.26
O0004605,CUST00221,2024-12-30,P0016,4,0.1,Net Banking,Fashion,101.27,44.23,405.08,40.51,364.57,176.92,187.65
O0004639,CUST00238,2024-12-30,P0036,1,0.2,Net Banking,Home,308.75,157.97,308.75,61.75,247.0,157.97,89.03
O0002966,CUST00074,2024-12-31,P0006,1,0.0,Wallet,Beauty,192.36,150.65,192.36,0.0,192.36,150.65,41.71
O0002970,CUST00517,2024-12-31,P0016,4,0.1,Net Banking,Fashion,101.27,44.23,405.08,40.51,364.57,176.92,187.65
O0002669,CUST00583,2024-12-31,P0039,2,0.05,UPI,Electronics,302.32,141.08,604.64,30.23,574.41,282.16,292.25
O0001070,CUST00562,2024-12-31,P0045,2,0.0,UPI,Grocery,121.81,53.8,243.62,0.0,243.62,107.6,136.02
O0002655,CUST00224,2024-12-31,P0033,4,0.1,Card,Fashion,112.86,61.51,451.44,45.14,406.3,246.04,160.26
O0000272,CUST00244,2024-12-31,P0005,4,0.0,Card,Electronics,273.97,126.69,1095.88,0.0,1095.88,506.76,589.12
O0002542,CUST00075,2024-12-31,P0032,2,0.0,UPI,Electronics,325.98,157.6,651.96,0.0,651.96,315.2,336.76
O0001150,CUST00047,2024-12-31,P0039,2,0.15,COD,Electronics,302.32,141.08,604.64,90.7,513.94,282.16,231.78
O0000070,CUST00253,2024-12-31,P0039,2,0.05,UPI,Electronics,302.32,141.08,604.64,30.23,574.41,282.16,292.25
O0004993,CUST00275,2025-01-01,P0043,1,0.05,UPI,Electronics,364.08,156.96,364.08,18.2,345.88,156.96,188.92
O0002859,CUST00574,2025-01-01,P0025,4,0.1,Card,Fashion,234.0,111.05,936.0,93.6,842.4,444.2,398.2
O0001219,CUST00300,2025-01-01,P0028,1,0.15,UPI,Electronics,164.95,128.88,164.95,24.74,140.21,128.88,11.33
O0003054,CUST00594,2025-01-01,P0040,1,0.1,Card,Grocery,83.65,51.18,83.65,8.36,75.29,51.18,24.11
O0000157,CUST00190,2025-01-01,P0042,2,0.1,Card,Fashion,92.99,66.18,185.98,18.6,167.38,132.36,35.02
O0002591,CUST00406,2025-01-01,P0042,1,0.15,Card,Fashion,92.99,66.18,92.99,13.95,79.04,66.18,12.86
O0000178,CUST00348,2025-01-02,P0016,1,0.1,UPI,Fashion,101.27,44.23,101.27,10.13,91.14,44.23,46.91
O0003588,CUST00237,2025-01-02,P0025,4,0.05,COD,Fashion,234.0,111.05,936.0,46.8,889.2,444.2,445.0
O0000903,CUST00314,2025-01-02,P0012,2,0.0,Wallet,Electronics,216.75,132.72,433.5,0.0,433.5,265.44,168.06
O0000182,CUST00450,2025-01-02,P0020,4,0.05,Net Banking,Home,149.95,68.06,599.8,29.99,569.81,272.24,297.57
O0004177,CUST00388,2025-01-02,P0002,1,0.0,UPI,Electronics,165.42,102.08,165.42,0.0,165.42,102.08,63.34
O0000048,CUST00115,2025-01-02,P0037,2,0.05,Card,Fashion,32.76,22.26,65.52,3.28,62.24,44.52,17.72
O0000155,CUST00208,2025-01-02,P0019,3,0.1,UPI,Electronics,148.06,96.56,444.18,44.42,399.76,289.68,110.08
O0003030,CUST00276,2025-01-02,P0012,2,0.0,Card,Electronics,216.75,132.72,433.5,0.0,433.5,265.44,168.06
O0000338,CUST00597,2025-01-03,P0031,4,0.0,COD,Electronics,287.51,147.51,1150.04,0.0,1150.04,590.04,560.0
O0002553,CUST00224,2025-01-03,P0043,3,0.1,Card,Electronics,364.08,156.96,1092.24,109.22,983.02,470.88,512.14
O0005114,CUST00494,2025-01-03,P0041,1,0.15,UPI,Grocery,240.98,127.74,240.98,36.15,204.83,127.74,77.09
O0002460,CUST00201,2025-01-04,P0019,2,0.1,Card,Electronics,148.06,96.56,296.12,29.61,266.51,193.12,73.39
O0004946,CUST00477,2025-01-04,P0003,3,0.05,Card,Home,236.77,123.51,710.31,35.52,674.79,370.53,304.26
O0003063,CUST00384,2025-01-04,P0015,4,0.1,UPI,Fashion,43.69,25.91,174.76,17.48,157.28,103.64,53.64
O0004052,CUST00159,2025-01-04,P0036,2,0.0,UPI,Home,308.75,157.97,617.5,0.0,617.5,315.94,301.56
O0000393,CUST00230,2025-01-04,P0041,3,0.0,Card,Grocery,240.98,127.74,722.94,0.0,722.94,383.22,339.72
O0000799,CUST00165,2025-01-04,P0006,1,0.0,UPI,Beauty,192.36,150.65,192.36,0.0,192.36,150.65,41.71
O0001180,CUST00611,2025-01-04,P0021,2,0.1,Net Banking,Beauty,264.24,127.61,528.48,52.85,475.63,255.22,220.41
O0000977,CUST00331,2025-01-04,P0003,1,0.05,Wallet,Home,236.77,123.51,236.77,11.84,224.93,123.51,101.42
O0002767,CUST00542,2025-01-04,P0010,1,0.1,UPI,Grocery,158.28,88.17,158.28,15.83,142.45,88.17,54.28
O0004068,CUST00326,2025-01-04,P0021,1,0.1,Card,Beauty,264.24,127.61,264.24,26.42,237.82,127.61,110.21
O0000696,CUST00092,2025-01-04,P0007,2,0.05,Net Banking,Grocery,177.14,118.71,354.28,17.71,336.57,237.42,99.15
O0000628,CUST00020,2025-01-04,P0038,4,0.0,Net Banking,Fashion,157.39,70.68,629.56,0.0,629.56,282.72,346.84
O0003653,CUST00495,2025-01-05,P0028,2,0.15,UPI,Electronics,164.95,128.88,329.9,49.48,280.42,257.76,22.66
O0003860,CUST00081,2025-01-05,P0035,4,0.05,COD,Home,139.63,80.04,558.52,27.93,530.59,320.16,210.43
O0004680,CUST00162,2025-01-05,P0015,3,0.0,COD,Fashion,43.69,25.91,131.07,0.0,131.07,77.73,53.34
O0001950,CUST00300,2025-01-05,P0020,1,0.0,Wallet,Home,149.95,68.06,149.95,0.0,149.95,68.06,81.89
O0003882,CUST00394,2025-01-06,P0038,2,0.1,Net Banking,Fashion,157.39,70.68,314.78,31.48,283.3,141.36,141.94
O0002300,CUST00170,2025-01-06,P0014,2,0.2,Net Banking,Electronics,66.45,51.75,132.9,26.58,106.32,103.5,2.82
O0004306,CUST00376,2025-01-06,P0006,4,0.0,Net Banking,Beauty,192.36,150.65,769.44,0.0,769.44,602.6,166.84
O0003106,CUST00275,2025-01-06,P0008,1,0.1,UPI,Fashion,152.63,75.07,152.63,15.26,137.37,75.07,62.3
O0003573,CUST00463,2025-01-06,P0038,1,0.1,UPI,Fashion,157.39,70.68,157.39,15.74,141.65,70.68,70.97
O0003221,CUST00128,2025-01-06,P0019,4,0.0,COD,Electronics,148.06,96.56,592.24,0.0,592.24,386.24,206.0
O0004412,CUST00408,2025-01-06,P0008,2,0.0,COD,Fashion,152.63,75.07,305.26,0.0,305.26,150.14,155.12
O0000508,CUST00153,2025-01-06,P0003,1,0.05,Card,Home,236.77,123.51,236.77,11.84,224.93,123.51,101.42
O0002539,CUST00164,2025-01-06,P0015,3,0.15,Wallet,Fashion,43.69,25.91,131.07,19.66,111.41,77.73,33.68
O0003270,CUST00461,2025-01-06,P0009,1,0.0,UPI,Fashion,264.14,141.26,264.14,0.0,264.14,141.26,122.88
O0001845,CUST00557,2025-01-06,P0037,1,0.15,Wallet,Fashion,32.76,22.26,32.76,4.91,27.85,22.26,5.59
O0002728,CUST00325,2025-01-07,P0021,2,0.05,COD,Beauty,264.24,127.61,528.48,26.42,502.06,255.22,246.84
O0004630,CUST00519,2025-01-07,P0024,2,0.1,Wallet,Grocery,220.04,119.95,440.08,44.01,396.07,239.9,156.17
O0002925,CUST00163,2025-01-07,P0040,4,0.05,UPI,Grocery,83.65,51.18,334.6,16.73,317.87,204.72,113.15
O0004817,CUST00568,2025-01-08,P0012,4,0.15,UPI,Electronics,216.75,132.72,867.0,130.05,736.95,530.88,206.07
O0004733,CUST00261,2025-01-08,P0038,3,0.1,UPI,Fashion,157.39,70.68,472.17,47.22,424.95,212.04,212.91
O0003660,CUST00045,2025-01-08,P0042,1,0.2,Card,Fashion,92.99,66.18,92.99,18.6,74.39,66.18,8.21
O0000199,CUST00288,2025-01-08,P0039,2,0.15,UPI,Electronics,302.32,141.08,604.64,90.7,513.94,282.16,231.78
O0002294,CUST00418,2025-01-08,P0043,2,0.05,UPI,Electronics,364.08,156.96,728.16,36.41,691.75,313.92,377.83
O0004541,CUST00551,2025-01-08,P0003,1,0.1,UPI,Home,236.77,123.51,236.77,23.68,213.09,123.51,89.58
O0004475,CUST00176,2025-01-08,P0008,4,0.05,UPI,Fashion,152.63,75.07,610.52,30.53,579.99,300.28,279.71
O0002222,CUST00459,2025-01-08,P0007,2,0.15,COD,Grocery,177.14,118.71,354.28,53.14,301.14,237.42,63.72
O0004547,CUST00277,2025-01-08,P0012,2,0.0,Wallet,Electronics,216.75,132.72,433.5,0.0,433.5,265.44,168.06
O0004781,CUST00199,2025-01-09,P0015,3,0.05,Wallet,Fashion,43.69,25.91,131.07,6.55,124.52,77.73,46.79
O0005180,CUST00448,2025-01-09,P0019,2,0.15,Card,Electronics,148.06,96.56,296.12,44.42,251.7,193.12,58.58
O0002345,CUST00194,2025-01-09,P0010,4,0.0,Wallet,Grocery,158.28,88.17,633.12,0.0,633.12,352.68,280.44
O0004389,CUST00579,2025-01-09,P0003,2,0.0,UPI,Home,236.77,123.51,473.54,0.0,473.54,247.02,226.52
O0001974,CUST00437,2025-01-09,P0012,3,0.1,Net Banking,Electronics,216.75,132.72,650.25,65.03,585.22,398.16,187.06
O0001903,CUST00482,2025-01-09,P0025,1,0.2,UPI,Fashion,234.0,111.05,234.0,46.8,187.2,111.05,76.15
O0004757,CUST00140,2025-01-10,P0009,1,0.2,COD,Fashion,264.14,141.26,264.14,52.83,211.31,141.26,70.05
O0004390,CUST00031,2025-01-10,P0008,1,0.1,COD,Fashion,152.63,75.07,152.63,15.26,137.37,75.07,62.3
O0000219,CUST00598,2025-01-10,P0008,4,0.0,Card,Fashion,152.63,75.07,610.52,0.0,610.52,300.28,310.24
O0002018,CUST00576,2025-01-10,P0014,1,0.0,UPI,Electronics,66.45,51.75,66.45,0.0,66.45,51.75,14.7
O0000265,CUST00156,2025-01-10,P0003,2,0.15,UPI,Home,236.77,123.51,473.54,71.03,402.51,247.02,155.49
O0000529,CUST00125,2025-01-10,P0039,4,0.05,Card,Electronics,302.32,141.08,1209.28,60.46,1148.82,564.32,584.5
O0003417,CUST00531,2025-01-10,P0006,3,0.0,COD,Beauty,192.36,150.65,577.08,0.0,577.08,451.95,125.13
O0002413,CUST00405,2025-01-10,P0001,3,0.0,UPI,Fashion,114.26,54.48,342.78,0.0,342.78,163.44,179.34
O0004257,CUST00112,2025-01-11,P0023,4,0.15,COD,Fashion,67.68,45.5,270.72,40.61,230.11,182.0,48.11
O0003408,CUST00337,2025-01-11,P0045,3,0.0,Net Banking,Grocery,121.81,53.8,365.43,0.0,365.43,161.4,204.03
O0003723,CUST00610,2025-01-11,P0034,2,0.0,COD,Electronics,186.26,105.01,372.52,0.0,372.52,210.02,162.5
O0001353,CUST00377,2025-01-11,P0010,2,0.05,COD,Grocery,158.28,88.17,316.56,15.83,300.73,176.34,124.39
O0003199,CUST00167,2025-01-11,P0032,4,0.05,UPI,Electronics,325.98,157.6,1303.92,65.2,1238.72,630.4,608.32
O0005179,CUST00528,2025-01-11,P0017,1,0.0,Card,Home,110.28,84.44,110.28,0.0,110.28,84.44,25.84
O0002906,CUST00386,2025-01-11,P0021,2,0.1,COD,Beauty,264.24,127.61,528.48,52.85,475.63,255.22,220.41
O0002810,CUST00035,2025-01-12,P0019,3,0.0,Wallet,Electronics,148.06,96.56,444.18,0.0,444.18,289.68,154.5
O0000510,CUST00254,2025-01-12,P0045,1,0.2,Wallet,Grocery,121.81,53.8,121.81,24.36,97.45,53.8,43.65
O0004738,CUST00586,2025-01-12,P0039,1,0.05,UPI,Electronics,302.32,141.08,302.32,15.12,287.2,141.08,146.12
O0002816,CUST00620,2025-01-12,P0026,4,0.1,Card,Electronics,133.04,87.51,532.16,53.22,478.94,350.04,128.9
O0003783,CUST00594,2025-01-12,P0020,1,0.15,COD,Home,149.95,68.06,149.95,22.49,127.46,68.06,59.4
O0004955,CUST00588,2025-01-12,P0015,2,0.05,COD,Fashion,43.69,25.91,87.38,4.37,83.01,51.82,31.19
O0002124,CUST00379,2025-01-12,P0033,1,0.1,Card,Fashion,112.86,61.51,112.86,11.29,101.57,61.51,40.06
O0003681,CUST00244,2025-01-13,P0035,3,0.1,COD,Home,139.63,80.04,418.89,41.89,377.0,240.12,136.88
O0004611,CUST00560,2025-01-13,P0021,4,0.0,Wallet,Beauty,264.24,127.61,1056.96,0.0,1056.96,510.44,546.52
O0003536,CUST00233,2025-01-13,P0038,2,0.1,Card,Fashion,157.39,70.68,314.78,31.48,283.3,141.36,141.94
O0001287,CUST00625,2025-01-13,P0041,1,0.0,Card,Grocery,240.98,127.74,240.98,0.0,240.98,127.74,113.24
O0004324,CUST00350,2025-01-13,P0014,1,0.2,Net Banking,Electronics,66.45,51.75,66.45,13.29,53.16,51.75,1.41
O0004370,CUST00366,2025-01-13,P0010,4,0.1,COD,Grocery,158.28,88.17,633.12,63.31,569.81,352.68,217.13
O0004074,CUST00367,2025-01-13,P0012,1,0.05,UPI,Electronics,216.75,132.72,216.75,10.84,205.91,132.72,73.19
O0002935,CUST00268,2025-01-13,P0006,1,0.05,Wallet,Beauty,192.36,150.65,192.36,9.62,182.74,150.65,32.09
O0002964,CUST00157,2025-01-13,P0036,4,0.1,Wallet,Home,308.75,157.97,1235.0,123.5,1111.5,631.88,479.62
O0001309,CUST00212,2025-01-14,P0002,2,0.0,COD,Electronics,165.42,102.08,330.84,0.0,330.84,204.16,126.68
O0000747,CUST00598,2025-01-14,P0005,1,0.1,UPI,Electronics,273.97,126.69,273.97,27.4,246.57,126.69,119.88
O0001632,CUST00298,2025-01-14,P0030,2,0.0,Net Banking,Grocery,239.09,117.72,478.18,0.0,478.18,235.44,242.74
O0004708,CUST00047,2025-01-14,P0012,2,0.1,Wallet,Electronics,216.75,132.72,433.5,43.35,390.15,265.44,124.71
O0005153,CUST00332,2025-01-14,P0014,2,0.05,UPI,Electronics,66.45,51.75,132.9,6.64,126.26,103.5,22.76
O0001900,CUST00344,2025-01-14,P0018,4,0.05,COD,Beauty,175.93,84.8,703.72,35.19,668.53,339.2,329.33
O0001450,CUST00560,2025-01-14,P0036,2,0.05,Card,Home,308.75,157.97,617.5,30.88,586.62,315.94,270.68
O0000053,CUST00340,2025-01-14,P0010,1,0.15,UPI,Grocery,158.28,88.17,158.28,23.74,134.54,88.17,46.37
O0003897,CUST00364,2025-01-15,P0020,3,0.0,Card,Home,149.95,68.06,449.85,0.0,449.85,204.18,245.67
O0004004,CUST00200,2025-01-15,P0007,2,0.0,Wallet,Grocery,177.14,118.71,354.28,0.0,354.28,237.42,116.86
O0002364,CUST00619,2025-01-15,P0006,1,0.1,COD,Beauty,192.36,150.65,192.36,19.24,173.12,150.65,22.47
O0005020,CUST00414,2025-01-15,P0016,1,0.0,COD,Fashion,101.27,44.23,101.27,0.0,101.27,44.23,57.04
O0004327,CUST00307,2025-01-15,P0014,2,0.2,UPI,Electronics,66.45,51.75,132.9,26.58,106.32,103.5,2.82
O0003601,CUST00375,2025-01-15,P0016,2,0.0,UPI,Fashion,101.27,44.23,202.54,0.0,202.54,88.46,114.08
O0000901,CUST00387,2025-01-16,P0042,4,0.1,COD,Fashion,92.99,66.18,371.96,37.2,334.76,264.72,70.04
O0004832,CUST00557,2025-01-16,P0035,1,0.1,Card,Home,139.63,80.04,139.63,13.96,125.67,80.04,45.63
O0001359,CUST00070,2025-01-16,P0040,3,0.1,Card,Grocery,83.65,51.18,250.95,25.1,225.85,153.54,72.31
O0003324,CUST00596,2025-01-16,P0024,3,0.15,UPI,Grocery,220.04,119.95,660.12,99.02,561.1,359.85,201.25
O0003489,CUST00481,2025-01-16,P0010,1,0.0,Net Banking,Grocery,158.28,88.17,158.28,0.0,158.28,88.17,70.11
O0000184,CUST00238,2025-01-16,P0019,2,0.0,UPI,Electronics,148.06,96.56,296.12,0.0,296.12,193.12,103.0
O0000879,CUST00560,2025-01-16,P0029,4,0.0,COD,Home,354.92,154.02,1419.68,0.0,1419.68,616.08,803.6
O0001552,CUST00401,2025-01-16,P0028,2,0.2,Card,Electronics,164.95,128.88,329.9,65.98,263.92,257.76,6.16
O0000398,CUST00239,2025-01-17,P0023,1,0.15,Card,Fashion,67.68,45.5,67.68,10.15,57.53,45.5,12.03
O0001298,CUST00348,2025-01-17,P0014,4,0.05,UPI,Electronics,66.45,51.75,265.8,13.29,252.51,207.0,45.51
O0002334,CUST00080,2025-01-17,P0007,2,0.1,COD,Grocery,177.14,118.71,354.28,35.43,318.85,237.42,81.43
O0002762,CUST00433,2025-01-17,P0011,1,0.0,UPI,Electronics,158.87,121.21,158.87,0.0,158.87,121.21,37.66
O0002131,CUST00221,2025-01-17,P0025,2,0.0,Card,Fashion,234.0,111.05,468.0,0.0,468.0,222.1,245.9
O0003003,CUST00294,2025-01-17,P0035,3,0.0,Card,Home,139.63,80.04,418.89,0.0,418.89,240.12,178.77
O0001037,CUST00095,2025-01-17,P0039,2,0.2,COD,Electronics,302.32,141.08,604.64,120.93,483.71,282.16,201.55
O0000428,CUST00602,2025-01-17,P0019,2,0.1,UPI,Electronics,148.06,96.56,296.12,29.61,266.51,193.12,73.39
O0003890,CUST00484,2025-01-18,P0042,2,0.05,Wallet,Fashion,92.99,66.18,185.98,9.3,176.68,132.36,44.32
O0002052,CUST00160,2025-01-18,P0004,2,0.0,Card,Home,54.29,27.5,108.58,0.0,108.58,55.0,53.58
O0004553,CUST00124,2025-01-18,P0001,2,0.05,Net Banking,Fashion,114.26,54.48,228.52,11.43,217.09,108.96,108.13
O0003388,CUST00300,2025-01-18,P0013,1,0.0,Card,Grocery,268.38,121.9,268.38,0.0,268.38,121.9,146.48
O0002344,CUST00307,2025-01-18,P0009,4,0.05,Card,Fashion,264.14,141.26,1056.56,52.83,1003.73,565.04,438.69
O0004857,CUST00238,2025-01-19,P0002,4,0.1,Wallet,Electronics,165.42,102.08,661.68,66.17,595.51,408.32,187.19
O0000099,CUST00543,2025-01-19,P0024,4,0.0,UPI,Grocery,220.04,119.95,880.16,0.0,880.16,479.8,400.36
O0002277,CUST00145,2025-01-19,P0045,3,0.15,Net Banking,Grocery,121.81,53.8,365.43,54.81,310.62,161.4,149.22
O0000091,CUST00512,2025-01-19,P0031,4,0.0,COD,Electronics,287.51,147.51,1150.04,0.0,1150.04,590.04,560.0
O0004117,CUST00120,2025-01-19,P0037,3,0.0,UPI,Fashion,32.76,22.26,98.28,0.0,98.28,66.78,31.5
O0002142,CUST00281,2025-01-19,P0018,3,0.05,Card,Beauty,175.93,84.8,527.79,26.39,501.4,254.4,247.0
O0004160,CUST00424,2025-01-19,P0002,1,0.05,Card,Electronics,165.42,102.08,165.42,8.27,157.15,102.08,55.07
O0000337,CUST00625,2025-01-19,P0019,3,0.1,Card,Electronics,148.06,96.56,444.18,44.42,399.76,289.68,110.08
O0004902,CUST00633,2025-01-19,P0022,4,0.1,COD,Electronics,326.52,146.8,1306.08,130.61,1175.47,587.2,588.27
O0001424,CUST00413,2025-01-19,P0027,1,0.05,UPI,Electronics,55.13,36.66,55.13,2.76,52.37,36.66,15.71
O0004027,CUST00636,2025-01-19,P0034,1,0.15,COD,Electronics,186.26,105.01,186.26,27.94,158.32,105.01,53.31
O0000238,CUST00224,2025-01-19,P0037,1,0.05,Card,Fashion,32.76,22.26,32.76,1.64,31.12,22.26,8.86
O0005088,CUST00441,2025-01-19,P0028,1,0.05,Net Banking,Electronics,164.95,128.88,164.95,8.25,156.7,128.88,27.82
O0002084,CUST00429,2025-01-20,P0027,1,0.1,Card,Electronics,55.13,36.66,55.13,5.51,49.62,36.66,12.96
O0002422,CUST00388,2025-01-20,P0008,4,0.0,UPI,Fashion,152.63,75.07,610.52,0.0,610.52,300.28,310.24
O0002575,CUST00268,2025-01-20,P0018,2,0.15,UPI,Beauty,175.93,84.8,351.86,52.78,299.08,169.6,129.48
O0004123,CUST00425,2025-01-20,P0038,1,0.0,COD,Fashion,157.39,70.68,157.39,0.0,157.39,70.68,86.71
O0003708,CUST00603,2025-01-20,P0017,3,0.0,Net Banking,Home,110.28,84.44,330.84,0.0,330.84,253.32,77.52
O0002462,CUST00037,2025-01-20,P0015,1,0.1,Net Banking,Fashion,43.69,25.91,43.69,4.37,39.32,25.91,13.41
O0003825,CUST00587,2025-01-20,P0026,1,0.2,COD,Electronics,133.04,87.51,133.04,26.61,106.43,87.51,18.92
O0003395,CUST00367,2025-01-20,P0045,4,0.1,UPI,Grocery,121.81,53.8,487.24,48.72,438.52,215.2,223.32
O0003285,CUST00491,2025-01-21,P0024,2,0.15,Net Banking,Grocery,220.04,119.95,440.08,66.01,374.07,239.9,134.17
O0001461,CUST00461,2025-01-21,P0027,1,0.0,UPI,Electronics,55.13,36.66,55.13,0.0,55.13,36.66,18.47
O0003975,CUST00490,2025-01-21,P0040,2,0.05,UPI,Grocery,83.65,51.18,167.3,8.36,158.94,102.36,56.58
O0000415,CUST00244,2025-01-21,P0024,1,0.1,Card,Grocery,220.04,119.95,220.04,22.0,198.04,119.95,78.09
O0000270,CUST00451,2025-01-21,P0024,2,0.05,COD,Grocery,220.04,119.95,440.08,22.0,418.08,239.9,178.18
O0002448,CUST00011,2025-01-21,P0039,1,0.05,Wallet,Electronics,302.32,141.08,302.32,15.12,287.2,141.08,146.12
O0004618,CUST00418,2025-01-22,P0030,2,0.0,Card,Grocery,239.09,117.72,478.18,0.0,478.18,235.44,242.74
O0004493,CUST00356,2025-01-22,P0011,1,0.05,Net Banking,Electronics,158.87,121.21,158.87,7.94,150.93,121.21,29.72
O0001898,CUST00637,2025-01-22,P0016,2,0.05,Card,Fashion,101.27,44.23,202.54,10.13,192.41,88.46,103.95
O0001113,CUST00401,2025-01-22,P0036,2,0.05,COD,Home,308.75,157.97,617.5,30.88,586.62,315.94,270.68
O0002778,CUST00293,2025-01-22,P0041,3,0.1,Card,Grocery,240.98,127.74,722.94,72.29,650.65,383.22,267.43
O0000684,CUST00328,2025-01-22,P0032,1,0.15,Card,Electronics,325.98,157.6,325.98,48.9,277.08,157.6,119.48
O0004147,CUST00600,2025-01-22,P0003,3,0.05,Card,Home,236.77,123.51,710.31,35.52,674.79,370.53,304.26
O0000710,CUST00640,2025-01-22,P0044,2,0.1,Card,Home,319.2,142.3,638.4,63.84,574.56,284.6,289.96
O0003919,CUST00201,2025-01-22,P0016,2,0.0,Card,Fashion,101.27,44.23,202.54,0.0,202.54,88.46,114.08
O0002303,CUST00649,2025-01-23,P0040,3,0.0,UPI,Grocery,83.65,51.18,250.95,0.0,250.95,153.54,97.41
O0001208,CUST00559,2025-01-23,P0023,2,0.0,UPI,Fashion,67.68,45.5,135.36,0.0,135.36,91.0,44.36
O0001837,CUST00486,2025-01-23,P0031,2,0.0,Card,Electronics,287.51,147.51,575.02,0.0,575.02,295.02,280.0
O0004346,CUST00323,2025-01-23,P0012,1,0.05,Net Banking,Electronics,216.75,132.72,216.75,10.84,205.91,132.72,73.19
O0002156,CUST00193,2025-01-23,P0042,1,0.0,Card,Fashion,92.99,66.18,92.99,0.0,92.99,66.18,26.81
O0003969,CUST00486,2025-01-23,P0041,1,0.1,UPI,Grocery,240.98,127.74,240.98,24.1,216.88,127.74,89.14
O0002957,CUST00201,2025-01-23,P0043,3,0.05,UPI,Electronics,364.08,156.96,1092.24,54.61,1037.63,470.88,566.75
O0001025,CUST00533,2025-01-23,P0001,1,0.0,Card,Fashion,114.26,54.48,114.26,0.0,114.26,54.48,59.78
O0002892,CUST00216,2025-01-24,P0022,3,0.15,Card,Electronics,326.52,146.8,979.56,146.93,832.63,440.4,392.23
O0003186,CUST00358,2025-01-24,P0021,2,0.1,Net Banking,Beauty,264.24,127.61,528.48,52.85,475.63,255.22,220.41
O0000643,CUST00557,2025-01-24,P0045,3,0.1,Card,Grocery,121.81,53.8,365.43,36.54,328.89,161.4,167.49
O0004967,CUST00250,2025-01-24,P0013,2,0.05,Net Banking,Grocery,268.38,121.9,536.76,26.84,509.92,243.8,266.12
O0002371,CUST00412,2025-01-24,P0042,1,0.15,UPI,Fashion,92.99,66.18,92.99,13.95,79.04,66.18,12.86
O0003090,CUST00056,2025-01-24,P0025,2,0.2,UPI,Fashion,234.0,111.05,468.0,93.6,374.4,222.1,152.3
O0005133,CUST00625,2025-01-24,P0007,3,0.0,COD,Grocery,177.14,118.71,531.42,0.0,531.42,356.13,175.29
O0000412,CUST00518,2025-01-25,P0028,3,0.1,COD,Electronics,164.95,128.88,494.85,49.49,445.36,386.64,58.72
O0004579,CUST00594,2025-01-25,P0039,1,0.0,Wallet,Electronics,302.32,141.08,302.32,0.0,302.32,141.08,161.24
O0003307,CUST00490,2025-01-25,P0032,2,0.15,COD,Electronics,325.98,157.6,651.96,97.79,554.17,315.2,238.97
O0002594,CUST00530,2025-01-25,P0007,2,0.05,Wallet,Grocery,177.14,118.71,354.28,17.71,336.57,237.42,99.15
O0004265,CUST00543,2025-01-25,P0030,1,0.1,Net Banking,Grocery,239.09,117.72,239.09,23.91,215.18,117.72,97.46
O0001186,CUST00438,2025-01-25,P0027,3,0.0,Card,Electronics,55.13,36.66,165.39,0.0,165.39,109.98,55.41
O0001080,CUST00028,2025-01-25,P0045,4,0.05,UPI,Grocery,121.81,53.8,487.24,24.36,462.88,215.2,247.68
O0002121,CUST00189,2025-01-26,P0014,2,0.0,Card,Electronics,66.45,51.75,132.9,0.0,132.9,103.5,29.4
O0003317,CUST00132,2025-01-26,P0026,1,0.0,UPI,Electronics,133.04,87.51,133.04,0.0,133.04,87.51,45.53
O0004715,CUST00595,2025-01-26,P0007,1,0.0,COD,Grocery,177.14,118.71,177.14,0.0,177.14,118.71,58.43
O0003326,CUST00390,2025-01-26,P0023,1,0.1,UPI,Fashion,67.68,45.5,67.68,6.77,60.91,45.5,15.41
O0005176,CUST00535,2025-01-26,P0031,1,0.1,Wallet,Electronics,287.51,147.51,287.51,28.75,258.76,147.51,111.25
O0000448,CUST00442,2025-01-26,P0034,1,0.0,UPI,Electronics,186.26,105.01,186.26,0.0,186.26,105.01,81.25
O0003873,CUST00219,2025-01-26,P0041,4,0.1,Wallet,Grocery,240.98,127.74,963.92,96.39,867.53,510.96,356.57
O0003625,CUST00440,2025-01-27,P0002,1,0.1,Wallet,Electronics,165.42,102.08,165.42,16.54,148.88,102.08,46.8
O0005049,CUST00114,2025-01-27,P0028,2,0.0,Card,Electronics,164.95,128.88,329.9,0.0,329.9,257.76,72.14
O0000524,CUST00579,2025-01-27,P0034,2,0.05,UPI,Electronics,186.26,105.01,372.52,18.63,353.89,210.02,143.87
O0000720,CUST00232,2025-01-27,P0012,3,0.1,UPI,Electronics,216.75,132.72,650.25,65.03,585.22,398.16,187.06
O0003574,CUST00015,2025-01-28,P0033,4,0.0,UPI,Fashion,112.86,61.51,451.44,0.0,451.44,246.04,205.4
O0001760,CUST00261,2025-01-28,P0011,1,0.0,COD,Electronics,158.87,121.21,158.87,0.0,158.87,121.21,37.66
O0002565,CUST00422,2025-01-29,P0032,2,0.0,COD,Electronics,325.98,157.6,651.96,0.0,651.96,315.2,336.76
O0003970,CUST00250,2025-01-29,P0028,4,0.1,UPI,Electronics,164.95,128.88,659.8,65.98,593.82,515.52,78.3
O0002446,CUST00423,2025-01-29,P0035,2,0.0,Card,Home,139.63,80.04,279.26,0.0,279.26,160.08,119.18
O0002849,CUST00571,2025-01-29,P0003,4,0.05,Card,Home,236.77,123.51,947.08,47.35,899.73,494.04,405.69
O0003433,CUST00011,2025-01-29,P0009,1,0.0,UPI,Fashion,264.14,141.26,264.14,0.0,264.14,141.26,122.88
O0000229,CUST00536,2025-01-29,P0040,2,0.0,COD,Grocery,83.65,51.18,167.3,0.0,167.3,102.36,64.94
O0003039,CUST00128,2025-01-29,P0003,4,0.15,Card,Home,236.77,123.51,947.08,142.06,805.02,494.04,310.98
O0000038,CUST00120,2025-01-29,P0038,2,0.1,Wallet,Fashion,157.39,70.68,314.78,31.48,283.3,141.36,141.94
O0001995,CUST00414,2025-01-29,P0004,1,0.1,Card,Home,54.29,27.5,54.29,5.43,48.86,27.5,21.36
O0002308,CUST00579,2025-01-30,P0024,3,0.1,Net Banking,Grocery,220.04,119.95,660.12,66.01,594.11,359.85,234.26
O0001430,CUST00564,2025-01-30,P0034,1,0.15,Wallet,Electronics,186.26,105.01,186.26,27.94,158.32,105.01,53.31
O0002607,CUST00569,2025-01-30,P0037,1,0.0,Wallet,Fashion,32.76,22.26,32.76,0.0,32.76,22.26,10.5
O0003957,CUST00288,2025-01-31,P0037,1,0.0,Card,Fashion,32.76,22.26,32.76,0.0,32.76,22.26,10.5
O0000163,CUST00358,2025-01-31,P0030,4,0.0,UPI,Grocery,239.09,117.72,956.36,0.0,956.36,470.88,485.48
O0004129,CUST00315,2025-01-31,P0023,2,0.1,UPI,Fashion,67.68,45.5,135.36,13.54,121.82,91.0,30.82
O0002140,CUST00033,2025-01-31,P0028,1,0.0,Card,Electronics,164.95,128.88,164.95,0.0,164.95,128.88,36.07
O0003482,CUST00524,2025-01-31,P0033,1,0.0,Net Banking,Fashion,112.86,61.51,112.86,0.0,112.86,61.51,51.35
O0003940,CUST00268,2025-02-01,P0013,2,0.05,UPI,Grocery,268.38,121.9,536.76,26.84,509.92,243.8,266.12
O0003036,CUST00268,2025-02-01,P0029,2,0.2,COD,Home,354.92,154.02,709.84,141.97,567.87,308.04,259.83
O0001649,CUST00279,2025-02-01,P0040,2,0.15,UPI,Grocery,83.65,51.18,167.3,25.1,142.2,102.36,39.84
O0004136,CUST00279,2025-02-01,P0044,3,0.05,Net Banking,Home,319.2,142.3,957.6,47.88,909.72,426.9,482.82
O0004987,CUST00176,2025-02-01,P0031,2,0.0,Card,Electronics,287.51,147.51,575.02,0.0,575.02,295.02,280.0
O0002794,CUST00272,2025-02-01,P0001,3,0.05,Card,Fashion,114.26,54.48,342.78,17.14,325.64,163.44,162.2
O0001535,CUST00192,2025-02-01,P0038,1,0.05,Card,Fashion,157.39,70.68,157.39,7.87,149.52,70.68,78.84
O0003831,CUST00042,2025-02-02,P0009,1,0.1,COD,Fashion,264.14,141.26,264.14,26.41,237.73,141.26,96.47
O0001859,CUST00164,2025-02-02,P0010,2,0.0,UPI,Grocery,158.28,88.17,316.56,0.0,316.56,176.34,140.22
O0004173,CUST00108,2025-02-02,P0025,1,0.0,Net Banking,Fashion,234.0,111.05,234.0,0.0,234.0,111.05,122.95
O0002835,CUST00472,2025-02-02,P0023,1,0.1,COD,Fashion,67.68,45.5,67.68,6.77,60.91,45.5,15.41
O0000746,CUST00253,2025-02-02,P0044,2,0.15,COD,Home,319.2,142.3,638.4,95.76,542.64,284.6,258.04
O0004976,CUST00387,2025-02-02,P0031,1,0.15,UPI,Electronics,287.51,147.51,287.51,43.13,244.38,147.51,96.87
O0001419,CUST00632,2025-02-03,P0044,1,0.0,UPI,Home,319.2,142.3,319.2,0.0,319.2,142.3,176.9
O0000040,CUST00258,2025-02-03,P0016,1,0.1,Net Banking,Fashion,101.27,44.23,101.27,10.13,91.14,44.23,46.91
O0002587,CUST00600,2025-02-03,P0033,2,0.0,COD,Fashion,112.86,61.51,225.72,0.0,225.72,123.02,102.7
O0003419,CUST00255,2025-02-03,P0029,2,0.15,Net Banking,Home,354.92,154.02,709.84,106.48,603.36,308.04,295.32
O0000956,CUST00290,2025-02-03,P0034,1,0.2,Card,Electronics,186.26,105.01,186.26,37.25,149.01,105.01,44.0
O0004524,CUST00132,2025-02-03,P0011,4,0.2,Card,Electronics,158.87,121.21,635.48,127.1,508.38,484.84,23.54
O0003060,CUST00288,2025-02-03,P0032,2,0.1,Card,Electronics,325.98,157.6,651.96,65.2,586.76,315.2,271.56
O0001262,CUST00223,2025-02-03,P0018,4,0.0,Card,Beauty,175.93,84.8,703.72,0.0,703.72,339.2,364.52
O0002099,CUST00505,2025-02-03,P0034,2,0.0,UPI,Electronics,186.26,105.01,372.52,0.0,372.52,210.02,162.5
O0002200,CUST00199,2025-02-03,P0020,2,0.1,Card,Home,149.95,68.06,299.9,29.99,269.91,136.12,133.79
O0002209,CUST00518,2025-02-04,P0013,1,0.0,Card,Grocery,268.38,121.9,268.38,0.0,268.38,121.9,146.48
O0000881,CUST00613,2025-02-04,P0029,2,0.2,UPI,Home,354.92,154.02,709.84,141.97,567.87,308.04,259.83
O0003854,CUST00002,2025-02-04,P0043,4,0.0,Wallet,Electronics,364.08,156.96,1456.32,0.0,1456.32,627.84,828.48
O0000911,CUST00408,2025-02-04,P0023,1,0.0,UPI,Fashion,67.68,45.5,67.68,0.0,67.68,45.5,22.18
O0001922,CUST00550,2025-02-04,P0045,4,0.1,Card,Grocery,121.81,53.8,487.24,48.72,438.52,215.2,223.32
O0003146,CUST00568,2025-02-04,P0018,4,0.1,COD,Beauty,175.93,84.8,703.72,70.37,633.35,339.2,294.15
O0003265,CUST00595,2025-02-04,P0010,2,0.0,Wallet,Grocery,158.28,88.17,316.56,0.0,316.56,176.34,140.22
O0004345,CUST00256,2025-02-04,P0021,1,0.0,COD,Beauty,264.24,127.61,264.24,0.0,264.24,127.61,136.63
O0000858,CUST00103,2025-02-05,P0019,3,0.05,Card,Electronics,148.06,96.56,444.18,22.21,421.97,289.68,132.29
O0004662,CUST00494,2025-02-05,P0008,1,0.15,Card,Fashion,152.63,75.07,152.63,22.89,129.74,75.07,54.67
O0000988,CUST00422,2025-02-05,P0018,3,0.1,Net Banking,Beauty,175.93,84.8,527.79,52.78,475.01,254.4,220.61
O0004268,CUST00038,2025-02-05,P0019,4,0.0,Card,Electronics,148.06,96.56,592.24,0.0,592.24,386.24,206.0
O0003991,CUST00162,2025-02-05,P0004,4,0.0,COD,Home,54.29,27.5,217.16,0.0,217.16,110.0,107.16
O0002445,CUST00234,2025-02-05,P0029,4,0.15,Card,Home,354.92,154.02,1419.68,212.95,1206.73,616.08,590.65
O0000650,CUST00205,2025-02-05,P0045,2,0.1,Card,Grocery,121.81,53.8,243.62,24.36,219.26,107.6,111.66
O0004856,CUST00383,2025-02-05,P0004,1,0.0,Card,Home,54.29,27.5,54.29,0.0,54.29,27.5,26.79
O0000214,CUST00115,2025-02-05,P0032,3,0.15,Card,Electronics,325.98,157.6,977.94,146.69,831.25,472.8,358.45
O0000284,CUST00314,2025-02-05,P0020,2,0.0,Card,Home,149.95,68.06,299.9,0.0,299.9,136.12,163.78
O0002636,CUST00451,2025-02-05,P0030,1,0.15,Wallet,Grocery,239.09,117.72,239.09,35.86,203.23,117.72,85.51
O0004753,CUST00463,2025-02-06,P0036,2,0.0,Card,Home,308.75,157.97,617.5,0.0,617.5,315.94,301.56
O0000098,CUST00472,2025-02-06,P0033,2,0.0,Net Banking,Fashion,112.86,61.51,225.72,0.0,225.72,123.02,102.7
O0000342,CUST00370,2025-02-06,P0003,2,0.05,Card,Home,236.77,123.51,473.54,23.68,449.86,247.02,202.84
O0000375,CUST00378,2025-02-06,P0025,1,0.1,Card,Fashion,234.0,111.05,234.0,23.4,210.6,111.05,99.55
O0003091,CUST00530,2025-02-06,P0023,1,0.05,Wallet,Fashion,67.68,45.5,67.68,3.38,64.3,45.5,18.8
O0000166,CUST00131,2025-02-06,P0004,1,0.0,UPI,Home,54.29,27.5,54.29,0.0,54.29,27.5,26.79
O0005188,CUST00379,2025-02-06,P0015,3,0.1,Net Banking,Fashion,43.69,25.91,131.07,13.11,117.96,77.73,40.23
O0002125,CUST00405,2025-02-07,P0044,2,0.0,Card,Home,319.2,142.3,638.4,0.0,638.4,284.6,353.8
O0001369,CUST00208,2025-02-07,P0002,1,0.0,Card,Electronics,165.42,102.08,165.42,0.0,165.42,102.08,63.34
O0002938,CUST00283,2025-02-07,P0008,4,0.0,Net Banking,Fashion,152.63,75.07,610.52,0.0,610.52,300.28,310.24
O0001319,CUST00260,2025-02-07,P0008,2,0.0,Card,Fashion,152.63,75.07,305.26,0.0,305.26,150.14,155.12
O0002032,CUST00056,2025-02-07,P0039,3,0.0,Net Banking,Electronics,302.32,141.08,906.96,0.0,906.96,423.24,483.72
O0004759,CUST00228,2025-02-07,P0016,1,0.1,UPI,Fashion,101.27,44.23,101.27,10.13,91.14,44.23,46.91
O0004571,CUST00427,2025-02-07,P0039,1,0.0,Card,Electronics,302.32,141.08,302.32,0.0,302.32,141.08,161.24
O0003281,CUST00486,2025-02-08,P0037,1,0.2,COD,Fashion,32.76,22.26,32.76,6.55,26.21,22.26,3.95
O0002593,CUST00497,2025-02-08,P0007,4,0.15,UPI,Grocery,177.14,118.71,708.56,106.28,602.28,474.84,127.44
O0000171,CUST00396,2025-02-08,P0006,4,0.15,Card,Beauty,192.36,150.65,769.44,115.42,654.02,602.6,51.42
O0003912,CUST00150,2025-02-09,P0022,1,0.05,UPI,Electronics,326.52,146.8,326.52,16.33,310.19,146.8,163.39
O0002398,CUST00243,2025-02-09,P0015,1,0.1,UPI,Fashion,43.69,25.91,43.69,4.37,39.32,25.91,13.41
O0004397,CUST00260,2025-02-09,P0002,1,0.1,UPI,Electronics,165.42,102.08,165.42,16.54,148.88,102.08,46.8
O0004535,CUST00518,2025-02-09,P0033,2,0.05,Card,Fashion,112.86,61.51,225.72,11.29,214.43,123.02,91.41
O0002597,CUST00363,2025-02-09,P0018,1,0.05,Card,Beauty,175.93,84.8,175.93,8.8,167.13,84.8,82.33
O0001999,CUST00038,2025-02-09,P0009,1,0.0,Card,Fashion,264.14,141.26,264.14,0.0,264.14,141.26,122.88
O0000791,CUST00131,2025-02-09,P0037,1,0.05,Wallet,Fashion,32.76,22.26,32.76,1.64,31.12,22.26,8.86
O0004361,CUST00544,2025-02-09,P0021,2,0.05,Card,Beauty,264.24,127.61,528.48,26.42,502.06,255.22,246.84
O0000833,CUST00405,2025-02-09,P0037,3,0.0,COD,Fashion,32.76,22.26,98.28,0.0,98.28,66.78,31.5
O0000910,CUST00369,2025-02-09,P0002,2,0.05,COD,Electronics,165.42,102.08,330.84,16.54,314.3,204.16,110.14
O0005162,CUST00277,2025-02-09,P0045,4,0.15,Net Banking,Grocery,121.81,53.8,487.24,73.09,414.15,215.2,198.95
O0002118,CUST00512,2025-02-09,P0040,2,0.2,UPI,Grocery,83.65,51.18,167.3,33.46,133.84,102.36,31.48
O0002184,CUST00427,2025-02-10,P0004,1,0.1,UPI,Home,54.29,27.5,54.29,5.43,48.86,27.5,21.36
O0003400,CUST00307,2025-02-10,P0005,1,0.1,UPI,Electronics,273.97,126.69,273.97,27.4,246.57,126.69,119.88
O0001444,CUST00174,2025-02-10,P0037,1,0.0,Card,Fashion,32.76,22.26,32.76,0.0,32.76,22.26,10.5
O0001174,CUST00153,2025-02-10,P0009,2,0.0,COD,Fashion,264.14,141.26,528.28,0.0,528.28,282.52,245.76
O0002378,CUST00439,2025-02-10,P0004,3,0.15,Net Banking,Home,54.29,27.5,162.87,24.43,138.44,82.5,55.94
O0000244,CUST00567,2025-02-10,P0008,1,0.2,COD,Fashion,152.63,75.07,152.63,30.53,122.1,75.07,47.03
O0004344,CUST00047,2025-02-10,P0023,2,0.2,UPI,Fashion,67.68,45.5,135.36,27.07,108.29,91.0,17.29
O0003171,CUST00487,2025-02-10,P0040,1,0.0,UPI,Grocery,83.65,51.18,83.65,0.0,83.65,51.18,32.47
O0003516,CUST00584,2025-02-10,P0036,1,0.1,Net Banking,Home,308.75,157.97,308.75,30.88,277.87,157.97,119.9
O0001807,CUST00132,2025-02-11,P0021,3,0.1,COD,Beauty,264.24,127.61,792.72,79.27,713.45,382.83,330.62
O0003225,CUST00169,2025-02-11,P0036,4,0.2,UPI,Home,308.75,157.97,1235.0,247.0,988.0,631.88,356.12
O0005100,CUST00288,2025-02-11,P0034,4,0.0,Net Banking,Electronics,186.26,105.01,745.04,0.0,745.04,420.04,325.0
O0003389,CUST00461,2025-02-11,P0024,2,0.1,UPI,Grocery,220.04,119.95,440.08,44.01,396.07,239.9,156.17
O0004838,CUST00005,2025-02-12,P0042,2,0.15,Net Banking,Fashion,92.99,66.18,185.98,27.9,158.08,132.36,25.72
O0000836,CUST00600,2025-02-12,P0040,1,0.2,UPI,Grocery,83.65,51.18,83.65,16.73,66.92,51.18,15.74
O0003952,CUST00561,2025-02-12,P0011,2,0.0,UPI,Electronics,158.87,121.21,317.74,0.0,317.74,242.42,75.32
O0001863,CUST00512,2025-02-12,P0002,2,0.05,Net Banking,Electronics,165.42,102.08,330.84,16.54,314.3,204.16,110.14
O0001870,CUST00183,2025-02-12,P0039,4,0.0,COD,Electronics,302.32,141.08,1209.28,0.0,1209.28,564.32,644.96
O0004863,CUST00557,2025-02-12,P0022,4,0.05,Net Banking,Electronics,326.52,146.8,1306.08,65.3,1240.78,587.2,653.58
O0004157,CUST00436,2025-02-13,P0023,1,0.0,COD,Fashion,67.68,45.5,67.68,0.0,67.68,45.5,22.18
O0003570,CUST00404,2025-02-13,P0026,2,0.1,UPI,Electronics,133.04,87.51,266.08,26.61,239.47,175.02,64.45
O0004658,CUST00400,2025-02-13,P0010,1,0.0,Card,Grocery,158.28,88.17,158.28,0.0,158.28,88.17,70.11
O0001731,CUST00101,2025-02-13,P0043,1,0.1,UPI,Electronics,364.08,156.96,364.08,36.41,327.67,156.96,170.71
O0002078,CUST00502,2025-02-13,P0003,1,0.15,UPI,Home,236.77,123.51,236.77,35.52,201.25,123.51,77.74
O0000101,CUST00367,2025-02-13,P0044,2,0.2,UPI,Home,319.2,142.3,638.4,127.68,510.72,284.6,226.12
O0000967,CUST00268,2025-02-13,P0005,1,0.0,COD,Electronics,273.97,126.69,273.97,0.0,273.97,126.69,147.28
O0001322,CUST00564,2025-02-13,P0032,2,0.0,UPI,Electronics,325.98,157.6,651.96,0.0,651.96,315.2,336.76
O0001822,CUST00256,2025-02-13,P0005,3,0.15,COD,Electronics,273.97,126.69,821.91,123.29,698.62,380.07,318.55
O0001861,CUST00158,2025-02-14,P0041,2,0.1,COD,Grocery,240.98,127.74,481.96,48.2,433.76,255.48,178.28
O0003737,CUST00492,2025-02-14,P0022,4,0.15,Net Banking,Electronics,326.52,146.8,1306.08,195.91,1110.17,587.2,522.97
O0004617,CUST00284,2025-02-14,P0030,1,0.1,COD,Grocery,239.09,117.72,239.09,23.91,215.18,117.72,97.46
O0001041,CUST00053,2025-02-14,P0022,1,0.15,UPI,Electronics,326.52,146.8,326.52,48.98,277.54,146.8,130.74
O0000278,CUST00643,2025-02-14,P0023,1,0.0,UPI,Fashion,67.68,45.5,67.68,0.0,67.68,45.5,22.18
O0003678,CUST00115,2025-02-14,P0017,1,0.0,UPI,Home,110.28,84.44,110.28,0.0,110.28,84.44,25.84
O0004686,CUST00106,2025-02-15,P0002,4,0.0,Card,Electronics,165.42,102.08,661.68,0.0,661.68,408.32,253.36
O0003080,CUST00429,2025-02-15,P0024,1,0.0,COD,Grocery,220.04,119.95,220.04,0.0,220.04,119.95,100.09
O0002128,CUST00012,2025-02-15,P0004,2,0.1,Wallet,Home,54.29,27.5,108.58,10.86,97.72,55.0,42.72
O0004005,CUST00298,2025-02-15,P0006,1,0.1,Card,Beauty,192.36,150.65,192.36,19.24,173.12,150.65,22.47
O0000564,CUST00171,2025-02-15,P0022,2,0.1,Net Banking,Electronics,326.52,146.8,653.04,65.3,587.74,293.6,294.14
O0003401,CUST00508,2025-02-15,P0002,1,0.1,Wallet,Electronics,165.42,102.08,165.42,16.54,148.88,102.08,46.8
O0004998,CUST00057,2025-02-15,P0027,2,0.0,COD,Electronics,55.13,36.66,110.26,0.0,110.26,73.32,36.94
O0000661,CUST00033,2025-02-16,P0045,2,0.05,Wallet,Grocery,121.81,53.8,243.62,12.18,231.44,107.6,123.84
O0003251,CUST00275,2025-02-16,P0007,3,0.1,Card,Grocery,177.14,118.71,531.42,53.14,478.28,356.13,122.15
O0001973,CUST00210,2025-02-16,P0036,1,0.15,UPI,Home,308.75,157.97,308.75,46.31,262.44,157.97,104.47
O0001640,CUST00183,2025-02-16,P0023,2,0.1,UPI,Fashion,67.68,45.5,135.36,13.54,121.82,91.0,30.82
O0004000,CUST00095,2025-02-16,P0031,4,0.1,Card,Electronics,287.51,147.51,1150.04,115.0,1035.04,590.04,445.0
O0002040,CUST00266,2025-02-16,P0003,1,0.1,UPI,Home,236.77,123.51,236.77,23.68,213.09,123.51,89.58
O0003674,CUST00646,2025-02-16,P0012,3,0.1,Card,Electronics,216.75,132.72,650.25,65.03,585.22,398.16,187.06
O0000103,CUST00082,2025-02-16,P0016,1,0.0,UPI,Fashion,101.27,44.23,101.27,0.0,101.27,44.23,57.04
O0003942,CUST00183,2025-02-16,P0024,1,0.05,Wallet,Grocery,220.04,119.95,220.04,11.0,209.04,119.95,89.09
O0000023,CUST00600,2025-02-16,P0014,4,0.0,UPI,Electronics,66.45,51.75,265.8,0.0,265.8,207.0,58.8
O0000784,CUST00237,2025-02-16,P0029,1,0.15,UPI,Home,354.92,154.02,354.92,53.24,301.68,154.02,147.66
O0003177,CUST00295,2025-02-16,P0024,2,0.0,UPI,Grocery,220.04,119.95,440.08,0.0,440.08,239.9,200.18
O0005181,CUST00095,2025-02-17,P0005,3,0.1,COD,Electronics,273.97,126.69,821.91,82.19,739.72,380.07,359.65
O0003021,CUST00121,2025-02-17,P0030,1,0.1,UPI,Grocery,239.09,117.72,239.09,23.91,215.18,117.72,97.46
O0001397,CUST00261,2025-02-17,P0023,4,0.1,UPI,Fashion,67.68,45.5,270.72,27.07,243.65,182.0,61.65
O0001163,CUST00536,2025-02-17,P0013,1,0.0,Wallet,Grocery,268.38,121.9,268.38,0.0,268.38,121.9,146.48
O0000026,CUST00596,2025-02-17,P0041,2,0.0,Card,Grocery,240.98,127.74,481.96,0.0,481.96,255.48,226.48
O0002789,CUST00189,2025-02-17,P0034,2,0.2,UPI,Electronics,186.26,105.01,372.52,74.5,298.02,210.02,88.0
O0000919,CUST00241,2025-02-17,P0022,2,0.1,Card,Electronics,326.52,146.8,653.04,65.3,587.74,293.6,294.14
O0000010,CUST00487,2025-02-17,P0013,1,0.1,COD,Grocery,268.38,121.9,268.38,26.84,241.54,121.9,119.64
O0001482,CUST00388,2025-02-18,P0033,3,0.0,COD,Fashion,112.86,61.51,338.58,0.0,338.58,184.53,154.05
O0001039,CUST00155,2025-02-18,P0045,1,0.05,COD,Grocery,121.81,53.8,121.81,6.09,115.72,53.8,61.92
O0003658,CUST00277,2025-02-18,P0010,4,0.15,UPI,Grocery,158.28,88.17,633.12,94.97,538.15,352.68,185.47
O0004779,CUST00450,2025-02-18,P0041,1,0.15,Card,Grocery,240.98,127.74,240.98,36.15,204.83,127.74,77.09
O0004034,CUST00357,2025-02-18,P0009,2,0.15,Card,Fashion,264.14,141.26,528.28,79.24,449.04,282.52,166.52
O0000914,CUST00078,2025-02-18,P0039,2,0.0,UPI,Electronics,302.32,141.08,604.64,0.0,604.64,282.16,322.48
O0000736,CUST00568,2025-02-18,P0032,1,0.05,UPI,Electronics,325.98,157.6,325.98,16.3,309.68,157.6,152.08
O0002937,CUST00611,2025-02-19,P0037,1,0.05,Card,Fashion,32.76,22.26,32.76,1.64,31.12,22.26,8.86
O0001963,CUST00559,2025-02-19,P0009,2,0.0,COD,Fashion,264.14,141.26,528.28,0.0,528.28,282.52,245.76
O0002092,CUST00596,2025-02-19,P0015,4,0.0,COD,Fashion,43.69,25.91,174.76,0.0,174.76,103.64,71.12
O0004388,CUST00223,2025-02-19,P0045,4,0.15,COD,Grocery,121.81,53.8,487.24,73.09,414.15,215.2,198.95
O0000260,CUST00244,2025-02-19,P0036,1,0.05,UPI,Home,308.75,157.97,308.75,15.44,293.31,157.97,135.34
O0001210,CUST00225,2025-02-19,P0035,3,0.1,COD,Home,139.63,80.04,418.89,41.89,377.0,240.12,136.88
O0002457,CUST00053,2025-02-19,P0008,1,0.0,UPI,Fashion,152.63,75.07,152.63,0.0,152.63,75.07,77.56
O0000480,CUST00131,2025-02-20,P0040,2,0.05,Wallet,Grocery,83.65,51.18,167.3,8.36,158.94,102.36,56.58
O0000629,CUST00131,2025-02-20,P0013,2,0.15,Net Banking,Grocery,268.38,121.9,536.76,80.51,456.25,243.8,212.45
O0000811,CUST00326,2025-02-20,P0021,1,0.05,Card,Beauty,264.24,127.61,264.24,13.21,251.03,127.61,123.42
O0002520,CUST00103,2025-02-20,P0031,2,0.0,Wallet,Electronics,287.51,147.51,575.02,0.0,575.02,295.02,280.0
O0004709,CUST00260,2025-02-20,P0040,2,0.0,UPI,Grocery,83.65,51.18,167.3,0.0,167.3,102.36,64.94
O0002260,CUST00551,2025-02-20,P0032,1,0.0,UPI,Electronics,325.98,157.6,325.98,0.0,325.98,157.6,168.38
O0001854,CUST00010,2025-02-20,P0013,4,0.0,UPI,Grocery,268.38,121.9,1073.52,0.0,1073.52,487.6,585.92
O0000329,CUST00384,2025-02-21,P0005,2,0.1,UPI,Electronics,273.97,126.69,547.94,54.79,493.15,253.38,239.77
O0003376,CUST00557,2025-02-21,P0009,1,0.1,COD,Fashion,264.14,141.26,264.14,26.41,237.73,141.26,96.47
O0000353,CUST00341,2025-02-21,P0034,3,0.0,Card,Electronics,186.26,105.01,558.78,0.0,558.78,315.03,243.75
O0000275,CUST00380,2025-02-21,P0013,1,0.1,Card,Grocery,268.38,121.9,268.38,26.84,241.54,121.9,119.64
O0003872,CUST00355,2025-02-21,P0014,4,0.0,UPI,Electronics,66.45,51.75,265.8,0.0,265.8,207.0,58.8
O0001874,CUST00180,2025-02-21,P0013,2,0.2,Card,Grocery,268.38,121.9,536.76,107.35,429.41,243.8,185.61
O0000913,CUST00147,2025-02-21,P0007,4,0.1,COD,Grocery,177.14,118.71,708.56,70.86,637.7,474.84,162.86
O0003767,CUST00398,2025-02-22,P0010,2,0.0,Card,Grocery,158.28,88.17,316.56,0.0,316.56,176.34,140.22
O0003850,CUST00400,2025-02-22,P0033,4,0.0,Card,Fashion,112.86,61.51,451.44,0.0,451.44,246.04,205.4
O0001996,CUST00557,2025-02-22,P0005,2,0.2,Card,Electronics,273.97,126.69,547.94,109.59,438.35,253.38,184.97
O0001455,CUST00312,2025-02-22,P0002,1,0.15,COD,Electronics,165.42,102.08,165.42,24.81,140.61,102.08,38.53
O0004190,CUST00140,2025-02-22,P0007,1,0.0,UPI,Grocery,177.14,118.71,177.14,0.0,177.14,118.71,58.43
O0002298,CUST00454,2025-02-22,P0037,3,0.1,Card,Fashion,32.76,22.26,98.28,9.83,88.45,66.78,21.67
O0000925,CUST00437,2025-02-22,P0040,1,0.1,UPI,Grocery,83.65,51.18,83.65,8.36,75.29,51.18,24.11
O0002608,CUST00191,2025-02-22,P0002,1,0.0,COD,Electronics,165.42,102.08,165.42,0.0,165.42,102.08,63.34
O0004426,CUST00356,2025-02-22,P0034,3,0.0,COD,Electronics,186.26,105.01,558.78,0.0,558.78,315.03,243.75
O0003134,CUST00130,2025-02-22,P0025,2,0.0,COD,Fashion,234.0,111.05,468.0,0.0,468.0,222.1,245.9
O0000211,CUST00608,2025-02-23,P0032,1,0.05,UPI,Electronics,325.98,157.6,325.98,16.3,309.68,157.6,152.08
O0002187,CUST00586,2025-02-23,P0042,1,0.1,UPI,Fashion,92.99,66.18,92.99,9.3,83.69,66.18,17.51
O0004598,CUST00455,2025-02-23,P0043,2,0.1,UPI,Electronics,364.08,156.96,728.16,72.82,655.34,313.92,341.42
O0003028,CUST00121,2025-02-23,P0001,1,0.05,Card,Fashion,114.26,54.48,114.26,5.71,108.55,54.48,54.07
O0002979,CUST00075,2025-02-24,P0016,3,0.15,UPI,Fashion,101.27,44.23,303.81,45.57,258.24,132.69,125.55
O0004032,CUST00144,2025-02-24,P0018,2,0.0,COD,Beauty,175.93,84.8,351.86,0.0,351.86,169.6,182.26
O0004093,CUST00260,2025-02-24,P0027,2,0.0,COD,Electronics,55.13,36.66,110.26,0.0,110.26,73.32,36.94
O0001603,CUST00433,2025-02-24,P0033,1,0.0,UPI,Fashion,112.86,61.51,112.86,0.0,112.86,61.51,51.35
O0002732,CUST00220,2025-02-24,P0005,2,0.0,Net Banking,Electronics,273.97,126.69,547.94,0.0,547.94,253.38,294.56
O0001409,CUST00516,2025-02-25,P0043,1,0.2,Net Banking,Electronics,364.08,156.96,364.08,72.82,291.26,156.96,134.3
O0000835,CUST00144,2025-02-25,P0037,4,0.0,COD,Fashion,32.76,22.26,131.04,0.0,131.04,89.04,42.0
O0001938,CUST00097,2025-02-25,P0029,2,0.0,COD,Home,354.92,154.02,709.84,0.0,709.84,308.04,401.8
O0003308,CUST00629,2025-02-25,P0016,2,0.0,Card,Fashion,101.27,44.23,202.54,0.0,202.54,88.46,114.08
O0003149,CUST00153,2025-02-25,P0004,1,0.0,Card,Home,54.29,27.5,54.29,0.0,54.29,27.5,26.79
O0000177,CUST00244,2025-02-25,P0003,2,0.15,UPI,Home,236.77,123.51,473.54,71.03,402.51,247.02,155.49
O0002919,CUST00266,2025-02-26,P0043,3,0.05,Card,Electronics,364.08,156.96,1092.24,54.61,1037.63,470.88,566.75
O0001574,CUST00162,2025-02-26,P0007,2,0.05,COD,Grocery,177.14,118.71,354.28,17.71,336.57,237.42,99.15
O0004494,CUST00643,2025-02-26,P0010,2,0.1,Wallet,Grocery,158.28,88.17,316.56,31.66,284.9,176.34,108.56
O0001924,CUST00383,2025-02-26,P0017,4,0.05,Card,Home,110.28,84.44,441.12,22.06,419.06,337.76,81.3
O0004047,CUST00113,2025-02-26,P0011,1,0.15,Card,Electronics,158.87,121.21,158.87,23.83,135.04,121.21,13.83
O0002256,CUST00436,2025-02-26,P0028,1,0.05,Wallet,Electronics,164.95,128.88,164.95,8.25,156.7,128.88,27.82
O0002667,CUST00384,2025-02-26,P0017,2,0.0,UPI,Home,110.28,84.44,220.56,0.0,220.56,168.88,51.68
O0000105,CUST00029,2025-02-26,P0006,2,0.15,COD,Beauty,192.36,150.65,384.72,57.71,327.01,301.3,25.71
O0003620,CUST00517,2025-02-27,P0032,1,0.1,Card,Electronics,325.98,157.6,325.98,32.6,293.38,157.6,135.78
O0004357,CUST00037,2025-02-27,P0019,3,0.0,UPI,Electronics,148.06,96.56,444.18,0.0,444.18,289.68,154.5
O0004659,CUST00250,2025-02-27,P0001,4,0.1,UPI,Fashion,114.26,54.48,457.04,45.7,411.34,217.92,193.42
O0003894,CUST00441,2025-02-27,P0010,1,0.0,Wallet,Grocery,158.28,88.17,158.28,0.0,158.28,88.17,70.11
O0004529,CUST00354,2025-02-27,P0015,3,0.15,Net Banking,Fashion,43.69,25.91,131.07,19.66,111.41,77.73,33.68
O0002251,CUST00542,2025-02-28,P0041,2,0.2,UPI,Grocery,240.98,127.74,481.96,96.39,385.57,255.48,130.09
O0001350,CUST00486,2025-02-28,P0024,1,0.2,UPI,Grocery,220.04,119.95,220.04,44.01,176.03,119.95,56.08
O0004783,CUST00606,2025-02-28,P0001,1,0.15,UPI,Fashion,114.26,54.48,114.26,17.14,97.12,54.48,42.64
O0001931,CUST00216,2025-03-01,P0017,4,0.05,Net Banking,Home,110.28,84.44,441.12,22.06,419.06,337.76,81.3
O0000429,CUST00007,2025-03-01,P0027,2,0.0,COD,Electronics,55.13,36.66,110.26,0.0,110.26,73.32,36.94
O0003844,CUST00640,2025-03-01,P0036,1,0.15,Card,Home,308.75,157.97,308.75,46.31,262.44,157.97,104.47
O0001751,CUST00343,2025-03-01,P0010,2,0.15,Card,Grocery,158.28,88.17,316.56,47.48,269.08,176.34,92.74
O0000659,CUST00302,2025-03-01,P0022,4,0.05,Card,Electronics,326.52,146.8,1306.08,65.3,1240.78,587.2,653.58
O0003193,CUST00472,2025-03-01,P0005,2,0.1,COD,Electronics,273.97,126.69,547.94,54.79,493.15,253.38,239.77
O0003069,CUST00070,2025-03-01,P0042,3,0.0,Card,Fashion,92.99,66.18,278.97,0.0,278.97,198.54,80.43
O0004731,CUST00550,2025-03-01,P0007,1,0.15,UPI,Grocery,177.14,118.71,177.14,26.57,150.57,118.71,31.86
O0000637,CUST00048,2025-03-01,P0024,1,0.1,UPI,Grocery,220.04,119.95,220.04,22.0,198.04,119.95,78.09
O0000022,CUST00126,2025-03-01,P0045,3,0.0,COD,Grocery,121.81,53.8,365.43,0.0,365.43,161.4,204.03
O0000681,CUST00300,2025-03-02,P0001,1,0.1,COD,Fashion,114.26,54.48,114.26,11.43,102.83,54.48,48.35
O0004476,CUST00364,2025-03-02,P0038,1,0.2,COD,Fashion,157.39,70.68,157.39,31.48,125.91,70.68,55.23
O0004260,CUST00069,2025-03-02,P0039,2,0.15,Card,Electronics,302.32,141.08,604.64,90.7,513.94,282.16,231.78
O0000417,CUST00067,2025-03-02,P0015,2,0.0,Wallet,Fashion,43.69,25.91,87.38,0.0,87.38,51.82,35.56
O0000408,CUST00596,2025-03-02,P0011,1,0.2,COD,Electronics,158.87,121.21,158.87,31.77,127.1,121.21,5.89
O0004858,CUST00003,2025-03-02,P0022,4,0.1,UPI,Electronics,326.52,146.8,1306.08,130.61,1175.47,587.2,588.27
O0002969,CUST00429,2025-03-02,P0035,2,0.15,Card,Home,139.63,80.04,279.26,41.89,237.37,160.08,77.29
O0004054,CUST00225,2025-03-02,P0022,1,0.0,Card,Electronics,326.52,146.8,326.52,0.0,326.52,146.8,179.72
O0000025,CUST00598,2025-03-03,P0018,1,0.1,Card,Beauty,175.93,84.8,175.93,17.59,158.34,84.8,73.54
O0002463,CUST00383,2025-03-03,P0022,3,0.2,UPI,Electronics,326.52,146.8,979.56,195.91,783.65,440.4,343.25
O0000897,CUST00146,2025-03-03,P0017,4,0.0,UPI,Home,110.28,84.44,441.12,0.0,441.12,337.76,103.36
O0004870,CUST00481,2025-03-03,P0011,2,0.05,Card,Electronics,158.87,121.21,317.74,15.89,301.85,242.42,59.43
O0000841,CUST00316,2025-03-03,P0013,3,0.05,Card,Grocery,268.38,121.9,805.14,40.26,764.88,365.7,399.18
O0004629,CUST00458,2025-03-03,P0027,3,0.2,UPI,Electronics,55.13,36.66,165.39,33.08,132.31,109.98,22.33
O0004893,CUST00634,2025-03-03,P0008,1,0.1,UPI,Fashion,152.63,75.07,152.63,15.26,137.37,75.07,62.3
O0004794,CUST00420,2025-03-03,P0031,2,0.2,Card,Electronics,287.51,147.51,575.02,115.0,460.02,295.02,165.0
O0002112,CUST00230,2025-03-03,P0035,3,0.0,Card,Home,139.63,80.04,418.89,0.0,418.89,240.12,178.77
O0003785,CUST00146,2025-03-04,P0022,1,0.0,COD,Electronics,326.52,146.8,326.52,0.0,326.52,146.8,179.72
O0000872,CUST00262,2025-03-04,P0037,3,0.05,Wallet,Fashion,32.76,22.26,98.28,4.91,93.37,66.78,26.59
O0002164,CUST00250,2025-03-04,P0018,1,0.05,Wallet,Beauty,175.93,84.8,175.93,8.8,167.13,84.8,82.33
O0001514,CUST00330,2025-03-04,P0006,1,0.0,Card,Beauty,192.36,150.65,192.36,0.0,192.36,150.65,41.71
O0004340,CUST00571,2025-03-04,P0044,2,0.0,Card,Home,319.2,142.3,638.4,0.0,638.4,284.6,353.8
O0004533,CUST00441,2025-03-05,P0004,1,0.1,Wallet,Home,54.29,27.5,54.29,5.43,48.86,27.5,21.36
O0000052,CUST00429,2025-03-05,P0040,1,0.0,Wallet,Grocery,83.65,51.18,83.65,0.0,83.65,51.18,32.47
O0003295,CUST00402,2025-03-05,P0014,2,0.1,COD,Electronics,66.45,51.75,132.9,13.29,119.61,103.5,16.11
O0003131,CUST00560,2025-03-05,P0002,2,0.0,UPI,Electronics,165.42,102.08,330.84,0.0,330.84,204.16,126.68
O0002661,CUST00356,2025-03-05,P0001,1,0.05,COD,Fashion,114.26,54.48,114.26,5.71,108.55,54.48,54.07
O0002718,CUST00026,2025-03-06,P0023,1,0.15,Card,Fashion,67.68,45.5,67.68,10.15,57.53,45.5,12.03
O0002234,CUST00204,2025-03-06,P0018,1,0.15,Wallet,Beauty,175.93,84.8,175.93,26.39,149.54,84.8,64.74
O0000942,CUST00238,2025-03-07,P0012,4,0.2,UPI,Electronics,216.75,132.72,867.0,173.4,693.6,530.88,162.72
O0003607,CUST00048,2025-03-07,P0024,3,0.0,Card,Grocery,220.04,119.95,660.12,0.0,660.12,359.85,300.27
O0002600,CUST00475,2025-03-07,P0043,4,0.0,Wallet,Electronics,364.08,156.96,1456.32,0.0,1456.32,627.84,828.48
O0002571,CUST00613,2025-03-07,P0029,1,0.0,COD,Home,354.92,154.02,354.92,0.0,354.92,154.02,200.9
O0002268,CUST00618,2025-03-07,P0021,1,0.15,Card,Beauty,264.24,127.61,264.24,39.64,224.6,127.61,96.99
O0000711,CUST00560,2025-03-07,P0029,1,0.15,UPI,Home,354.92,154.02,354.92,53.24,301.68,154.02,147.66
O0004037,CUST00400,2025-03-08,P0020,3,0.15,COD,Home,149.95,68.06,449.85,67.48,382.37,204.18,178.19
O0000106,CUST00209,2025-03-08,P0043,2,0.0,UPI,Electronics,364.08,156.96,728.16,0.0,728.16,313.92,414.24
O0001123,CUST00459,2025-03-08,P0030,1,0.0,Card,Grocery,239.09,117.72,239.09,0.0,239.09,117.72,121.37
O0002159,CUST00517,2025-03-08,P0010,4,0.05,COD,Grocery,158.28,88.17,633.12,31.66,601.46,352.68,248.78
O0004663,CUST00243,2025-03-08,P0028,1,0.2,Wallet,Electronics,164.95,128.88,164.95,32.99,131.96,128.88,3.08
O0003605,CUST00271,2025-03-08,P0029,2,0.1,Card,Home,354.92,154.02,709.84,70.98,638.86,308.04,330.82
O0000875,CUST00443,2025-03-08,P0005,2,0.0,COD,Electronics,273.97,126.69,547.94,0.0,547.94,253.38,294.56
O0000423,CUST00300,2025-03-08,P0025,1,0.1,Card,Fashion,234.0,111.05,234.0,23.4,210.6,111.05,99.55
O0000838,CUST00384,2025-03-08,P0031,1,0.15,UPI,Electronics,287.51,147.51,287.51,43.13,244.38,147.51,96.87
O0000149,CUST00560,2025-03-09,P0003,2,0.05,Net Banking,Home,236.77,123.51,473.54,23.68,449.86,247.02,202.84
O0001738,CUST00242,2025-03-09,P0022,1,0.05,UPI,Electronics,326.52,146.8,326.52,16.33,310.19,146.8,163.39
O0002185,CUST00057,2025-03-09,P0043,1,0.1,COD,Electronics,364.08,156.96,364.08,36.41,327.67,156.96,170.71
O0004852,CUST00619,2025-03-09,P0017,1,0.1,UPI,Home,110.28,84.44,110.28,11.03,99.25,84.44,14.81
O0004467,CUST00473,2025-03-09,P0003,4,0.05,Card,Home,236.77,123.51,947.08,47.35,899.73,494.04,405.69
O0000015,CUST00025,2025-03-10,P0017,2,0.0,COD,Home,110.28,84.44,220.56,0.0,220.56,168.88,51.68
O0003092,CUST00031,2025-03-10,P0043,1,0.1,Card,Electronics,364.08,156.96,364.08,36.41,327.67,156.96,170.71
O0004284,CUST00339,2025-03-10,P0025,2,0.1,UPI,Fashion,234.0,111.05,468.0,46.8,421.2,222.1,199.1
O0002928,CUST00293,2025-03-10,P0038,1,0.0,UPI,Fashion,157.39,70.68,157.39,0.0,157.39,70.68,86.71
O0002484,CUST00288,2025-03-10,P0045,2,0.1,UPI,Grocery,121.81,53.8,243.62,24.36,219.26,107.6,111.66
O0003051,CUST00234,2025-03-10,P0007,2,0.05,Card,Grocery,177.14,118.71,354.28,17.71,336.57,237.42,99.15
O0000768,CUST00147,2025-03-10,P0038,4,0.2,Wallet,Fashion,157.39,70.68,629.56,125.91,503.65,282.72,220.93
O0004491,CUST00263,2025-03-10,P0018,2,0.2,Wallet,Beauty,175.93,84.8,351.86,70.37,281.49,169.6,111.89
O0002883,CUST00582,2025-03-11,P0040,2,0.0,UPI,Grocery,83.65,51.18,167.3,0.0,167.3,102.36,64.94
O0000584,CUST00640,2025-03-11,P0003,1,0.15,UPI,Home,236.77,123.51,236.77,35.52,201.25,123.51,77.74
O0001216,CUST00358,2025-03-11,P0039,4,0.1,UPI,Electronics,302.32,141.08,1209.28,120.93,1088.35,564.32,524.03
O0001382,CUST00023,2025-03-11,P0041,3,0.0,Card,Grocery,240.98,127.74,722.94,0.0,722.94,383.22,339.72
O0001712,CUST00275,2025-03-11,P0027,3,0.15,COD,Electronics,55.13,36.66,165.39,24.81,140.58,109.98,30.6
O0000974,CUST00194,2025-03-11,P0014,1,0.15,UPI,Electronics,66.45,51.75,66.45,9.97,56.48,51.75,4.73
O0000938,CUST00516,2025-03-11,P0002,1,0.0,Card,Electronics,165.42,102.08,165.42,0.0,165.42,102.08,63.34
O0000808,CUST00264,2025-03-11,P0030,2,0.1,Wallet,Grocery,239.09,117.72,478.18,47.82,430.36,235.44,194.92
O0005070,CUST00126,2025-03-11,P0017,2,0.2,Wallet,Home,110.28,84.44,220.56,44.11,176.45,168.88,7.57
O0000954,CUST00489,2025-03-12,P0004,3,0.2,Net Banking,Home,54.29,27.5,162.87,32.57,130.3,82.5,47.8
O0003214,CUST00113,2025-03-12,P0034,2,0.0,Card,Electronics,186.26,105.01,372.52,0.0,372.52,210.02,162.5
O0000307,CUST00383,2025-03-12,P0043,3,0.0,COD,Electronics,364.08,156.96,1092.24,0.0,1092.24,470.88,621.36
O0002821,CUST00542,2025-03-12,P0012,1,0.05,COD,Electronics,216.75,132.72,216.75,10.84,205.91,132.72,73.19
O0004811,CUST00610,2025-03-12,P0029,1,0.0,UPI,Home,354.92,154.02,354.92,0.0,354.92,154.02,200.9
O0001022,CUST00146,2025-03-12,P0040,1,0.05,Card,Grocery,83.65,51.18,83.65,4.18,79.47,51.18,28.29
O0002336,CUST00327,2025-03-12,P0018,4,0.2,Net Banking,Beauty,175.93,84.8,703.72,140.74,562.98,339.2,223.78
O0001421,CUST00151,2025-03-12,P0017,1,0.2,COD,Home,110.28,84.44,110.28,22.06,88.22,84.44,3.78
O0003017,CUST00343,2025-03-13,P0041,1,0.15,Wallet,Grocery,240.98,127.74,240.98,36.15,204.83,127.74,77.09
O0004031,CUST00033,2025-03-13,P0021,3,0.1,Wallet,Beauty,264.24,127.61,792.72,79.27,713.45,382.83,330.62
O0004245,CUST00163,2025-03-13,P0010,1,0.05,Net Banking,Grocery,158.28,88.17,158.28,7.91,150.37,88.17,62.2
O0001438,CUST00241,2025-03-13,P0039,4,0.0,Wallet,Electronics,302.32,141.08,1209.28,0.0,1209.28,564.32,644.96
O0003056,CUST00543,2025-03-13,P0026,1,0.1,Card,Electronics,133.04,87.51,133.04,13.3,119.74,87.51,32.23
O0000254,CUST00383,2025-03-13,P0028,2,0.1,UPI,Electronics,164.95,128.88,329.9,32.99,296.91,257.76,39.15
O0000934,CUST00239,2025-03-13,P0003,4,0.05,Net Banking,Home,236.77,123.51,947.08,47.35,899.73,494.04,405.69
O0005081,CUST00193,2025-03-14,P0027,1,0.2,Card,Electronics,55.13,36.66,55.13,11.03,44.1,36.66,7.44
O0000490,CUST00171,2025-03-14,P0030,4,0.1,COD,Grocery,239.09,117.72,956.36,95.64,860.72,470.88,389.84
O0001796,CUST00237,2025-03-14,P0023,1,0.0,COD,Fashion,67.68,45.5,67.68,0.0,67.68,45.5,22.18
O0001906,CUST00286,2025-03-14,P0038,1,0.2,Net Banking,Fashion,157.39,70.68,157.39,31.48,125.91,70.68,55.23
O0000842,CUST00069,2025-03-14,P0033,2,0.1,UPI,Fashion,112.86,61.51,225.72,22.57,203.15,123.02,80.13
O0001487,CUST00063,2025-03-14,P0003,1,0.1,UPI,Home,236.77,123.51,236.77,23.68,213.09,123.51,89.58
O0000261,CUST00239,2025-03-14,P0011,2,0.15,COD,Electronics,158.87,121.21,317.74,47.66,270.08,242.42,27.66
O0004022,CUST00473,2025-03-15,P0002,1,0.05,Card,Electronics,165.42,102.08,165.42,8.27,157.15,102.08,55.07
O0002615,CUST00461,2025-03-15,P0028,3,0.2,Net Banking,Electronics,164.95,128.88,494.85,98.97,395.88,386.64,9.24
O0002227,CUST00120,2025-03-15,P0006,2,0.0,UPI,Beauty,192.36,150.65,384.72,0.0,384.72,301.3,83.42
O0002215,CUST00274,2025-03-15,P0039,2,0.0,Net Banking,Electronics,302.32,141.08,604.64,0.0,604.64,282.16,322.48
O0000663,CUST00214,2025-03-16,P0026,4,0.15,Wallet,Electronics,133.04,87.51,532.16,79.82,452.34,350.04,102.3
O0002399,CUST00106,2025-03-16,P0019,1,0.05,UPI,Electronics,148.06,96.56,148.06,7.4,140.66,96.56,44.1
O0003815,CUST00200,2025-03-16,P0028,1,0.0,UPI,Electronics,164.95,128.88,164.95,0.0,164.95,128.88,36.07
O0005184,CUST00142,2025-03-16,P0018,1,0.0,Wallet,Beauty,175.93,84.8,175.93,0.0,175.93,84.8,91.13
O0001003,CUST00586,2025-03-16,P0032,2,0.0,Net Banking,Electronics,325.98,157.6,651.96,0.0,651.96,315.2,336.76
O0000549,CUST00530,2025-03-16,P0005,2,0.05,UPI,Electronics,273.97,126.69,547.94,27.4,520.54,253.38,267.16
O0003792,CUST00399,2025-03-16,P0002,2,0.1,Card,Electronics,165.42,102.08,330.84,33.08,297.76,204.16,93.6
O0002756,CUST00231,2025-03-16,P0010,3,0.1,Wallet,Grocery,158.28,88.17,474.84,47.48,427.36,264.51,162.85
O0001378,CUST00194,2025-03-16,P0030,2,0.0,UPI,Grocery,239.09,117.72,478.18,0.0,478.18,235.44,242.74
O0002096,CUST00547,2025-03-17,P0030,4,0.0,Wallet,Grocery,239.09,117.72,956.36,0.0,956.36,470.88,485.48
O0000957,CUST00355,2025-03-17,P0016,1,0.0,Card,Fashion,101.27,44.23,101.27,0.0,101.27,44.23,57.04
O0003858,CUST00135,2025-03-17,P0041,3,0.1,UPI,Grocery,240.98,127.74,722.94,72.29,650.65,383.22,267.43
O0001527,CUST00265,2025-03-17,P0004,1,0.0,COD,Home,54.29,27.5,54.29,0.0,54.29,27.5,26.79
O0004603,CUST00475,2025-03-17,P0002,4,0.1,Wallet,Electronics,165.42,102.08,661.68,66.17,595.51,408.32,187.19
O0000236,CUST00355,2025-03-17,P0002,1,0.1,Card,Electronics,165.42,102.08,165.42,16.54,148.88,102.08,46.8
O0001765,CUST00042,2025-03-17,P0036,1,0.0,Net Banking,Home,308.75,157.97,308.75,0.0,308.75,157.97,150.78
O0003920,CUST00336,2025-03-17,P0015,2,0.15,UPI,Fashion,43.69,25.91,87.38,13.11,74.27,51.82,22.45
O0003913,CUST00244,2025-03-17,P0031,4,0.0,COD,Electronics,287.51,147.51,1150.04,0.0,1150.04,590.04,560.0
O0004642,CUST00627,2025-03-17,P0011,1,0.1,Card,Electronics,158.87,121.21,158.87,15.89,142.98,121.21,21.77
O0001819,CUST00177,2025-03-17,P0035,1,0.0,UPI,Home,139.63,80.04,139.63,0.0,139.63,80.04,59.59
O0002683,CUST00196,2025-03-18,P0002,1,0.15,Wallet,Electronics,165.42,102.08,165.42,24.81,140.61,102.08,38.53
O0000591,CUST00250,2025-03-18,P0007,2,0.1,UPI,Grocery,177.14,118.71,354.28,35.43,318.85,237.42,81.43
O0004427,CUST00387,2025-03-18,P0036,1,0.15,Wallet,Home,308.75,157.97,308.75,46.31,262.44,157.97,104.47
O0004077,CUST00404,2025-03-18,P0034,1,0.0,UPI,Electronics,186.26,105.01,186.26,0.0,186.26,105.01,81.25
O0002696,CUST00099,2025-03-18,P0018,1,0.1,UPI,Beauty,175.93,84.8,175.93,17.59,158.34,84.8,73.54
O0001964,CUST00411,2025-03-18,P0035,1,0.1,COD,Home,139.63,80.04,139.63,13.96,125.67,80.04,45.63
O0004952,CUST00403,2025-03-18,P0017,4,0.05,COD,Home,110.28,84.44,441.12,22.06,419.06,337.76,81.3
O0002151,CUST00597,2025-03-18,P0010,3,0.1,Card,Grocery,158.28,88.17,474.84,47.48,427.36,264.51,162.85
O0004767,CUST00356,2025-03-18,P0028,1,0.1,Card,Electronics,164.95,128.88,164.95,16.5,148.45,128.88,19.57
O0004101,CUST00435,2025-03-18,P0006,3,0.0,UPI,Beauty,192.36,150.65,577.08,0.0,577.08,451.95,125.13
O0004506,CUST00314,2025-03-19,P0034,1,0.05,UPI,Electronics,186.26,105.01,186.26,9.31,176.95,105.01,71.94
O0001622,CUST00559,2025-03-19,P0015,1,0.0,Card,Fashion,43.69,25.91,43.69,0.0,43.69,25.91,17.78
O0003701,CUST00244,2025-03-19,P0043,1,0.1,UPI,Electronics,364.08,156.96,364.08,36.41,327.67,156.96,170.71
O0003216,CUST00238,2025-03-19,P0029,4,0.05,Card,Home,354.92,154.02,1419.68,70.98,1348.7,616.08,732.62
O0002704,CUST00234,2025-03-19,P0011,2,0.0,Net Banking,Electronics,158.87,121.21,317.74,0.0,317.74,242.42,75.32
O0005196,CUST00168,2025-03-19,P0025,4,0.15,UPI,Fashion,234.0,111.05,936.0,140.4,795.6,444.2,351.4
O0002850,CUST00124,2025-03-19,P0036,1,0.0,Card,Home,308.75,157.97,308.75,0.0,308.75,157.97,150.78
O0002951,CUST00007,2025-03-19,P0023,4,0.0,COD,Fashion,67.68,45.5,270.72,0.0,270.72,182.0,88.72
O0002838,CUST00100,2025-03-19,P0017,4,0.0,Card,Home,110.28,84.44,441.12,0.0,441.12,337.76,103.36
O0001334,CUST00395,2025-03-19,P0028,1,0.15,Net Banking,Electronics,164.95,128.88,164.95,24.74,140.21,128.88,11.33
O0004043,CUST00161,2025-03-19,P0019,1,0.2,Net Banking,Electronics,148.06,96.56,148.06,29.61,118.45,96.56,21.89
O0004937,CUST00487,2025-03-19,P0010,3,0.1,UPI,Grocery,158.28,88.17,474.84,47.48,427.36,264.51,162.85
O0000348,CUST00352,2025-03-20,P0007,2,0.05,UPI,Grocery,177.14,118.71,354.28,17.71,336.57,237.42,99.15
O0001488,CUST00390,2025-03-20,P0005,2,0.0,Card,Electronics,273.97,126.69,547.94,0.0,547.94,253.38,294.56
O0000610,CUST00618,2025-03-20,P0028,1,0.0,UPI,Electronics,164.95,128.88,164.95,0.0,164.95,128.88,36.07
O0004555,CUST00300,2025-03-20,P0043,2,0.0,UPI,Electronics,364.08,156.96,728.16,0.0,728.16,313.92,414.24
O0004567,CUST00595,2025-03-20,P0008,1,0.0,UPI,Fashion,152.63,75.07,152.63,0.0,152.63,75.07,77.56
O0005061,CUST00358,2025-03-20,P0018,1,0.05,Net Banking,Beauty,175.93,84.8,175.93,8.8,167.13,84.8,82.33
O0004420,CUST00224,2025-03-20,P0009,4,0.15,Card,Fashion,264.14,141.26,1056.56,158.48,898.08,565.04,333.04
O0001291,CUST00437,2025-03-20,P0030,1,0.05,COD,Grocery,239.09,117.72,239.09,11.95,227.14,117.72,109.42
O0002405,CUST00271,2025-03-20,P0025,4,0.1,UPI,Fashion,234.0,111.05,936.0,93.6,842.4,444.2,398.2
O0004106,CUST00131,2025-03-21,P0016,1,0.1,UPI,Fashion,101.27,44.23,101.27,10.13,91.14,44.23,46.91
O0003610,CUST00316,2025-03-21,P0034,1,0.05,Net Banking,Electronics,186.26,105.01,186.26,9.31,176.95,105.01,71.94
O0002649,CUST00131,2025-03-21,P0029,4,0.05,Card,Home,354.92,154.02,1419.68,70.98,1348.7,616.08,732.62
O0002241,CUST00618,2025-03-21,P0030,2,0.1,COD,Grocery,239.09,117.72,478.18,47.82,430.36,235.44,194.92
O0001108,CUST00585,2025-03-21,P0026,4,0.15,Net Banking,Electronics,133.04,87.51,532.16,79.82,452.34,350.04,102.3
O0001502,CUST00057,2025-03-21,P0032,1,0.1,Wallet,Electronics,325.98,157.6,325.98,32.6,293.38,157.6,135.78
O0002524,CUST00545,2025-03-21,P0044,2,0.1,UPI,Home,319.2,142.3,638.4,63.84,574.56,284.6,289.96
O0002058,CUST00477,2025-03-21,P0012,3,0.1,Net Banking,Electronics,216.75,132.72,650.25,65.03,585.22,398.16,187.06
O0005111,CUST00596,2025-03-22,P0017,3,0.05,Net Banking,Home,110.28,84.44,330.84,16.54,314.3,253.32,60.98
O0003852,CUST00405,2025-03-22,P0036,1,0.1,COD,Home,308.75,157.97,308.75,30.88,277.87,157.97,119.9
O0004702,CUST00625,2025-03-22,P0012,2,0.1,Card,Electronics,216.75,132.72,433.5,43.35,390.15,265.44,124.71
O0004904,CUST00171,2025-03-22,P0009,2,0.05,COD,Fashion,264.14,141.26,528.28,26.41,501.87,282.52,219.35
O0001580,CUST00286,2025-03-22,P0027,4,0.05,COD,Electronics,55.13,36.66,220.52,11.03,209.49,146.64,62.85
O0002073,CUST00544,2025-03-22,P0026,4,0.0,Net Banking,Electronics,133.04,87.51,532.16,0.0,532.16,350.04,182.12
O0005141,CUST00571,2025-03-22,P0045,1,0.05,UPI,Grocery,121.81,53.8,121.81,6.09,115.72,53.8,61.92
O0004915,CUST00049,2025-03-22,P0027,1,0.2,UPI,Electronics,55.13,36.66,55.13,11.03,44.1,36.66,7.44
O0001611,CUST00500,2025-03-23,P0044,3,0.0,UPI,Home,319.2,142.3,957.6,0.0,957.6,426.9,530.7
O0005161,CUST00090,2025-03-23,P0008,1,0.05,Net Banking,Fashion,152.63,75.07,152.63,7.63,145.0,75.07,69.93
O0001627,CUST00323,2025-03-23,P0021,2,0.1,UPI,Beauty,264.24,127.61,528.48,52.85,475.63,255.22,220.41
O0002666,CUST00205,2025-03-23,P0016,2,0.05,Net Banking,Fashion,101.27,44.23,202.54,10.13,192.41,88.46,103.95
O0002962,CUST00153,2025-03-23,P0019,3,0.0,COD,Electronics,148.06,96.56,444.18,0.0,444.18,289.68,154.5
O0001914,CUST00283,2025-03-23,P0029,1,0.1,Card,Home,354.92,154.02,354.92,35.49,319.43,154.02,165.41
O0004676,CUST00391,2025-03-24,P0008,4,0.1,COD,Fashion,152.63,75.07,610.52,61.05,549.47,300.28,249.19
O0000667,CUST00403,2025-03-24,P0044,1,0.1,UPI,Home,319.2,142.3,319.2,31.92,287.28,142.3,144.98
O0004010,CUST00201,2025-03-24,P0004,1,0.0,Net Banking,Home,54.29,27.5,54.29,0.0,54.29,27.5,26.79
O0003691,CUST00036,2025-03-25,P0030,2,0.0,UPI,Grocery,239.09,117.72,478.18,0.0,478.18,235.44,242.74
O0004432,CUST00241,2025-03-25,P0009,4,0.0,Card,Fashion,264.14,141.26,1056.56,0.0,1056.56,565.04,491.52
O0000049,CUST00535,2025-03-25,P0026,1,0.05,Card,Electronics,133.04,87.51,133.04,6.65,126.39,87.51,38.88
O0003405,CUST00400,2025-03-25,P0024,2,0.05,UPI,Grocery,220.04,119.95,440.08,22.0,418.08,239.9,178.18
O0000820,CUST00074,2025-03-25,P0007,1,0.2,Net Banking,Grocery,177.14,118.71,177.14,35.43,141.71,118.71,23.0
O0005082,CUST00511,2025-03-26,P0005,4,0.0,UPI,Electronics,273.97,126.69,1095.88,0.0,1095.88,506.76,589.12
O0000288,CUST00501,2025-03-26,P0041,2,0.0,UPI,Grocery,240.98,127.74,481.96,0.0,481.96,255.48,226.48
O0004096,CUST00021,2025-03-26,P0005,1,0.0,UPI,Electronics,273.97,126.69,273.97,0.0,273.97,126.69,147.28
O0004254,CUST00554,2025-03-26,P0033,3,0.0,UPI,Fashion,112.86,61.51,338.58,0.0,338.58,184.53,154.05
O0003219,CUST00510,2025-03-26,P0019,1,0.1,Net Banking,Electronics,148.06,96.56,148.06,14.81,133.25,96.56,36.69
O0005122,CUST00005,2025-03-26,P0041,1,0.1,COD,Grocery,240.98,127.74,240.98,24.1,216.88,127.74,89.14
O0004505,CUST00443,2025-03-26,P0005,3,0.1,Card,Electronics,273.97,126.69,821.91,82.19,739.72,380.07,359.65
O0004899,CUST00344,2025-03-26,P0002,1,0.0,Wallet,Electronics,165.42,102.08,165.42,0.0,165.42,102.08,63.34
O0001484,CUST00458,2025-03-27,P0026,2,0.05,Wallet,Electronics,133.04,87.51,266.08,13.3,252.78,175.02,77.76
O0000611,CUST00106,2025-03-27,P0022,1,0.0,UPI,Electronics,326.52,146.8,326.52,0.0,326.52,146.8,179.72
O0005097,CUST00486,2025-03-27,P0038,3,0.0,Card,Fashion,157.39,70.68,472.17,0.0,472.17,212.04,260.13
O0002745,CUST00011,2025-03-27,P0045,1,0.0,UPI,Grocery,121.81,53.8,121.81,0.0,121.81,53.8,68.01
O0001097,CUST00567,2025-03-27,P0002,2,0.1,UPI,Electronics,165.42,102.08,330.84,33.08,297.76,204.16,93.6
O0002827,CUST00129,2025-03-27,P0027,2,0.0,UPI,Electronics,55.13,36.66,110.26,0.0,110.26,73.32,36.94
O0004134,CUST00273,2025-03-27,P0033,1,0.0,COD,Fashion,112.86,61.51,112.86,0.0,112.86,61.51,51.35
O0003127,CUST00132,2025-03-27,P0009,2,0.2,Wallet,Fashion,264.14,141.26,528.28,105.66,422.62,282.52,140.1
O0003631,CUST00611,2025-03-27,P0009,1,0.1,COD,Fashion,264.14,141.26,264.14,26.41,237.73,141.26,96.47
O0001166,CUST00385,2025-03-27,P0027,4,0.0,Net Banking,Electronics,55.13,36.66,220.52,0.0,220.52,146.64,73.88
O0000475,CUST00170,2025-03-28,P0015,3,0.1,COD,Fashion,43.69,25.91,131.07,13.11,117.96,77.73,40.23
O0003175,CUST00597,2025-03-28,P0030,1,0.0,UPI,Grocery,239.09,117.72,239.09,0.0,239.09,117.72,121.37
O0003182,CUST00353,2025-03-28,P0016,2,0.1,Wallet,Fashion,101.27,44.23,202.54,20.25,182.29,88.46,93.83
O0004637,CUST00194,2025-03-28,P0043,1,0.0,Wallet,Electronics,364.08,156.96,364.08,0.0,364.08,156.96,207.12
O0003157,CUST00328,2025-03-28,P0042,3,0.05,Wallet,Fashion,92.99,66.18,278.97,13.95,265.02,198.54,66.48
O0004507,CUST00561,2025-03-29,P0035,2,0.1,COD,Home,139.63,80.04,279.26,27.93,251.33,160.08,91.25
O0000141,CUST00080,2025-03-29,P0030,3,0.1,COD,Grocery,239.09,117.72,717.27,71.73,645.54,353.16,292.38
O0004995,CUST00461,2025-03-29,P0012,1,0.15,UPI,Electronics,216.75,132.72,216.75,32.51,184.24,132.72,51.52
O0000404,CUST00514,2025-03-29,P0042,1,0.1,Card,Fashion,92.99,66.18,92.99,9.3,83.69,66.18,17.51
O0001072,CUST00161,2025-03-29,P0027,2,0.05,UPI,Electronics,55.13,36.66,110.26,5.51,104.75,73.32,31.43
O0003055,CUST00344,2025-03-29,P0006,2,0.1,UPI,Beauty,192.36,150.65,384.72,38.47,346.25,301.3,44.95
O0000279,CUST00520,2025-03-29,P0019,1,0.1,UPI,Electronics,148.06,96.56,148.06,14.81,133.25,96.56,36.69
O0003719,CUST00103,2025-03-29,P0020,2,0.15,COD,Home,149.95,68.06,299.9,44.98,254.92,136.12,118.8
O0000501,CUST00386,2025-03-29,P0038,2,0.05,UPI,Fashion,157.39,70.68,314.78,15.74,299.04,141.36,157.68
O0002182,CUST00261,2025-03-29,P0044,3,0.0,UPI,Home,319.2,142.3,957.6,0.0,957.6,426.9,530.7
O0001794,CUST00414,2025-03-29,P0001,1,0.15,Card,Fashion,114.26,54.48,114.26,17.14,97.12,54.48,42.64
O0001283,CUST00546,2025-03-30,P0040,4,0.0,COD,Grocery,83.65,51.18,334.6,0.0,334.6,204.72,129.88
O0003322,CUST00266,2025-03-30,P0036,2,0.0,UPI,Home,308.75,157.97,617.5,0.0,617.5,315.94,301.56
O0002724,CUST00554,2025-03-30,P0033,3,0.1,Card,Fashion,112.86,61.51,338.58,33.86,304.72,184.53,120.19
O0004810,CUST00608,2025-03-30,P0021,1,0.1,Net Banking,Beauty,264.24,127.61,264.24,26.42,237.82,127.61,110.21
O0004578,CUST00288,2025-03-30,P0023,1,0.1,Card,Fashion,67.68,45.5,67.68,6.77,60.91,45.5,15.41
O0000785,CUST00107,2025-03-31,P0026,1,0.1,Net Banking,Electronics,133.04,87.51,133.04,13.3,119.74,87.51,32.23
O0001908,CUST00600,2025-03-31,P0036,1,0.2,UPI,Home,308.75,157.97,308.75,61.75,247.0,157.97,89.03
O0001744,CUST00275,2025-03-31,P0008,2,0.0,Wallet,Fashion,152.63,75.07,305.26,0.0,305.26,150.14,155.12
O0003871,CUST00243,2025-03-31,P0045,4,0.0,Wallet,Grocery,121.81,53.8,487.24,0.0,487.24,215.2,272.04
O0005101,CUST00498,2025-03-31,P0023,1,0.0,COD,Fashion,67.68,45.5,67.68,0.0,67.68,45.5,22.18
O0001609,CUST00569,2025-03-31,P0002,3,0.0,Wallet,Electronics,165.42,102.08,496.26,0.0,496.26,306.24,190.02
O0002367,CUST00400,2025-03-31,P0002,4,0.05,UPI,Electronics,165.42,102.08,661.68,33.08,628.6,408.32,220.28
O0004391,CUST00418,2025-03-31,P0014,4,0.1,Card,Electronics,66.45,51.75,265.8,26.58,239.22,207.0,32.22
O0003332,CUST00395,2025-03-31,P0015,1,0.0,Card,Fashion,43.69,25.91,43.69,0.0,43.69,25.91,17.78
O0001660,CUST00056,2025-04-01,P0028,1,0.0,Wallet,Electronics,164.95,128.88,164.95,0.0,164.95,128.88,36.07
O0004166,CUST00575,2025-04-01,P0025,3,0.15,UPI,Fashion,234.0,111.05,702.0,105.3,596.7,333.15,263.55
O0002374,CUST00216,2025-04-01,P0033,1,0.1,Wallet,Fashion,112.86,61.51,112.86,11.29,101.57,61.51,40.06
O0001522,CUST00361,2025-04-01,P0037,3,0.1,UPI,Fashion,32.76,22.26,98.28,9.83,88.45,66.78,21.67
O0002258,CUST00489,2025-04-01,P0030,1,0.15,UPI,Grocery,239.09,117.72,239.09,35.86,203.23,117.72,85.51
O0004289,CUST00007,2025-04-01,P0021,2,0.1,Card,Beauty,264.24,127.61,528.48,52.85,475.63,255.22,220.41
O0003231,CUST00169,2025-04-01,P0015,3,0.0,UPI,Fashion,43.69,25.91,131.07,0.0,131.07,77.73,53.34
O0001206,CUST00179,2025-04-01,P0025,1,0.2,Wallet,Fashion,234.0,111.05,234.0,46.8,187.2,111.05,76.15
O0004111,CUST00097,2025-04-02,P0033,1,0.1,UPI,Fashion,112.86,61.51,112.86,11.29,101.57,61.51,40.06
O0001115,CUST00049,2025-04-02,P0003,1,0.0,UPI,Home,236.77,123.51,236.77,0.0,236.77,123.51,113.26
O0005121,CUST00211,2025-04-02,P0004,3,0.0,Wallet,Home,54.29,27.5,162.87,0.0,162.87,82.5,80.37
O0004877,CUST00472,2025-04-02,P0042,2,0.1,Card,Fashion,92.99,66.18,185.98,18.6,167.38,132.36,35.02
O0003745,CUST00526,2025-04-02,P0034,1,0.15,COD,Electronics,186.26,105.01,186.26,27.94,158.32,105.01,53.31
O0004110,CUST00529,2025-04-02,P0016,2,0.15,COD,Fashion,101.27,44.23,202.54,30.38,172.16,88.46,83.7
O0000388,CUST00627,2025-04-03,P0004,4,0.2,COD,Home,54.29,27.5,217.16,43.43,173.73,110.0,63.73
O0002290,CUST00528,2025-04-03,P0033,1,0.0,Net Banking,Fashion,112.86,61.51,112.86,0.0,112.86,61.51,51.35
O0000237,CUST00043,2025-04-03,P0042,1,0.2,UPI,Fashion,92.99,66.18,92.99,18.6,74.39,66.18,8.21
O0004376,CUST00224,2025-04-04,P0013,1,0.05,Net Banking,Grocery,268.38,121.9,268.38,13.42,254.96,121.9,133.06
O0002872,CUST00204,2025-04-04,P0042,3,0.0,Card,Fashion,92.99,66.18,278.97,0.0,278.97,198.54,80.43
O0002028,CUST00140,2025-04-04,P0042,4,0.0,Card,Fashion,92.99,66.18,371.96,0.0,371.96,264.72,107.24
O0004727,CUST00439,2025-04-04,P0039,3,0.1,Card,Electronics,302.32,141.08,906.96,90.7,816.26,423.24,393.02
O0003644,CUST00437,2025-04-04,P0026,4,0.2,Wallet,Electronics,133.04,87.51,532.16,106.43,425.73,350.04,75.69
O0002352,CUST00614,2025-04-04,P0037,1,0.1,UPI,Fashion,32.76,22.26,32.76,3.28,29.48,22.26,7.22
O0001305,CUST00419,2025-04-05,P0017,1,0.0,Card,Home,110.28,84.44,110.28,0.0,110.28,84.44,25.84
O0004991,CUST00631,2025-04-05,P0032,1,0.15,Card,Electronics,325.98,157.6,325.98,48.9,277.08,157.6,119.48
O0004960,CUST00379,2025-04-05,P0007,4,0.0,COD,Grocery,177.14,118.71,708.56,0.0,708.56,474.84,233.72
O0001972,CUST00585,2025-04-05,P0034,4,0.15,UPI,Electronics,186.26,105.01,745.04,111.76,633.28,420.04,213.24
O0001936,CUST00503,2025-04-05,P0009,1,0.1,UPI,Fashion,264.14,141.26,264.14,26.41,237.73,141.26,96.47
O0002252,CUST00599,2025-04-05,P0019,2,0.05,Card,Electronics,148.06,96.56,296.12,14.81,281.31,193.12,88.19
O0002757,CUST00193,2025-04-06,P0030,1,0.1,UPI,Grocery,239.09,117.72,239.09,23.91,215.18,117.72,97.46
O0002386,CUST00080,2025-04-06,P0028,1,0.0,Net Banking,Electronics,164.95,128.88,164.95,0.0,164.95,128.88,36.07
O0003144,CUST00183,2025-04-06,P0004,1,0.0,UPI,Home,54.29,27.5,54.29,0.0,54.29,27.5,26.79
O0004865,CUST00282,2025-04-06,P0018,3,0.05,Wallet,Beauty,175.93,84.8,527.79,26.39,501.4,254.4,247.0
O0003070,CUST00604,2025-04-07,P0010,1,0.0,COD,Grocery,158.28,88.17,158.28,0.0,158.28,88.17,70.11
O0002472,CUST00298,2025-04-07,P0031,4,0.0,Card,Electronics,287.51,147.51,1150.04,0.0,1150.04,590.04,560.0
O0000317,CUST00404,2025-04-07,P0011,1,0.1,COD,Electronics,158.87,121.21,158.87,15.89,142.98,121.21,21.77
O0003349,CUST00650,2025-04-07,P0030,3,0.1,UPI,Grocery,239.09,117.72,717.27,71.73,645.54,353.16,292.38
O0003434,CUST00481,2025-04-07,P0014,2,0.0,Wallet,Electronics,66.45,51.75,132.9,0.0,132.9,103.5,29.4
O0000478,CUST00237,2025-04-07,P0005,4,0.0,UPI,Electronics,273.97,126.69,1095.88,0.0,1095.88,506.76,589.12
O0004020,CUST00108,2025-04-08,P0042,1,0.05,Card,Fashion,92.99,66.18,92.99,4.65,88.34,66.18,22.16
O0004218,CUST00564,2025-04-08,P0033,1,0.2,UPI,Fashion,112.86,61.51,112.86,22.57,90.29,61.51,28.78
O0004930,CUST00201,2025-04-08,P0005,2,0.2,Card,Electronics,273.97,126.69,547.94,109.59,438.35,253.38,184.97
O0000539,CUST00554,2025-04-08,P0043,1,0.0,UPI,Electronics,364.08,156.96,364.08,0.0,364.08,156.96,207.12
O0001012,CUST00053,2025-04-08,P0006,1,0.0,UPI,Beauty,192.36,150.65,192.36,0.0,192.36,150.65,41.71
O0002523,CUST00042,2025-04-08,P0043,4,0.05,UPI,Electronics,364.08,156.96,1456.32,72.82,1383.5,627.84,755.66
O0003280,CUST00330,2025-04-08,P0026,2,0.05,COD,Electronics,133.04,87.51,266.08,13.3,252.78,175.02,77.76
O0000401,CUST00199,2025-04-08,P0038,2,0.0,Card,Fashion,157.39,70.68,314.78,0.0,314.78,141.36,173.42
O0004514,CUST00028,2025-04-08,P0030,2,0.2,Wallet,Grocery,239.09,117.72,478.18,95.64,382.54,235.44,147.1
O0000073,CUST00330,2025-04-09,P0036,1,0.15,Card,Home,308.75,157.97,308.75,46.31,262.44,157.97,104.47
O0002250,CUST00611,2025-04-09,P0020,2,0.2,UPI,Home,149.95,68.06,299.9,59.98,239.92,136.12,103.8
O0004776,CUST00582,2025-04-09,P0018,1,0.2,UPI,Beauty,175.93,84.8,175.93,35.19,140.74,84.8,55.94
O0000072,CUST00575,2025-04-09,P0031,2,0.05,COD,Electronics,287.51,147.51,575.02,28.75,546.27,295.02,251.25
O0002567,CUST00585,2025-04-09,P0031,2,0.2,UPI,Electronics,287.51,147.51,575.02,115.0,460.02,295.02,165.0
O0003340,CUST00489,2025-04-09,P0007,3,0.0,COD,Grocery,177.14,118.71,531.42,0.0,531.42,356.13,175.29
O0002049,CUST00306,2025-04-09,P0028,4,0.1,UPI,Electronics,164.95,128.88,659.8,65.98,593.82,515.52,78.3
O0004516,CUST00281,2025-04-09,P0034,1,0.0,Wallet,Electronics,186.26,105.01,186.26,0.0,186.26,105.01,81.25
O0001633,CUST00390,2025-04-09,P0039,2,0.1,Wallet,Electronics,302.32,141.08,604.64,60.46,544.18,282.16,262.02
O0004536,CUST00289,2025-04-09,P0014,4,0.05,Net Banking,Electronics,66.45,51.75,265.8,13.29,252.51,207.0,45.51
O0004226,CUST00239,2025-04-09,P0038,4,0.0,COD,Fashion,157.39,70.68,629.56,0.0,629.56,282.72,346.84
O0002717,CUST00560,2025-04-09,P0012,2,0.0,Card,Electronics,216.75,132.72,433.5,0.0,433.5,265.44,168.06
O0001360,CUST00441,2025-04-09,P0016,1,0.1,UPI,Fashion,101.27,44.23,101.27,10.13,91.14,44.23,46.91
O0000514,CUST00033,2025-04-10,P0038,3,0.0,UPI,Fashion,157.39,70.68,472.17,0.0,472.17,212.04,260.13
O0002434,CUST00037,2025-04-10,P0018,3,0.1,UPI,Beauty,175.93,84.8,527.79,52.78,475.01,254.4,220.61
O0003513,CUST00332,2025-04-10,P0029,1,0.05,UPI,Home,354.92,154.02,354.92,17.75,337.17,154.02,183.15
O0002203,CUST00550,2025-04-10,P0009,4,0.15,Card,Fashion,264.14,141.26,1056.56,158.48,898.08,565.04,333.04
O0000426,CUST00350,2025-04-10,P0016,2,0.0,COD,Fashion,101.27,44.23,202.54,0.0,202.54,88.46,114.08
O0001165,CUST00106,2025-04-10,P0042,4,0.05,COD,Fashion,92.99,66.18,371.96,18.6,353.36,264.72,88.64
O0002681,CUST00356,2025-04-10,P0035,1,0.2,UPI,Home,139.63,80.04,139.63,27.93,111.7,80.04,31.66
O0002083,CUST00161,2025-04-11,P0024,2,0.1,Wallet,Grocery,220.04,119.95,440.08,44.01,396.07,239.9,156.17
O0001212,CUST00484,2025-04-11,P0015,2,0.1,Card,Fashion,43.69,25.91,87.38,8.74,78.64,51.82,26.82
O0003807,CUST00515,2025-04-11,P0022,1,0.05,UPI,Electronics,326.52,146.8,326.52,16.33,310.19,146.8,163.39
O0002934,CUST00064,2025-04-11,P0011,2,0.0,COD,Electronics,158.87,121.21,317.74,0.0,317.74,242.42,75.32
O0002362,CUST00263,2025-04-11,P0033,4,0.1,UPI,Fashion,112.86,61.51,451.44,45.14,406.3,246.04,160.26
O0000726,CUST00473,2025-04-11,P0010,4,0.05,Wallet,Grocery,158.28,88.17,633.12,31.66,601.46,352.68,248.78
O0004051,CUST00238,2025-04-11,P0042,3,0.1,Card,Fashion,92.99,66.18,278.97,27.9,251.07,198.54,52.53
O0004681,CUST00190,2025-04-11,P0044,1,0.0,UPI,Home,319.2,142.3,319.2,0.0,319.2,142.3,176.9
O0002818,CUST00386,2025-04-11,P0018,3,0.05,Card,Beauty,175.93,84.8,527.79,26.39,501.4,254.4,247.0
O0003655,CUST00410,2025-04-11,P0025,1,0.2,UPI,Fashion,234.0,111.05,234.0,46.8,187.2,111.05,76.15
O0002310,CUST00576,2025-04-11,P0008,1,0.15,Wallet,Fashion,152.63,75.07,152.63,22.89,129.74,75.07,54.67
O0002214,CUST00382,2025-04-11,P0031,3,0.0,Net Banking,Electronics,287.51,147.51,862.53,0.0,862.53,442.53,420.0
O0003987,CUST00529,2025-04-12,P0033,2,0.1,Card,Fashion,112.86,61.51,225.72,22.57,203.15,123.02,80.13
O0001709,CUST00559,2025-04-12,P0043,3,0.05,Card,Electronics,364.08,156.96,1092.24,54.61,1037.63,470.88,566.75
O0004423,CUST00400,2025-04-12,P0028,3,0.05,Card,Electronics,164.95,128.88,494.85,24.74,470.11,386.64,83.47
O0000892,CUST00594,2025-04-12,P0030,2,0.0,Card,Grocery,239.09,117.72,478.18,0.0,478.18,235.44,242.74
O0003223,CUST00540,2025-04-13,P0019,2,0.05,Card,Electronics,148.06,96.56,296.12,14.81,281.31,193.12,88.19
O0003196,CUST00627,2025-04-13,P0028,1,0.1,Wallet,Electronics,164.95,128.88,164.95,16.5,148.45,128.88,19.57
O0003377,CUST00058,2025-04-13,P0033,2,0.0,COD,Fashion,112.86,61.51,225.72,0.0,225.72,123.02,102.7
O0001866,CUST00237,2025-04-13,P0028,4,0.1,COD,Electronics,164.95,128.88,659.8,65.98,593.82,515.52,78.3
O0000308,CUST00471,2025-04-13,P0011,2,0.2,UPI,Electronics,158.87,121.21,317.74,63.55,254.19,242.42,11.77
O0001246,CUST00405,2025-04-13,P0005,2,0.0,UPI,Electronics,273.97,126.69,547.94,0.0,547.94,253.38,294.56
O0004879,CUST00395,2025-04-14,P0005,2,0.05,UPI,Electronics,273.97,126.69,547.94,27.4,520.54,253.38,267.16
O0003089,CUST00557,2025-04-14,P0040,1,0.2,Card,Grocery,83.65,51.18,83.65,16.73,66.92,51.18,15.74
O0002734,CUST00618,2025-04-14,P0040,1,0.0,Card,Grocery,83.65,51.18,83.65,0.0,83.65,51.18,32.47
O0002220,CUST00234,2025-04-14,P0029,1,0.05,Card,Home,354.92,154.02,354.92,17.75,337.17,154.02,183.15
O0003387,CUST00608,2025-04-14,P0036,4,0.05,COD,Home,308.75,157.97,1235.0,61.75,1173.25,631.88,541.37
O0000472,CUST00193,2025-04-14,P0015,2,0.15,UPI,Fashion,43.69,25.91,87.38,13.11,74.27,51.82,22.45
O0002719,CUST00517,2025-04-14,P0007,1,0.05,Wallet,Grocery,177.14,118.71,177.14,8.86,168.28,118.71,49.57
O0000493,CUST00388,2025-04-14,P0035,1,0.05,Card,Home,139.63,80.04,139.63,6.98,132.65,80.04,52.61
O0002516,CUST00367,2025-04-15,P0042,4,0.1,Card,Fashion,92.99,66.18,371.96,37.2,334.76,264.72,70.04
O0000546,CUST00561,2025-04-15,P0024,1,0.05,COD,Grocery,220.04,119.95,220.04,11.0,209.04,119.95,89.09
O0000457,CUST00286,2025-04-15,P0020,1,0.0,UPI,Home,149.95,68.06,149.95,0.0,149.95,68.06,81.89
O0004756,CUST00053,2025-04-15,P0037,1,0.15,COD,Fashion,32.76,22.26,32.76,4.91,27.85,22.26,5.59
O0003012,CUST00413,2025-04-16,P0004,1,0.1,UPI,Home,54.29,27.5,54.29,5.43,48.86,27.5,21.36
O0000114,CUST00256,2025-04-16,P0024,1,0.0,UPI,Grocery,220.04,119.95,220.04,0.0,220.04,119.95,100.09
O0004214,CUST00201,2025-04-16,P0029,3,0.05,COD,Home,354.92,154.02,1064.76,53.24,1011.52,462.06,549.46
O0004664,CUST00574,2025-04-16,P0007,1,0.05,UPI,Grocery,177.14,118.71,177.14,8.86,168.28,118.71,49.57
O0002066,CUST00229,2025-04-16,P0021,4,0.05,Wallet,Beauty,264.24,127.61,1056.96,52.85,1004.11,510.44,493.67
O0001925,CUST00221,2025-04-16,P0035,3,0.1,Wallet,Home,139.63,80.04,418.89,41.89,377.0,240.12,136.88
O0002113,CUST00403,2025-04-17,P0007,2,0.15,UPI,Grocery,177.14,118.71,354.28,53.14,301.14,237.42,63.72
O0004036,CUST00437,2025-04-17,P0037,2,0.0,COD,Fashion,32.76,22.26,65.52,0.0,65.52,44.52,21.0
O0004064,CUST00385,2025-04-17,P0035,1,0.15,UPI,Home,139.63,80.04,139.63,20.94,118.69,80.04,38.65
O0002467,CUST00266,2025-04-17,P0033,3,0.0,Wallet,Fashion,112.86,61.51,338.58,0.0,338.58,184.53,154.05
O0000920,CUST00397,2025-04-18,P0016,4,0.0,COD,Fashion,101.27,44.23,405.08,0.0,405.08,176.92,228.16
O0000519,CUST00288,2025-04-18,P0042,4,0.05,COD,Fashion,92.99,66.18,371.96,18.6,353.36,264.72,88.64
O0002355,CUST00558,2025-04-18,P0029,1,0.15,UPI,Home,354.92,154.02,354.92,53.24,301.68,154.02,147.66
O0001175,CUST00052,2025-04-18,P0019,4,0.05,Net Banking,Electronics,148.06,96.56,592.24,29.61,562.63,386.24,176.39
O0003479,CUST00266,2025-04-18,P0002,2,0.1,COD,Electronics,165.42,102.08,330.84,33.08,297.76,204.16,93.6
O0001962,CUST00181,2025-04-18,P0006,3,0.05,COD,Beauty,192.36,150.65,577.08,28.85,548.23,451.95,96.28
O0001387,CUST00540,2025-04-18,P0022,2,0.1,Card,Electronics,326.52,146.8,653.04,65.3,587.74,293.6,294.14
O0000986,CUST00566,2025-04-18,P0035,3,0.05,UPI,Home,139.63,80.04,418.89,20.94,397.95,240.12,157.83
O0004898,CUST00637,2025-04-18,P0016,4,0.0,COD,Fashion,101.27,44.23,405.08,0.0,405.08,176.92,228.16
O0001162,CUST00355,2025-04-19,P0044,3,0.1,COD,Home,319.2,142.3,957.6,95.76,861.84,426.9,434.94
O0001506,CUST00511,2025-04-19,P0009,1,0.05,Card,Fashion,264.14,141.26,264.14,13.21,250.93,141.26,109.67
O0001280,CUST00121,2025-04-19,P0016,4,0.1,UPI,Fashion,101.27,44.23,405.08,40.51,364.57,176.92,187.65
O0000117,CUST00345,2025-04-19,P0012,2,0.1,Wallet,Electronics,216.75,132.72,433.5,43.35,390.15,265.44,124.71
O0000442,CUST00239,2025-04-19,P0008,1,0.1,UPI,Fashion,152.63,75.07,152.63,15.26,137.37,75.07,62.3
O0005139,CUST00375,2025-04-19,P0007,4,0.1,UPI,Grocery,177.14,118.71,708.56,70.86,637.7,474.84,162.86
O0000350,CUST00089,2025-04-19,P0007,2,0.0,COD,Grocery,177.14,118.71,354.28,0.0,354.28,237.42,116.86
O0003306,CUST00569,2025-04-19,P0034,3,0.2,Card,Electronics,186.26,105.01,558.78,111.76,447.02,315.03,131.99
O0003648,CUST00388,2025-04-20,P0042,1,0.0,COD,Fashion,92.99,66.18,92.99,0.0,92.99,66.18,26.81
O0002782,CUST00442,2025-04-20,P0010,1,0.1,Net Banking,Grocery,158.28,88.17,158.28,15.83,142.45,88.17,54.28
O0003917,CUST00516,2025-04-20,P0005,2,0.0,Net Banking,Electronics,273.97,126.69,547.94,0.0,547.94,253.38,294.56
O0003141,CUST00474,2025-04-20,P0010,1,0.0,Net Banking,Grocery,158.28,88.17,158.28,0.0,158.28,88.17,70.11
O0003456,CUST00576,2025-04-20,P0018,1,0.05,COD,Beauty,175.93,84.8,175.93,8.8,167.13,84.8,82.33
O0002873,CUST00350,2025-04-20,P0043,1,0.1,UPI,Electronics,364.08,156.96,364.08,36.41,327.67,156.96,170.71
O0002677,CUST00194,2025-04-20,P0037,4,0.1,UPI,Fashion,32.76,22.26,131.04,13.1,117.94,89.04,28.9
O0002053,CUST00183,2025-04-20,P0013,1,0.1,UPI,Grocery,268.38,121.9,268.38,26.84,241.54,121.9,119.64
O0004302,CUST00289,2025-04-21,P0029,2,0.05,Net Banking,Home,354.92,154.02,709.84,35.49,674.35,308.04,366.31
O0002376,CUST00255,2025-04-21,P0004,1,0.0,Wallet,Home,54.29,27.5,54.29,0.0,54.29,27.5,26.79
O0001844,CUST00597,2025-04-21,P0018,2,0.15,UPI,Beauty,175.93,84.8,351.86,52.78,299.08,169.6,129.48
O0005074,CUST00275,2025-04-21,P0023,4,0.0,Card,Fashion,67.68,45.5,270.72,0.0,270.72,182.0,88.72
O0005090,CUST00600,2025-04-21,P0038,4,0.1,COD,Fashion,157.39,70.68,629.56,62.96,566.6,282.72,283.88
O0004585,CUST00606,2025-04-21,P0045,1,0.15,COD,Grocery,121.81,53.8,121.81,18.27,103.54,53.8,49.74
O0003411,CUST00624,2025-04-21,P0044,3,0.0,UPI,Home,319.2,142.3,957.6,0.0,957.6,426.9,530.7
O0000176,CUST00033,2025-04-21,P0010,3,0.0,Wallet,Grocery,158.28,88.17,474.84,0.0,474.84,264.51,210.33
O0004282,CUST00095,2025-04-22,P0043,3,0.1,Card,Electronics,364.08,156.96,1092.24,109.22,983.02,470.88,512.14
O0000463,CUST00367,2025-04-22,P0035,1,0.05,Wallet,Home,139.63,80.04,139.63,6.98,132.65,80.04,52.61
O0000093,CUST00116,2025-04-22,P0037,1,0.15,UPI,Fashion,32.76,22.26,32.76,4.91,27.85,22.26,5.59
O0002390,CUST00439,2025-04-22,P0038,2,0.1,Card,Fashion,157.39,70.68,314.78,31.48,283.3,141.36,141.94
O0000170,CUST00528,2025-04-23,P0026,2,0.05,Wallet,Electronics,133.04,87.51,266.08,13.3,252.78,175.02,77.76
O0003416,CUST00298,2025-04-23,P0006,1,0.0,Wallet,Beauty,192.36,150.65,192.36,0.0,192.36,150.65,41.71
O0000079,CUST00531,2025-04-23,P0031,3,0.0,COD,Electronics,287.51,147.51,862.53,0.0,862.53,442.53,420.0
O0000092,CUST00611,2025-04-23,P0044,3,0.15,COD,Home,319.2,142.3,957.6,143.64,813.96,426.9,387.06
O0003040,CUST00367,2025-04-23,P0021,2,0.15,Wallet,Beauty,264.24,127.61,528.48,79.27,449.21,255.22,193.99
O0000164,CUST00251,2025-04-23,P0043,2,0.05,COD,Electronics,364.08,156.96,728.16,36.41,691.75,313.92,377.83
O0000578,CUST00324,2025-04-24,P0007,1,0.1,UPI,Grocery,177.14,118.71,177.14,17.71,159.43,118.71,40.72
O0001916,CUST00253,2025-04-24,P0040,4,0.0,COD,Grocery,83.65,51.18,334.6,0.0,334.6,204.72,129.88
O0002802,CUST00132,2025-04-24,P0040,2,0.0,Wallet,Grocery,83.65,51.18,167.3,0.0,167.3,102.36,64.94
O0003181,CUST00606,2025-04-24,P0036,1,0.0,UPI,Home,308.75,157.97,308.75,0.0,308.75,157.97,150.78
O0002992,CUST00253,2025-04-24,P0010,1,0.15,Wallet,Grocery,158.28,88.17,158.28,23.74,134.54,88.17,46.37
O0003315,CUST00440,2025-04-24,P0011,4,0.15,UPI,Electronics,158.87,121.21,635.48,95.32,540.16,484.84,55.32
O0005072,CUST00275,2025-04-24,P0034,3,0.0,Card,Electronics,186.26,105.01,558.78,0.0,558.78,315.03,243.75
O0001265,CUST00236,2025-04-24,P0017,4,0.0,Card,Home,110.28,84.44,441.12,0.0,441.12,337.76,103.36
O0004233,CUST00171,2025-04-24,P0016,1,0.05,Card,Fashion,101.27,44.23,101.27,5.06,96.21,44.23,51.98
O0004395,CUST00611,2025-04-24,P0025,2,0.0,COD,Fashion,234.0,111.05,468.0,0.0,468.0,222.1,245.9
O0003334,CUST00523,2025-04-25,P0013,4,0.0,COD,Grocery,268.38,121.9,1073.52,0.0,1073.52,487.6,585.92
O0001725,CUST00216,2025-04-25,P0035,4,0.05,Net Banking,Home,139.63,80.04,558.52,27.93,530.59,320.16,210.43
O0000561,CUST00486,2025-04-25,P0040,4,0.2,UPI,Grocery,83.65,51.18,334.6,66.92,267.68,204.72,62.96
O0000172,CUST00517,2025-04-25,P0011,4,0.2,Card,Electronics,158.87,121.21,635.48,127.1,508.38,484.84,23.54
O0000443,CUST00621,2025-04-25,P0023,2,0.1,Wallet,Fashion,67.68,45.5,135.36,13.54,121.82,91.0,30.82
O0003427,CUST00132,2025-04-25,P0010,4,0.1,Card,Grocery,158.28,88.17,633.12,63.31,569.81,352.68,217.13
O0005109,CUST00137,2025-04-25,P0021,2,0.0,UPI,Beauty,264.24,127.61,528.48,0.0,528.48,255.22,273.26
O0003359,CUST00142,2025-04-26,P0008,2,0.15,Card,Fashion,152.63,75.07,305.26,45.79,259.47,150.14,109.33
O0003962,CUST00477,2025-04-26,P0019,1,0.1,Wallet,Electronics,148.06,96.56,148.06,14.81,133.25,96.56,36.69
O0000440,CUST00262,2025-04-26,P0001,1,0.1,UPI,Fashion,114.26,54.48,114.26,11.43,102.83,54.48,48.35
O0002726,CUST00115,2025-04-26,P0028,1,0.0,Card,Electronics,164.95,128.88,164.95,0.0,164.95,128.88,36.07
O0002960,CUST00616,2025-04-26,P0011,3,0.15,UPI,Electronics,158.87,121.21,476.61,71.49,405.12,363.63,41.49
O0005128,CUST00503,2025-04-26,P0005,2,0.1,Net Banking,Electronics,273.97,126.69,547.94,54.79,493.15,253.38,239.77
O0001626,CUST00037,2025-04-26,P0009,1,0.05,UPI,Fashion,264.14,141.26,264.14,13.21,250.93,141.26,109.67
O0000730,CUST00537,2025-04-26,P0009,1,0.05,Card,Fashion,264.14,141.26,264.14,13.21,250.93,141.26,109.67
O0000822,CUST00250,2025-04-26,P0032,4,0.0,UPI,Electronics,325.98,157.6,1303.92,0.0,1303.92,630.4,673.52
O0004244,CUST00084,2025-04-27,P0036,2,0.1,UPI,Home,308.75,157.97,617.5,61.75,555.75,315.94,239.81
O0003606,CUST00407,2025-04-27,P0035,4,0.0,Net Banking,Home,139.63,80.04,558.52,0.0,558.52,320.16,238.36
O0004867,CUST00318,2025-04-27,P0042,2,0.0,Net Banking,Fashion,92.99,66.18,185.98,0.0,185.98,132.36,53.62
O0002812,CUST00611,2025-04-27,P0035,4,0.05,Wallet,Home,139.63,80.04,558.52,27.93,530.59,320.16,210.43
O0004089,CUST00044,2025-04-27,P0034,1,0.2,UPI,Electronics,186.26,105.01,186.26,37.25,149.01,105.01,44.0
O0000346,CUST00090,2025-04-27,P0032,2,0.15,UPI,Electronics,325.98,157.6,651.96,97.79,554.17,315.2,238.97
O0001345,CUST00285,2025-04-27,P0019,1,0.05,COD,Electronics,148.06,96.56,148.06,7.4,140.66,96.56,44.1
O0000909,CUST00598,2025-04-27,P0008,1,0.05,Card,Fashion,152.63,75.07,152.63,7.63,145.0,75.07,69.93
O0002506,CUST00144,2025-04-27,P0028,4,0.0,UPI,Electronics,164.95,128.88,659.8,0.0,659.8,515.52,144.28
O0003438,CUST00637,2025-04-27,P0037,1,0.0,COD,Fashion,32.76,22.26,32.76,0.0,32.76,22.26,10.5
O0001255,CUST00588,2025-04-27,P0029,1,0.0,COD,Home,354.92,154.02,354.92,0.0,354.92,154.02,200.9
O0004875,CUST00501,2025-04-27,P0029,1,0.0,UPI,Home,354.92,154.02,354.92,0.0,354.92,154.02,200.9
O0001127,CUST00255,2025-04-28,P0042,1,0.05,COD,Fashion,92.99,66.18,92.99,4.65,88.34,66.18,22.16
O0003195,CUST00040,2025-04-28,P0033,4,0.2,UPI,Fashion,112.86,61.51,451.44,90.29,361.15,246.04,115.11
O0001428,CUST00470,2025-04-28,P0010,4,0.0,UPI,Grocery,158.28,88.17,633.12,0.0,633.12,352.68,280.44
O0002050,CUST00114,2025-04-28,P0016,4,0.0,UPI,Fashion,101.27,44.23,405.08,0.0,405.08,176.92,228.16
O0004170,CUST00251,2025-04-28,P0043,2,0.1,Card,Electronics,364.08,156.96,728.16,72.82,655.34,313.92,341.42
O0004697,CUST00063,2025-04-28,P0007,1,0.0,Card,Grocery,177.14,118.71,177.14,0.0,177.14,118.71,58.43
O0000456,CUST00399,2025-04-28,P0006,2,0.0,Net Banking,Beauty,192.36,150.65,384.72,0.0,384.72,301.3,83.42
O0003692,CUST00429,2025-04-28,P0003,2,0.2,Wallet,Home,236.77,123.51,473.54,94.71,378.83,247.02,131.81
O0002387,CUST00145,2025-04-29,P0008,2,0.0,UPI,Fashion,152.63,75.07,305.26,0.0,305.26,150.14,155.12
O0001392,CUST00379,2025-04-29,P0022,4,0.0,Card,Electronics,326.52,146.8,1306.08,0.0,1306.08,587.2,718.88
O0002067,CUST00201,2025-04-29,P0031,3,0.05,UPI,Electronics,287.51,147.51,862.53,43.13,819.4,442.53,376.87
O0002740,CUST00529,2025-04-30,P0007,1,0.05,UPI,Grocery,177.14,118.71,177.14,8.86,168.28,118.71,49.57
O0000007,CUST00144,2025-04-30,P0004,1,0.0,UPI,Home,54.29,27.5,54.29,0.0,54.29,27.5,26.79
O0000774,CUST00289,2025-04-30,P0014,2,0.15,COD,Electronics,66.45,51.75,132.9,19.93,112.97,103.5,9.47
O0003100,CUST00170,2025-04-30,P0033,3,0.0,Card,Fashion,112.86,61.51,338.58,0.0,338.58,184.53,154.05
O0003838,CUST00190,2025-04-30,P0027,2,0.0,UPI,Electronics,55.13,36.66,110.26,0.0,110.26,73.32,36.94
O0002048,CUST00338,2025-04-30,P0024,3,0.05,Wallet,Grocery,220.04,119.95,660.12,33.01,627.11,359.85,267.26
O0004725,CUST00413,2025-04-30,P0010,1,0.05,COD,Grocery,158.28,88.17,158.28,7.91,150.37,88.17,62.2
O0002235,CUST00517,2025-05-01,P0016,4,0.1,UPI,Fashion,101.27,44.23,405.08,40.51,364.57,176.92,187.65
O0003943,CUST00429,2025-05-01,P0010,4,0.0,UPI,Grocery,158.28,88.17,633.12,0.0,633.12,352.68,280.44
O0000039,CUST00499,2025-05-01,P0026,4,0.1,Net Banking,Electronics,133.04,87.51,532.16,53.22,478.94,350.04,128.9
O0001089,CUST00356,2025-05-01,P0030,1,0.1,COD,Grocery,239.09,117.72,239.09,23.91,215.18,117.72,97.46
O0004457,CUST00389,2025-05-01,P0016,3,0.15,UPI,Fashion,101.27,44.23,303.81,45.57,258.24,132.69,125.55
O0003428,CUST00490,2025-05-02,P0014,3,0.0,UPI,Electronics,66.45,51.75,199.35,0.0,199.35,155.25,44.1
O0002046,CUST00075,2025-05-02,P0028,3,0.0,Net Banking,Electronics,164.95,128.88,494.85,0.0,494.85,386.64,108.21
O0003921,CUST00249,2025-05-02,P0016,3,0.0,UPI,Fashion,101.27,44.23,303.81,0.0,303.81,132.69,171.12
O0003503,CUST00317,2025-05-02,P0018,1,0.0,UPI,Beauty,175.93,84.8,175.93,0.0,175.93,84.8,91.13
O0004763,CUST00413,2025-05-02,P0020,1,0.0,COD,Home,149.95,68.06,149.95,0.0,149.95,68.06,81.89
O0002154,CUST00514,2025-05-02,P0020,2,0.0,Net Banking,Home,149.95,68.06,299.9,0.0,299.9,136.12,163.78
O0000731,CUST00576,2025-05-02,P0003,2,0.15,UPI,Home,236.77,123.51,473.54,71.03,402.51,247.02,155.49
O0004654,CUST00624,2025-05-03,P0041,4,0.05,Net Banking,Grocery,240.98,127.74,963.92,48.2,915.72,510.96,404.76
O0000028,CUST00599,2025-05-03,P0028,1,0.1,UPI,Electronics,164.95,128.88,164.95,16.5,148.45,128.88,19.57
O0002038,CUST00280,2025-05-03,P0037,2,0.15,COD,Fashion,32.76,22.26,65.52,9.83,55.69,44.52,11.17
O0003033,CUST00559,2025-05-03,P0041,2,0.2,COD,Grocery,240.98,127.74,481.96,96.39,385.57,255.48,130.09
O0003189,CUST00260,2025-05-03,P0033,3,0.15,UPI,Fashion,112.86,61.51,338.58,50.79,287.79,184.53,103.26
O0004193,CUST00598,2025-05-03,P0043,1,0.05,UPI,Electronics,364.08,156.96,364.08,18.2,345.88,156.96,188.92
O0001799,CUST00283,2025-05-04,P0041,2,0.15,Wallet,Grocery,240.98,127.74,481.96,72.29,409.67,255.48,154.19
O0001869,CUST00649,2025-05-04,P0008,1,0.0,Wallet,Fashion,152.63,75.07,152.63,0.0,152.63,75.07,77.56
O0004081,CUST00594,2025-05-04,P0024,3,0.05,UPI,Grocery,220.04,119.95,660.12,33.01,627.11,359.85,267.26
O0000605,CUST00556,2025-05-04,P0039,1,0.15,Card,Electronics,302.32,141.08,302.32,45.35,256.97,141.08,115.89
O0003535,CUST00564,2025-05-04,P0039,4,0.0,Card,Electronics,302.32,141.08,1209.28,0.0,1209.28,564.32,644.96
O0002521,CUST00586,2025-05-04,P0032,1,0.1,Wallet,Electronics,325.98,157.6,325.98,32.6,293.38,157.6,135.78
O0002188,CUST00579,2025-05-04,P0032,2,0.0,COD,Electronics,325.98,157.6,651.96,0.0,651.96,315.2,336.76
O0000602,CUST00509,2025-05-05,P0006,1,0.05,UPI,Beauty,192.36,150.65,192.36,9.62,182.74,150.65,32.09
O0004519,CUST00394,2025-05-05,P0031,1,0.05,Wallet,Electronics,287.51,147.51,287.51,14.38,273.13,147.51,125.62
O0000633,CUST00529,2025-05-05,P0030,2,0.05,Wallet,Grocery,239.09,117.72,478.18,23.91,454.27,235.44,218.83
O0003808,CUST00237,2025-05-05,P0005,1,0.1,COD,Electronics,273.97,126.69,273.97,27.4,246.57,126.69,119.88
O0004062,CUST00339,2025-05-05,P0020,2,0.15,UPI,Home,149.95,68.06,299.9,44.98,254.92,136.12,118.8
O0002381,CUST00247,2025-05-06,P0037,4,0.0,UPI,Fashion,32.76,22.26,131.04,0.0,131.04,89.04,42.0
O0000379,CUST00530,2025-05-06,P0038,1,0.0,Wallet,Fashion,157.39,70.68,157.39,0.0,157.39,70.68,86.71
O0003001,CUST00260,2025-05-06,P0011,2,0.0,COD,Electronics,158.87,121.21,317.74,0.0,317.74,242.42,75.32
O0001160,CUST00018,2025-05-06,P0010,3,0.2,Net Banking,Grocery,158.28,88.17,474.84,94.97,379.87,264.51,115.36
O0002554,CUST00208,2025-05-06,P0002,1,0.15,COD,Electronics,165.42,102.08,165.42,24.81,140.61,102.08,38.53
O0004607,CUST00177,2025-05-06,P0014,1,0.05,Card,Electronics,66.45,51.75,66.45,3.32,63.13,51.75,11.38
O0004035,CUST00523,2025-05-07,P0008,2,0.1,Wallet,Fashion,152.63,75.07,305.26,30.53,274.73,150.14,124.59
O0003964,CUST00288,2025-05-07,P0044,1,0.0,COD,Home,319.2,142.3,319.2,0.0,319.2,142.3,176.9
O0004939,CUST00604,2025-05-07,P0003,4,0.0,COD,Home,236.77,123.51,947.08,0.0,947.08,494.04,453.04
O0004964,CUST00214,2025-05-07,P0027,3,0.05,COD,Electronics,55.13,36.66,165.39,8.27,157.12,109.98,47.14
O0002368,CUST00377,2025-05-07,P0002,1,0.15,Card,Electronics,165.42,102.08,165.42,24.81,140.61,102.08,38.53
O0002871,CUST00075,2025-05-07,P0033,2,0.0,COD,Fashion,112.86,61.51,225.72,0.0,225.72,123.02,102.7
O0002366,CUST00399,2025-05-07,P0045,1,0.1,Card,Grocery,121.81,53.8,121.81,12.18,109.63,53.8,55.83
O0002633,CUST00504,2025-05-07,P0041,1,0.1,COD,Grocery,240.98,127.74,240.98,24.1,216.88,127.74,89.14
O0002340,CUST00146,2025-05-07,P0019,1,0.1,UPI,Electronics,148.06,96.56,148.06,14.81,133.25,96.56,36.69
O0001534,CUST00527,2025-05-08,P0014,1,0.2,Card,Electronics,66.45,51.75,66.45,13.29,53.16,51.75,1.41
O0000695,CUST00167,2025-05-08,P0030,3,0.1,UPI,Grocery,239.09,117.72,717.27,71.73,645.54,353.16,292.38
O0003546,CUST00288,2025-05-08,P0016,1,0.0,Net Banking,Fashion,101.27,44.23,101.27,0.0,101.27,44.23,57.04
O0004589,CUST00007,2025-05-08,P0027,2,0.2,COD,Electronics,55.13,36.66,110.26,22.05,88.21,73.32,14.89
O0002825,CUST00098,2025-05-08,P0024,1,0.2,Card,Grocery,220.04,119.95,220.04,44.01,176.03,119.95,56.08
O0000796,CUST00359,2025-05-08,P0003,1,0.15,Wallet,Home,236.77,123.51,236.77,35.52,201.25,123.51,77.74
O0000701,CUST00612,2025-05-08,P0023,2,0.0,Net Banking,Fashion,67.68,45.5,135.36,0.0,135.36,91.0,44.36
O0001384,CUST00642,2025-05-08,P0021,2,0.0,COD,Beauty,264.24,127.61,528.48,0.0,528.48,255.22,273.26
O0004375,CUST00444,2025-05-09,P0004,2,0.05,UPI,Home,54.29,27.5,108.58,5.43,103.15,55.0,48.15
O0004398,CUST00010,2025-05-09,P0006,3,0.05,Card,Beauty,192.36,150.65,577.08,28.85,548.23,451.95,96.28
O0000051,CUST00161,2025-05-09,P0033,4,0.15,COD,Fashion,112.86,61.51,451.44,67.72,383.72,246.04,137.68
O0004482,CUST00118,2025-05-09,P0027,1,0.0,UPI,Electronics,55.13,36.66,55.13,0.0,55.13,36.66,18.47
O0001590,CUST00437,2025-05-09,P0023,1,0.05,Card,Fashion,67.68,45.5,67.68,3.38,64.3,45.5,18.8
O0004347,CUST00136,2025-05-09,P0008,1,0.0,Net Banking,Fashion,152.63,75.07,152.63,0.0,152.63,75.07,77.56
O0004335,CUST00372,2025-05-09,P0039,2,0.0,UPI,Electronics,302.32,141.08,604.64,0.0,604.64,282.16,322.48
O0005060,CUST00598,2025-05-09,P0007,1,0.05,UPI,Grocery,177.14,118.71,177.14,8.86,168.28,118.71,49.57
O0001394,CUST00225,2025-05-09,P0035,4,0.05,UPI,Home,139.63,80.04,558.52,27.93,530.59,320.16,210.43
O0004666,CUST00053,2025-05-09,P0015,1,0.0,COD,Fashion,43.69,25.91,43.69,0.0,43.69,25.91,17.78
O0000360,CUST00181,2025-05-09,P0041,4,0.05,UPI,Grocery,240.98,127.74,963.92,48.2,915.72,510.96,404.76
O0001572,CUST00569,2025-05-10,P0004,4,0.05,Net Banking,Home,54.29,27.5,217.16,10.86,206.3,110.0,96.3
O0001155,CUST00605,2025-05-10,P0043,4,0.0,COD,Electronics,364.08,156.96,1456.32,0.0,1456.32,627.84,828.48
O0001391,CUST00031,2025-05-10,P0006,2,0.05,Wallet,Beauty,192.36,150.65,384.72,19.24,365.48,301.3,64.18
O0002675,CUST00568,2025-05-10,P0025,2,0.05,Wallet,Fashion,234.0,111.05,468.0,23.4,444.6,222.1,222.5
O0001894,CUST00221,2025-05-10,P0034,3,0.1,UPI,Electronics,186.26,105.01,558.78,55.88,502.9,315.03,187.87
O0003629,CUST00517,2025-05-10,P0034,1,0.1,Card,Electronics,186.26,105.01,186.26,18.63,167.63,105.01,62.62
O0000792,CUST00294,2025-05-10,P0006,1,0.0,Wallet,Beauty,192.36,150.65,192.36,0.0,192.36,150.65,41.71
O0000129,CUST00037,2025-05-10,P0014,1,0.1,UPI,Electronics,66.45,51.75,66.45,6.64,59.81,51.75,8.06
O0003958,CUST00231,2025-05-11,P0014,2,0.1,COD,Electronics,66.45,51.75,132.9,13.29,119.61,103.5,16.11
O0003974,CUST00379,2025-05-11,P0035,4,0.05,UPI,Home,139.63,80.04,558.52,27.93,530.59,320.16,210.43
O0000494,CUST00260,2025-05-11,P0022,3,0.2,COD,Electronics,326.52,146.8,979.56,195.91,783.65,440.4,343.25
O0003156,CUST00354,2025-05-11,P0043,2,0.1,Card,Electronics,364.08,156.96,728.16,72.82,655.34,313.92,341.42
O0000399,CUST00273,2025-05-11,P0036,1,0.0,UPI,Home,308.75,157.97,308.75,0.0,308.75,157.97,150.78
O0000142,CUST00065,2025-05-11,P0021,3,0.05,UPI,Beauty,264.24,127.61,792.72,39.64,753.08,382.83,370.25
O0003110,CUST00351,2025-05-11,P0026,1,0.1,COD,Electronics,133.04,87.51,133.04,13.3,119.74,87.51,32.23
O0002141,CUST00597,2025-05-11,P0034,1,0.2,UPI,Electronics,186.26,105.01,186.26,37.25,149.01,105.01,44.0
O0000256,CUST00637,2025-05-12,P0040,1,0.15,COD,Grocery,83.65,51.18,83.65,12.55,71.1,51.18,19.92
O0000066,CUST00597,2025-05-12,P0040,1,0.15,UPI,Grocery,83.65,51.18,83.65,12.55,71.1,51.18,19.92
O0001953,CUST00631,2025-05-12,P0020,3,0.05,COD,Home,149.95,68.06,449.85,22.49,427.36,204.18,223.18
O0004752,CUST00007,2025-05-12,P0033,2,0.05,UPI,Fashion,112.86,61.51,225.72,11.29,214.43,123.02,91.41
O0001095,CUST00336,2025-05-12,P0024,1,0.05,UPI,Grocery,220.04,119.95,220.04,11.0,209.04,119.95,89.09
O0001467,CUST00033,2025-05-12,P0004,2,0.15,Net Banking,Home,54.29,27.5,108.58,16.29,92.29,55.0,37.29
O0004008,CUST00051,2025-05-12,P0010,1,0.0,Net Banking,Grocery,158.28,88.17,158.28,0.0,158.28,88.17,70.11
O0003522,CUST00485,2025-05-12,P0043,1,0.0,Card,Electronics,364.08,156.96,364.08,0.0,364.08,156.96,207.12
O0004073,CUST00400,2025-05-12,P0015,2,0.05,Card,Fashion,43.69,25.91,87.38,4.37,83.01,51.82,31.19
O0003717,CUST00170,2025-05-13,P0029,1,0.05,UPI,Home,354.92,154.02,354.92,17.75,337.17,154.02,183.15
O0001722,CUST00583,2025-05-13,P0042,2,0.1,Net Banking,Fashion,92.99,66.18,185.98,18.6,167.38,132.36,35.02
O0003287,CUST00204,2025-05-13,P0028,2,0.0,UPI,Electronics,164.95,128.88,329.9,0.0,329.9,257.76,72.14
O0005036,CUST00442,2025-05-13,P0028,4,0.0,Wallet,Electronics,164.95,128.88,659.8,0.0,659.8,515.52,144.28
O0003642,CUST00103,2025-05-13,P0003,1,0.1,UPI,Home,236.77,123.51,236.77,23.68,213.09,123.51,89.58
O0000939,CUST00204,2025-05-13,P0019,1,0.15,UPI,Electronics,148.06,96.56,148.06,22.21,125.85,96.56,29.29
O0002402,CUST00560,2025-05-13,P0040,1,0.15,UPI,Grocery,83.65,51.18,83.65,12.55,71.1,51.18,19.92
O0004028,CUST00401,2025-05-13,P0022,2,0.1,Net Banking,Electronics,326.52,146.8,653.04,65.3,587.74,293.6,294.14
O0004498,CUST00327,2025-05-13,P0016,2,0.05,Card,Fashion,101.27,44.23,202.54,10.13,192.41,88.46,103.95
O0004418,CUST00406,2025-05-14,P0013,1,0.05,Wallet,Grocery,268.38,121.9,268.38,13.42,254.96,121.9,133.06
O0000540,CUST00488,2025-05-14,P0011,3,0.05,Card,Electronics,158.87,121.21,476.61,23.83,452.78,363.63,89.15
O0004914,CUST00250,2025-05-14,P0031,1,0.15,Card,Electronics,287.51,147.51,287.51,43.13,244.38,147.51,96.87
O0003531,CUST00366,2025-05-14,P0008,3,0.15,Card,Fashion,152.63,75.07,457.89,68.68,389.21,225.21,164.0
O0002443,CUST00052,2025-05-14,P0026,1,0.15,COD,Electronics,133.04,87.51,133.04,19.96,113.08,87.51,25.57
O0001270,CUST00268,2025-05-14,P0024,2,0.0,COD,Grocery,220.04,119.95,440.08,0.0,440.08,239.9,200.18
O0000065,CUST00383,2025-05-14,P0002,2,0.15,Net Banking,Electronics,165.42,102.08,330.84,49.63,281.21,204.16,77.05
O0001956,CUST00175,2025-05-15,P0039,2,0.0,Net Banking,Electronics,302.32,141.08,604.64,0.0,604.64,282.16,322.48
O0004770,CUST00600,2025-05-15,P0002,2,0.05,UPI,Electronics,165.42,102.08,330.84,16.54,314.3,204.16,110.14
O0000068,CUST00095,2025-05-15,P0026,4,0.0,COD,Electronics,133.04,87.51,532.16,0.0,532.16,350.04,182.12
O0000482,CUST00575,2025-05-15,P0017,3,0.1,Card,Home,110.28,84.44,330.84,33.08,297.76,253.32,44.44
O0000495,CUST00404,2025-05-16,P0007,1,0.15,Wallet,Grocery,177.14,118.71,177.14,26.57,150.57,118.71,31.86
O0005051,CUST00133,2025-05-16,P0030,1,0.0,Card,Grocery,239.09,117.72,239.09,0.0,239.09,117.72,121.37
O0003598,CUST00357,2025-05-16,P0003,1,0.0,Card,Home,236.77,123.51,236.77,0.0,236.77,123.51,113.26
O0004962,CUST00516,2025-05-16,P0036,3,0.0,Card,Home,308.75,157.97,926.25,0.0,926.25,473.91,452.34
O0000055,CUST00094,2025-05-16,P0036,1,0.15,COD,Home,308.75,157.97,308.75,46.31,262.44,157.97,104.47
O0001694,CUST00296,2025-05-16,P0030,4,0.15,COD,Grocery,239.09,117.72,956.36,143.45,812.91,470.88,342.03
O0002905,CUST00029,2025-05-17,P0027,1,0.0,Card,Electronics,55.13,36.66,55.13,0.0,55.13,36.66,18.47
O0002852,CUST00598,2025-05-17,P0030,1,0.0,UPI,Grocery,239.09,117.72,239.09,0.0,239.09,117.72,121.37
O0000582,CUST00599,2025-05-17,P0031,3,0.05,UPI,Electronics,287.51,147.51,862.53,43.13,819.4,442.53,376.87
O0002511,CUST00161,2025-05-17,P0028,2,0.1,Card,Electronics,164.95,128.88,329.9,32.99,296.91,257.76,39.15
O0002104,CUST00616,2025-05-17,P0016,2,0.0,UPI,Fashion,101.27,44.23,202.54,0.0,202.54,88.46,114.08
O0004185,CUST00516,2025-05-17,P0008,4,0.0,UPI,Fashion,152.63,75.07,610.52,0.0,610.52,300.28,310.24
O0003209,CUST00575,2025-05-17,P0012,1,0.15,Wallet,Electronics,216.75,132.72,216.75,32.51,184.24,132.72,51.52
O0000183,CUST00442,2025-05-17,P0013,1,0.2,Net Banking,Grocery,268.38,121.9,268.38,53.68,214.7,121.9,92.8
O0004149,CUST00255,2025-05-17,P0014,1,0.15,UPI,Electronics,66.45,51.75,66.45,9.97,56.48,51.75,4.73
O0001402,CUST00344,2025-05-17,P0043,1,0.1,UPI,Electronics,364.08,156.96,364.08,36.41,327.67,156.96,170.71
O0005151,CUST00384,2025-05-18,P0003,4,0.1,Net Banking,Home,236.77,123.51,947.08,94.71,852.37,494.04,358.33
O0005174,CUST00590,2025-05-18,P0017,1,0.0,Card,Home,110.28,84.44,110.28,0.0,110.28,84.44,25.84
O0003397,CUST00401,2025-05-18,P0003,4,0.1,UPI,Home,236.77,123.51,947.08,94.71,852.37,494.04,358.33
O0003352,CUST00356,2025-05-18,P0005,4,0.1,Net Banking,Electronics,273.97,126.69,1095.88,109.59,986.29,506.76,479.53
O0002860,CUST00595,2025-05-18,P0024,1,0.0,Net Banking,Grocery,220.04,119.95,220.04,0.0,220.04,119.95,100.09
O0001551,CUST00201,2025-05-18,P0033,2,0.2,COD,Fashion,112.86,61.51,225.72,45.14,180.58,123.02,57.56
O0004320,CUST00246,2025-05-18,P0005,1,0.15,Wallet,Electronics,273.97,126.69,273.97,41.1,232.87,126.69,106.18
O0002452,CUST00047,2025-05-18,P0029,1,0.0,Card,Home,354.92,154.02,354.92,0.0,354.92,154.02,200.9
O0002261,CUST00167,2025-05-19,P0002,2,0.15,COD,Electronics,165.42,102.08,330.84,49.63,281.21,204.16,77.05
O0002248,CUST00600,2025-05-19,P0007,4,0.1,Card,Grocery,177.14,118.71,708.56,70.86,637.7,474.84,162.86
O0001002,CUST00432,2025-05-19,P0039,1,0.15,Card,Electronics,302.32,141.08,302.32,45.35,256.97,141.08,115.89
O0002911,CUST00189,2025-05-19,P0005,2,0.05,Net Banking,Electronics,273.97,126.69,547.94,27.4,520.54,253.38,267.16
O0003756,CUST00387,2025-05-19,P0042,1,0.0,Card,Fashion,92.99,66.18,92.99,0.0,92.99,66.18,26.81
O0004900,CUST00011,2025-05-19,P0044,3,0.05,Net Banking,Home,319.2,142.3,957.6,47.88,909.72,426.9,482.82
O0003523,CUST00379,2025-05-19,P0019,1,0.1,COD,Electronics,148.06,96.56,148.06,14.81,133.25,96.56,36.69
O0002481,CUST00530,2025-05-20,P0023,1,0.0,Card,Fashion,67.68,45.5,67.68,0.0,67.68,45.5,22.18
O0003337,CUST00502,2025-05-20,P0033,1,0.15,COD,Fashion,112.86,61.51,112.86,16.93,95.93,61.51,34.42
O0003009,CUST00487,2025-05-20,P0044,2,0.1,UPI,Home,319.2,142.3,638.4,63.84,574.56,284.6,289.96
O0004499,CUST00364,2025-05-20,P0045,2,0.1,UPI,Grocery,121.81,53.8,243.62,24.36,219.26,107.6,111.66
O0003619,CUST00379,2025-05-20,P0023,1,0.0,UPI,Fashion,67.68,45.5,67.68,0.0,67.68,45.5,22.18
O0003044,CUST00308,2025-05-20,P0011,3,0.0,Wallet,Electronics,158.87,121.21,476.61,0.0,476.61,363.63,112.98
O0001951,CUST00173,2025-05-20,P0016,1,0.0,UPI,Fashion,101.27,44.23,101.27,0.0,101.27,44.23,57.04
O0004305,CUST00596,2025-05-20,P0035,1,0.0,UPI,Home,139.63,80.04,139.63,0.0,139.63,80.04,59.59
O0001267,CUST00595,2025-05-20,P0030,1,0.1,Wallet,Grocery,239.09,117.72,239.09,23.91,215.18,117.72,97.46
O0000926,CUST00380,2025-05-21,P0039,1,0.15,UPI,Electronics,302.32,141.08,302.32,45.35,256.97,141.08,115.89
O0004621,CUST00574,2025-05-21,P0009,2,0.0,UPI,Fashion,264.14,141.26,528.28,0.0,528.28,282.52,245.76
O0000384,CUST00477,2025-05-21,P0033,1,0.1,Card,Fashion,112.86,61.51,112.86,11.29,101.57,61.51,40.06
O0000606,CUST00600,2025-05-21,P0014,1,0.0,Wallet,Electronics,66.45,51.75,66.45,0.0,66.45,51.75,14.7
O0002804,CUST00350,2025-05-21,P0036,4,0.05,Wallet,Home,308.75,157.97,1235.0,61.75,1173.25,631.88,541.37
O0004677,CUST00340,2025-05-21,P0001,1,0.1,UPI,Fashion,114.26,54.48,114.26,11.43,102.83,54.48,48.35
O0003680,CUST00183,2025-05-21,P0043,2,0.1,UPI,Electronics,364.08,156.96,728.16,72.82,655.34,313.92,341.42
O0002784,CUST00013,2025-05-21,P0025,3,0.0,UPI,Fashion,234.0,111.05,702.0,0.0,702.0,333.15,368.85
O0001499,CUST00118,2025-05-21,P0031,1,0.0,COD,Electronics,287.51,147.51,287.51,0.0,287.51,147.51,140.0
O0000740,CUST00358,2025-05-21,P0034,3,0.0,Card,Electronics,186.26,105.01,558.78,0.0,558.78,315.03,243.75
O0004137,CUST00408,2025-05-21,P0009,1,0.05,Card,Fashion,264.14,141.26,264.14,13.21,250.93,141.26,109.67
O0004984,CUST00275,2025-05-22,P0007,1,0.0,Card,Grocery,177.14,118.71,177.14,0.0,177.14,118.71,58.43
O0000302,CUST00600,2025-05-22,P0011,2,0.1,UPI,Electronics,158.87,121.21,317.74,31.77,285.97,242.42,43.55
O0000677,CUST00275,2025-05-22,P0043,2,0.1,UPI,Electronics,364.08,156.96,728.16,72.82,655.34,313.92,341.42
O0001138,CUST00007,2025-05-22,P0032,3,0.05,Card,Electronics,325.98,157.6,977.94,48.9,929.04,472.8,456.24
O0004308,CUST00221,2025-05-22,P0030,1,0.15,UPI,Grocery,239.09,117.72,239.09,35.86,203.23,117.72,85.51
O0001518,CUST00277,2025-05-22,P0041,1,0.05,Card,Grocery,240.98,127.74,240.98,12.05,228.93,127.74,101.19
O0002470,CUST00391,2025-05-22,P0003,1,0.0,UPI,Home,236.77,123.51,236.77,0.0,236.77,123.51,113.26
O0000217,CUST00027,2025-05-22,P0040,4,0.2,Card,Grocery,83.65,51.18,334.6,66.92,267.68,204.72,62.96
O0001264,CUST00033,2025-05-23,P0005,1,0.0,COD,Electronics,273.97,126.69,273.97,0.0,273.97,126.69,147.28
O0001053,CUST00199,2025-05-23,P0036,2,0.1,COD,Home,308.75,157.97,617.5,61.75,555.75,315.94,239.81
O0004139,CUST00144,2025-05-23,P0021,3,0.05,Card,Beauty,264.24,127.61,792.72,39.64,753.08,382.83,370.25
O0003911,CUST00205,2025-05-23,P0017,1,0.0,COD,Home,110.28,84.44,110.28,0.0,110.28,84.44,25.84
O0003788,CUST00074,2025-05-23,P0041,1,0.0,Wallet,Grocery,240.98,127.74,240.98,0.0,240.98,127.74,113.24
O0004229,CUST00012,2025-05-23,P0021,4,0.15,Card,Beauty,264.24,127.61,1056.96,158.54,898.42,510.44,387.98
O0004242,CUST00323,2025-05-23,P0008,1,0.0,Net Banking,Fashion,152.63,75.07,152.63,0.0,152.63,75.07,77.56
O0003420,CUST00191,2025-05-23,P0034,4,0.05,UPI,Electronics,186.26,105.01,745.04,37.25,707.79,420.04,287.75
O0002893,CUST00113,2025-05-23,P0006,1,0.05,Card,Beauty,192.36,150.65,192.36,9.62,182.74,150.65,32.09
O0005177,CUST00165,2025-05-23,P0043,2,0.1,Card,Electronics,364.08,156.96,728.16,72.82,655.34,313.92,341.42
O0000739,CUST00228,2025-05-23,P0003,3,0.05,UPI,Home,236.77,123.51,710.31,35.52,674.79,370.53,304.26
O0001992,CUST00103,2025-05-23,P0043,1,0.15,Wallet,Electronics,364.08,156.96,364.08,54.61,309.47,156.96,152.51
O0002342,CUST00120,2025-05-24,P0035,2,0.1,UPI,Home,139.63,80.04,279.26,27.93,251.33,160.08,91.25
O0003686,CUST00065,2025-05-24,P0024,1,0.15,UPI,Grocery,220.04,119.95,220.04,33.01,187.03,119.95,67.08
O0002950,CUST00191,2025-05-24,P0038,3,0.0,UPI,Fashion,157.39,70.68,472.17,0.0,472.17,212.04,260.13
O0004560,CUST00490,2025-05-24,P0021,3,0.1,Card,Beauty,264.24,127.61,792.72,79.27,713.45,382.83,330.62
O0004528,CUST00290,2025-05-24,P0006,2,0.1,Card,Beauty,192.36,150.65,384.72,38.47,346.25,301.3,44.95
O0001944,CUST00413,2025-05-24,P0024,1,0.1,Card,Grocery,220.04,119.95,220.04,22.0,198.04,119.95,78.09
O0004616,CUST00146,2025-05-24,P0044,2,0.15,Card,Home,319.2,142.3,638.4,95.76,542.64,284.6,258.04
O0004489,CUST00314,2025-05-25,P0040,2,0.15,Wallet,Grocery,83.65,51.18,167.3,25.1,142.2,102.36,39.84
O0004279,CUST00369,2025-05-25,P0027,1,0.1,COD,Electronics,55.13,36.66,55.13,5.51,49.62,36.66,12.96
O0000653,CUST00413,2025-05-25,P0037,2,0.1,Card,Fashion,32.76,22.26,65.52,6.55,58.97,44.52,14.45
O0002663,CUST00164,2025-05-25,P0042,1,0.05,UPI,Fashion,92.99,66.18,92.99,4.65,88.34,66.18,22.16
O0003101,CUST00434,2025-05-25,P0020,3,0.05,COD,Home,149.95,68.06,449.85,22.49,427.36,204.18,223.18
O0002891,CUST00180,2025-05-26,P0044,4,0.1,Net Banking,Home,319.2,142.3,1276.8,127.68,1149.12,569.2,579.92
O0002069,CUST00431,2025-05-26,P0012,1,0.1,Card,Electronics,216.75,132.72,216.75,21.68,195.07,132.72,62.35
O0002498,CUST00357,2025-05-26,P0011,3,0.2,Card,Electronics,158.87,121.21,476.61,95.32,381.29,363.63,17.66
O0002602,CUST00486,2025-05-26,P0030,2,0.0,UPI,Grocery,239.09,117.72,478.18,0.0,478.18,235.44,242.74
O0003656,CUST00200,2025-05-27,P0029,2,0.1,Net Banking,Home,354.92,154.02,709.84,70.98,638.86,308.04,330.82
O0004623,CUST00205,2025-05-27,P0043,3,0.0,UPI,Electronics,364.08,156.96,1092.24,0.0,1092.24,470.88,621.36
O0000034,CUST00256,2025-05-27,P0009,1,0.1,Wallet,Fashion,264.14,141.26,264.14,26.41,237.73,141.26,96.47
O0003255,CUST00305,2025-05-27,P0001,1,0.15,COD,Fashion,114.26,54.48,114.26,17.14,97.12,54.48,42.64
O0001531,CUST00290,2025-05-27,P0038,2,0.0,Card,Fashion,157.39,70.68,314.78,0.0,314.78,141.36,173.42
O0004045,CUST00164,2025-05-27,P0031,2,0.1,COD,Electronics,287.51,147.51,575.02,57.5,517.52,295.02,222.5
O0001671,CUST00433,2025-05-27,P0040,1,0.0,Card,Grocery,83.65,51.18,83.65,0.0,83.65,51.18,32.47
O0002064,CUST00115,2025-05-27,P0035,3,0.05,Card,Home,139.63,80.04,418.89,20.94,397.95,240.12,157.83
O0004570,CUST00370,2025-05-27,P0008,4,0.0,Card,Fashion,152.63,75.07,610.52,0.0,610.52,300.28,310.24
O0004874,CUST00275,2025-05-27,P0013,1,0.05,Card,Grocery,268.38,121.9,268.38,13.42,254.96,121.9,133.06
O0001980,CUST00242,2025-05-27,P0033,2,0.1,Net Banking,Fashion,112.86,61.51,225.72,22.57,203.15,123.02,80.13
O0001832,CUST00472,2025-05-28,P0027,4,0.0,Wallet,Electronics,55.13,36.66,220.52,0.0,220.52,146.64,73.88
O0002707,CUST00618,2025-05-28,P0030,2,0.1,UPI,Grocery,239.09,117.72,478.18,47.82,430.36,235.44,194.92
O0000165,CUST00544,2025-05-28,P0022,1,0.1,Card,Electronics,326.52,146.8,326.52,32.65,293.87,146.8,147.07
O0001065,CUST00550,2025-05-28,P0028,1,0.1,Wallet,Electronics,164.95,128.88,164.95,16.5,148.45,128.88,19.57
O0001031,CUST00048,2025-05-28,P0035,1,0.0,Net Banking,Home,139.63,80.04,139.63,0.0,139.63,80.04,59.59
O0000471,CUST00275,2025-05-28,P0033,4,0.0,UPI,Fashion,112.86,61.51,451.44,0.0,451.44,246.04,205.4
O0003864,CUST00439,2025-05-28,P0015,1,0.15,COD,Fashion,43.69,25.91,43.69,6.55,37.14,25.91,11.23
O0003676,CUST00475,2025-05-28,P0010,1,0.05,Card,Grocery,158.28,88.17,158.28,7.91,150.37,88.17,62.2
O0001105,CUST00258,2025-05-29,P0024,1,0.2,Card,Grocery,220.04,119.95,220.04,44.01,176.03,119.95,56.08
O0001752,CUST00481,2025-05-29,P0017,1,0.1,UPI,Home,110.28,84.44,110.28,11.03,99.25,84.44,14.81
O0001079,CUST00053,2025-05-29,P0023,2,0.05,COD,Fashion,67.68,45.5,135.36,6.77,128.59,91.0,37.59
O0004174,CUST00031,2025-05-29,P0044,2,0.15,UPI,Home,319.2,142.3,638.4,95.76,542.64,284.6,258.04
O0003346,CUST00036,2025-05-29,P0020,1,0.0,UPI,Home,149.95,68.06,149.95,0.0,149.95,68.06,81.89
O0004885,CUST00183,2025-05-29,P0013,1,0.05,Net Banking,Grocery,268.38,121.9,268.38,13.42,254.96,121.9,133.06
O0001258,CUST00388,2025-05-29,P0005,1,0.0,Card,Electronics,273.97,126.69,273.97,0.0,273.97,126.69,147.28
O0001795,CUST00053,2025-05-29,P0028,1,0.1,Card,Electronics,164.95,128.88,164.95,16.5,148.45,128.88,19.57
O0001333,CUST00239,2025-05-29,P0009,4,0.0,UPI,Fashion,264.14,141.26,1056.56,0.0,1056.56,565.04,491.52
O0003323,CUST00394,2025-05-29,P0033,1,0.15,COD,Fashion,112.86,61.51,112.86,16.93,95.93,61.51,34.42
O0002132,CUST00153,2025-05-30,P0042,2,0.05,Card,Fashion,92.99,66.18,185.98,9.3,176.68,132.36,44.32
O0003126,CUST00359,2025-05-30,P0030,1,0.15,COD,Grocery,239.09,117.72,239.09,35.86,203.23,117.72,85.51
O0003813,CUST00046,2025-05-30,P0021,4,0.05,UPI,Beauty,264.24,127.61,1056.96,52.85,1004.11,510.44,493.67
O0001030,CUST00158,2025-05-30,P0002,2,0.15,COD,Electronics,165.42,102.08,330.84,49.63,281.21,204.16,77.05
O0001172,CUST00358,2025-05-30,P0020,3,0.0,COD,Home,149.95,68.06,449.85,0.0,449.85,204.18,245.67
O0001635,CUST00454,2025-05-30,P0003,2,0.15,UPI,Home,236.77,123.51,473.54,71.03,402.51,247.02,155.49
O0001772,CUST00433,2025-05-30,P0038,2,0.0,Net Banking,Fashion,157.39,70.68,314.78,0.0,314.78,141.36,173.42
O0004633,CUST00028,2025-05-30,P0013,2,0.0,COD,Grocery,268.38,121.9,536.76,0.0,536.76,243.8,292.96
O0004169,CUST00368,2025-05-30,P0042,1,0.15,Net Banking,Fashion,92.99,66.18,92.99,13.95,79.04,66.18,12.86
O0004940,CUST00392,2025-05-30,P0043,2,0.05,COD,Electronics,364.08,156.96,728.16,36.41,691.75,313.92,377.83
O0002359,CUST00502,2025-05-30,P0014,1,0.0,Net Banking,Electronics,66.45,51.75,66.45,0.0,66.45,51.75,14.7
O0005199,CUST00389,2025-05-31,P0038,1,0.1,COD,Fashion,157.39,70.68,157.39,15.74,141.65,70.68,70.97
O0002975,CUST00484,2025-05-31,P0029,2,0.15,Card,Home,354.92,154.02,709.84,106.48,603.36,308.04,295.32
O0003694,CUST00454,2025-05-31,P0029,1,0.05,UPI,Home,354.92,154.02,354.92,17.75,337.17,154.02,183.15
O0001331,CUST00156,2025-05-31,P0005,2,0.0,UPI,Electronics,273.97,126.69,547.94,0.0,547.94,253.38,294.56
O0004249,CUST00155,2025-05-31,P0035,1,0.1,UPI,Home,139.63,80.04,139.63,13.96,125.67,80.04,45.63
O0002324,CUST00141,2025-05-31,P0038,1,0.05,Card,Fashion,157.39,70.68,157.39,7.87,149.52,70.68,78.84
O0001019,CUST00358,2025-05-31,P0004,3,0.15,UPI,Home,54.29,27.5,162.87,24.43,138.44,82.5,55.94
O0002563,CUST00267,2025-05-31,P0036,3,0.0,Card,Home,308.75,157.97,926.25,0.0,926.25,473.91,452.34
O0000226,CUST00360,2025-06-01,P0027,1,0.15,COD,Electronics,55.13,36.66,55.13,8.27,46.86,36.66,10.2
O0004712,CUST00473,2025-06-01,P0021,1,0.05,UPI,Beauty,264.24,127.61,264.24,13.21,251.03,127.61,123.42
O0003200,CUST00223,2025-06-01,P0020,1,0.05,Card,Home,149.95,68.06,149.95,7.5,142.45,68.06,74.39
O0003966,CUST00513,2025-06-01,P0039,4,0.1,UPI,Electronics,302.32,141.08,1209.28,120.93,1088.35,564.32,524.03
O0003058,CUST00256,2025-06-01,P0003,2,0.2,UPI,Home,236.77,123.51,473.54,94.71,378.83,247.02,131.81
O0005068,CUST00607,2025-06-02,P0017,3,0.05,Card,Home,110.28,84.44,330.84,16.54,314.3,253.32,60.98
O0002056,CUST00281,2025-06-02,P0008,4,0.1,Wallet,Fashion,152.63,75.07,610.52,61.05,549.47,300.28,249.19
O0000354,CUST00038,2025-06-02,P0034,1,0.1,Card,Electronics,186.26,105.01,186.26,18.63,167.63,105.01,62.62
O0002914,CUST00050,2025-06-02,P0044,1,0.15,Card,Home,319.2,142.3,319.2,47.88,271.32,142.3,129.02
O0002912,CUST00255,2025-06-02,P0006,1,0.0,Wallet,Beauty,192.36,150.65,192.36,0.0,192.36,150.65,41.71
O0003725,CUST00363,2025-06-02,P0011,4,0.05,Card,Electronics,158.87,121.21,635.48,31.77,603.71,484.84,118.87
O0004691,CUST00153,2025-06-02,P0004,3,0.0,COD,Home,54.29,27.5,162.87,0.0,162.87,82.5,80.37
O0002136,CUST00254,2025-06-02,P0006,1,0.1,Card,Beauty,192.36,150.65,192.36,19.24,173.12,150.65,22.47
O0003250,CUST00095,2025-06-03,P0042,1,0.15,Card,Fashion,92.99,66.18,92.99,13.95,79.04,66.18,12.86
O0004023,CUST00463,2025-06-03,P0009,2,0.1,Card,Fashion,264.14,141.26,528.28,52.83,475.45,282.52,192.93
O0003876,CUST00263,2025-06-03,P0007,1,0.15,Wallet,Grocery,177.14,118.71,177.14,26.57,150.57,118.71,31.86
O0001284,CUST00288,2025-06-03,P0013,3,0.15,COD,Grocery,268.38,121.9,805.14,120.77,684.37,365.7,318.67
O0004922,CUST00314,2025-06-03,P0014,1,0.15,UPI,Electronics,66.45,51.75,66.45,9.97,56.48,51.75,4.73
O0003052,CUST00314,2025-06-04,P0011,3,0.1,Wallet,Electronics,158.87,121.21,476.61,47.66,428.95,363.63,65.32
O0000062,CUST00258,2025-06-04,P0030,4,0.0,UPI,Grocery,239.09,117.72,956.36,0.0,956.36,470.88,485.48
O0003713,CUST00414,2025-06-04,P0013,3,0.0,UPI,Grocery,268.38,121.9,805.14,0.0,805.14,365.7,439.44
O0003339,CUST00328,2025-06-04,P0029,1,0.0,Net Banking,Home,354.92,154.02,354.92,0.0,354.92,154.02,200.9
O0004977,CUST00580,2025-06-04,P0009,1,0.0,COD,Fashion,264.14,141.26,264.14,0.0,264.14,141.26,122.88
O0002408,CUST00482,2025-06-04,P0014,2,0.05,Net Banking,Electronics,66.45,51.75,132.9,6.64,126.26,103.5,22.76
O0001383,CUST00472,2025-06-05,P0015,1,0.1,Card,Fashion,43.69,25.91,43.69,4.37,39.32,25.91,13.41
O0001935,CUST00405,2025-06-05,P0014,1,0.2,COD,Electronics,66.45,51.75,66.45,13.29,53.16,51.75,1.41
O0001057,CUST00517,2025-06-05,P0011,1,0.1,Net Banking,Electronics,158.87,121.21,158.87,15.89,142.98,121.21,21.77
O0005013,CUST00530,2025-06-05,P0042,1,0.1,Wallet,Fashion,92.99,66.18,92.99,9.3,83.69,66.18,17.51
O0003406,CUST00500,2025-06-05,P0026,4,0.0,Card,Electronics,133.04,87.51,532.16,0.0,532.16,350.04,182.12
O0003899,CUST00323,2025-06-05,P0040,1,0.2,COD,Grocery,83.65,51.18,83.65,16.73,66.92,51.18,15.74
O0002061,CUST00087,2025-06-05,P0018,1,0.1,Card,Beauty,175.93,84.8,175.93,17.59,158.34,84.8,73.54
O0001778,CUST00181,2025-06-05,P0027,2,0.2,COD,Electronics,55.13,36.66,110.26,22.05,88.21,73.32,14.89
O0002995,CUST00289,2025-06-05,P0027,1,0.1,UPI,Electronics,55.13,36.66,55.13,5.51,49.62,36.66,12.96
O0002109,CUST00094,2025-06-05,P0019,3,0.05,Card,Electronics,148.06,96.56,444.18,22.21,421.97,289.68,132.29
O0004819,CUST00250,2025-06-06,P0028,4,0.1,Card,Electronics,164.95,128.88,659.8,65.98,593.82,515.52,78.3
O0000127,CUST00650,2025-06-06,P0022,1,0.05,COD,Electronics,326.52,146.8,326.52,16.33,310.19,146.8,163.39
O0004373,CUST00010,2025-06-06,P0006,2,0.2,Card,Beauty,192.36,150.65,384.72,76.94,307.78,301.3,6.48
O0000674,CUST00288,2025-06-06,P0008,1,0.1,COD,Fashion,152.63,75.07,152.63,15.26,137.37,75.07,62.3
O0005092,CUST00489,2025-06-07,P0025,1,0.2,UPI,Fashion,234.0,111.05,234.0,46.8,187.2,111.05,76.15
O0003926,CUST00386,2025-06-07,P0016,4,0.0,COD,Fashion,101.27,44.23,405.08,0.0,405.08,176.92,228.16
O0001204,CUST00359,2025-06-07,P0030,2,0.15,UPI,Grocery,239.09,117.72,478.18,71.73,406.45,235.44,171.01
O0003690,CUST00358,2025-06-07,P0013,1,0.15,Card,Grocery,268.38,121.9,268.38,40.26,228.12,121.9,106.22
O0004314,CUST00610,2025-06-07,P0024,2,0.0,Card,Grocery,220.04,119.95,440.08,0.0,440.08,239.9,200.18
O0003787,CUST00276,2025-06-07,P0025,2,0.2,UPI,Fashion,234.0,111.05,468.0,93.6,374.4,222.1,152.3
O0001454,CUST00206,2025-06-07,P0023,1,0.1,COD,Fashion,67.68,45.5,67.68,6.77,60.91,45.5,15.41
O0002394,CUST00121,2025-06-08,P0025,1,0.1,UPI,Fashion,234.0,111.05,234.0,23.4,210.6,111.05,99.55
O0003404,CUST00543,2025-06-08,P0011,4,0.0,Net Banking,Electronics,158.87,121.21,635.48,0.0,635.48,484.84,150.64
O0001538,CUST00384,2025-06-08,P0041,1,0.1,COD,Grocery,240.98,127.74,240.98,24.1,216.88,127.74,89.14
O0003093,CUST00026,2025-06-08,P0032,1,0.0,Net Banking,Electronics,325.98,157.6,325.98,0.0,325.98,157.6,168.38
O0000668,CUST00617,2025-06-08,P0019,2,0.15,COD,Electronics,148.06,96.56,296.12,44.42,251.7,193.12,58.58
O0004700,CUST00429,2025-06-09,P0041,3,0.15,UPI,Grocery,240.98,127.74,722.94,108.44,614.5,383.22,231.28
O0000041,CUST00012,2025-06-09,P0006,2,0.05,COD,Beauty,192.36,150.65,384.72,19.24,365.48,301.3,64.18
O0004527,CUST00423,2025-06-09,P0029,4,0.1,Card,Home,354.92,154.02,1419.68,141.97,1277.71,616.08,661.63
O0002199,CUST00454,2025-06-09,P0027,4,0.05,COD,Electronics,55.13,36.66,220.52,11.03,209.49,146.64,62.85
O0002206,CUST00521,2025-06-09,P0018,2,0.0,Card,Beauty,175.93,84.8,351.86,0.0,351.86,169.6,182.26
O0004761,CUST00182,2025-06-09,P0013,1,0.2,UPI,Grocery,268.38,121.9,268.38,53.68,214.7,121.9,92.8
O0001183,CUST00494,2025-06-10,P0008,1,0.15,Wallet,Fashion,152.63,75.07,152.63,22.89,129.74,75.07,54.67
O0002792,CUST00411,2025-06-10,P0007,2,0.05,UPI,Grocery,177.14,118.71,354.28,17.71,336.57,237.42,99.15
O0001008,CUST00597,2025-06-10,P0029,2,0.1,Wallet,Home,354.92,154.02,709.84,70.98,638.86,308.04,330.82
O0003248,CUST00058,2025-06-10,P0034,1,0.05,UPI,Electronics,186.26,105.01,186.26,9.31,176.95,105.01,71.94
O0004563,CUST00304,2025-06-10,P0008,1,0.0,Card,Fashion,152.63,75.07,152.63,0.0,152.63,75.07,77.56
O0003423,CUST00275,2025-06-10,P0006,4,0.05,UPI,Beauty,192.36,150.65,769.44,38.47,730.97,602.6,128.37
O0000900,CUST00429,2025-06-10,P0038,2,0.0,Card,Fashion,157.39,70.68,314.78,0.0,314.78,141.36,173.42
O0001585,CUST00351,2025-06-10,P0028,2,0.05,UPI,Electronics,164.95,128.88,329.9,16.5,313.4,257.76,55.64
O0004724,CUST00260,2025-06-10,P0032,3,0.05,UPI,Electronics,325.98,157.6,977.94,48.9,929.04,472.8,456.24
O0000389,CUST00536,2025-06-10,P0016,4,0.1,Card,Fashion,101.27,44.23,405.08,40.51,364.57,176.92,187.65
O0001203,CUST00025,2025-06-10,P0002,4,0.05,COD,Electronics,165.42,102.08,661.68,33.08,628.6,408.32,220.28
O0001296,CUST00429,2025-06-11,P0038,1,0.1,UPI,Fashion,157.39,70.68,157.39,15.74,141.65,70.68,70.97
O0003188,CUST00570,2025-06-11,P0031,1,0.0,Net Banking,Electronics,287.51,147.51,287.51,0.0,287.51,147.51,140.0
O0001157,CUST00331,2025-06-11,P0029,3,0.15,UPI,Home,354.92,154.02,1064.76,159.71,905.05,462.06,442.99
O0001685,CUST00580,2025-06-11,P0044,2,0.15,Net Banking,Home,319.2,142.3,638.4,95.76,542.64,284.6,258.04
O0002264,CUST00107,2025-06-11,P0014,2,0.2,UPI,Electronics,66.45,51.75,132.9,26.58,106.32,103.5,2.82
O0000748,CUST00169,2025-06-11,P0003,4,0.1,Card,Home,236.77,123.51,947.08,94.71,852.37,494.04,358.33
O0005027,CUST00397,2025-06-11,P0041,2,0.05,Card,Grocery,240.98,127.74,481.96,24.1,457.86,255.48,202.38
O0004381,CUST00239,2025-06-11,P0024,2,0.1,Wallet,Grocery,220.04,119.95,440.08,44.01,396.07,239.9,156.17
O0000734,CUST00355,2025-06-12,P0009,1,0.05,Card,Fashion,264.14,141.26,264.14,13.21,250.93,141.26,109.67
O0002528,CUST00367,2025-06-12,P0031,1,0.0,Wallet,Electronics,287.51,147.51,287.51,0.0,287.51,147.51,140.0
O0004954,CUST00429,2025-06-12,P0025,2,0.15,Wallet,Fashion,234.0,111.05,468.0,70.2,397.8,222.1,175.7
O0004299,CUST00359,2025-06-12,P0039,3,0.1,Card,Electronics,302.32,141.08,906.96,90.7,816.26,423.24,393.02
O0004871,CUST00632,2025-06-12,P0007,2,0.05,Card,Grocery,177.14,118.71,354.28,17.71,336.57,237.42,99.15
O0002486,CUST00364,2025-06-12,P0032,1,0.05,COD,Electronics,325.98,157.6,325.98,16.3,309.68,157.6,152.08
O0003123,CUST00622,2025-06-12,P0010,1,0.15,UPI,Grocery,158.28,88.17,158.28,23.74,134.54,88.17,46.37
O0000905,CUST00207,2025-06-12,P0032,1,0.05,Wallet,Electronics,325.98,157.6,325.98,16.3,309.68,157.6,152.08
O0001142,CUST00562,2025-06-12,P0016,4,0.05,UPI,Fashion,101.27,44.23,405.08,20.25,384.83,176.92,207.91
O0004926,CUST00500,2025-06-12,P0006,1,0.0,UPI,Beauty,192.36,150.65,192.36,0.0,192.36,150.65,41.71
O0002428,CUST00375,2025-06-12,P0030,3,0.05,Card,Grocery,239.09,117.72,717.27,35.86,681.41,353.16,328.25
O0003698,CUST00180,2025-06-12,P0038,1,0.0,Card,Fashion,157.39,70.68,157.39,0.0,157.39,70.68,86.71
O0001101,CUST00564,2025-06-12,P0011,1,0.05,Card,Electronics,158.87,121.21,158.87,7.94,150.93,121.21,29.72
O0003545,CUST00266,2025-06-12,P0008,2,0.15,UPI,Fashion,152.63,75.07,305.26,45.79,259.47,150.14,109.33
O0003312,CUST00020,2025-06-13,P0043,1,0.0,Wallet,Electronics,364.08,156.96,364.08,0.0,364.08,156.96,207.12
O0002621,CUST00594,2025-06-13,P0007,1,0.05,COD,Grocery,177.14,118.71,177.14,8.86,168.28,118.71,49.57
O0005112,CUST00255,2025-06-13,P0010,1,0.0,UPI,Grocery,158.28,88.17,158.28,0.0,158.28,88.17,70.11
O0001789,CUST00011,2025-06-13,P0011,4,0.1,UPI,Electronics,158.87,121.21,635.48,63.55,571.93,484.84,87.09
O0002813,CUST00340,2025-06-13,P0045,3,0.0,UPI,Grocery,121.81,53.8,365.43,0.0,365.43,161.4,204.03
O0004548,CUST00564,2025-06-13,P0035,1,0.05,Card,Home,139.63,80.04,139.63,6.98,132.65,80.04,52.61
O0003286,CUST00481,2025-06-13,P0045,2,0.05,Card,Grocery,121.81,53.8,243.62,12.18,231.44,107.6,123.84
O0003996,CUST00490,2025-06-13,P0002,2,0.1,UPI,Electronics,165.42,102.08,330.84,33.08,297.76,204.16,93.6
O0004086,CUST00374,2025-06-13,P0010,1,0.0,UPI,Grocery,158.28,88.17,158.28,0.0,158.28,88.17,70.11
O0003268,CUST00180,2025-06-13,P0031,3,0.0,Card,Electronics,287.51,147.51,862.53,0.0,862.53,442.53,420.0
O0004655,CUST00458,2025-06-13,P0009,2,0.0,UPI,Fashion,264.14,141.26,528.28,0.0,528.28,282.52,245.76
O0002249,CUST00428,2025-06-14,P0044,1,0.0,Wallet,Home,319.2,142.3,319.2,0.0,319.2,142.3,176.9
O0000816,CUST00059,2025-06-14,P0016,4,0.1,UPI,Fashion,101.27,44.23,405.08,40.51,364.57,176.92,187.65
O0002513,CUST00584,2025-06-14,P0031,1,0.0,UPI,Electronics,287.51,147.51,287.51,0.0,287.51,147.51,140.0
O0000486,CUST00584,2025-06-14,P0035,3,0.0,Card,Home,139.63,80.04,418.89,0.0,418.89,240.12,178.77
O0004882,CUST00476,2025-06-14,P0018,2,0.1,Wallet,Beauty,175.93,84.8,351.86,35.19,316.67,169.6,147.07
O0001247,CUST00181,2025-06-14,P0008,2,0.0,UPI,Fashion,152.63,75.07,305.26,0.0,305.26,150.14,155.12
O0001954,CUST00224,2025-06-14,P0045,3,0.1,UPI,Grocery,121.81,53.8,365.43,36.54,328.89,161.4,167.49
O0002444,CUST00307,2025-06-14,P0025,3,0.0,Net Banking,Fashion,234.0,111.05,702.0,0.0,702.0,333.15,368.85
O0000692,CUST00410,2025-06-15,P0024,2,0.0,UPI,Grocery,220.04,119.95,440.08,0.0,440.08,239.9,200.18
O0001841,CUST00343,2025-06-15,P0032,1,0.05,Wallet,Electronics,325.98,157.6,325.98,16.3,309.68,157.6,152.08
O0000729,CUST00442,2025-06-15,P0013,2,0.0,COD,Grocery,268.38,121.9,536.76,0.0,536.76,243.8,292.96
O0004501,CUST00620,2025-06-15,P0040,4,0.1,UPI,Grocery,83.65,51.18,334.6,33.46,301.14,204.72,96.42
O0004795,CUST00122,2025-06-15,P0017,2,0.05,Net Banking,Home,110.28,84.44,220.56,11.03,209.53,168.88,40.65
O0003241,CUST00166,2025-06-16,P0039,1,0.0,Net Banking,Electronics,302.32,141.08,302.32,0.0,302.32,141.08,161.24
O0000598,CUST00527,2025-06-16,P0016,1,0.05,COD,Fashion,101.27,44.23,101.27,5.06,96.21,44.23,51.98
O0001555,CUST00596,2025-06-16,P0019,1,0.0,COD,Electronics,148.06,96.56,148.06,0.0,148.06,96.56,51.5
O0000305,CUST00473,2025-06-16,P0044,1,0.15,COD,Home,319.2,142.3,319.2,47.88,271.32,142.3,129.02
O0001458,CUST00429,2025-06-16,P0020,2,0.2,Wallet,Home,149.95,68.06,299.9,59.98,239.92,136.12,103.8
O0003099,CUST00487,2025-06-16,P0004,2,0.0,Card,Home,54.29,27.5,108.58,0.0,108.58,55.0,53.58
O0000470,CUST00255,2025-06-16,P0035,2,0.1,UPI,Home,139.63,80.04,279.26,27.93,251.33,160.08,91.25
O0000733,CUST00543,2025-06-17,P0012,2,0.1,COD,Electronics,216.75,132.72,433.5,43.35,390.15,265.44,124.71
O0001771,CUST00521,2025-06-17,P0001,4,0.05,COD,Fashion,114.26,54.48,457.04,22.85,434.19,217.92,216.27
O0001456,CUST00243,2025-06-17,P0006,4,0.0,UPI,Beauty,192.36,150.65,769.44,0.0,769.44,602.6,166.84
O0002854,CUST00263,2025-06-17,P0018,3,0.1,UPI,Beauty,175.93,84.8,527.79,52.78,475.01,254.4,220.61
O0004448,CUST00287,2025-06-17,P0038,3,0.05,UPI,Fashion,157.39,70.68,472.17,23.61,448.56,212.04,236.52
O0000922,CUST00458,2025-06-17,P0011,1,0.15,UPI,Electronics,158.87,121.21,158.87,23.83,135.04,121.21,13.83
O0002688,CUST00446,2025-06-17,P0021,2,0.1,COD,Beauty,264.24,127.61,528.48,52.85,475.63,255.22,220.41
O0004293,CUST00399,2025-06-17,P0038,4,0.0,Card,Fashion,157.39,70.68,629.56,0.0,629.56,282.72,346.84
O0003602,CUST00258,2025-06-18,P0001,1,0.0,Net Banking,Fashion,114.26,54.48,114.26,0.0,114.26,54.48,59.78
O0000737,CUST00273,2025-06-18,P0038,1,0.1,Card,Fashion,157.39,70.68,157.39,15.74,141.65,70.68,70.97
O0002490,CUST00200,2025-06-18,P0024,2,0.0,COD,Grocery,220.04,119.95,440.08,0.0,440.08,239.9,200.18
O0000885,CUST00472,2025-06-18,P0018,1,0.0,Wallet,Beauty,175.93,84.8,175.93,0.0,175.93,84.8,91.13
O0000953,CUST00594,2025-06-18,P0015,2,0.0,Card,Fashion,43.69,25.91,87.38,0.0,87.38,51.82,35.56
O0004627,CUST00340,2025-06-19,P0027,4,0.1,COD,Electronics,55.13,36.66,220.52,22.05,198.47,146.64,51.83
O0001781,CUST00190,2025-06-19,P0034,2,0.2,Card,Electronics,186.26,105.01,372.52,74.5,298.02,210.02,88.0
O0001510,CUST00215,2025-06-19,P0017,2,0.0,UPI,Home,110.28,84.44,220.56,0.0,220.56,168.88,51.68
O0003597,CUST00632,2025-06-20,P0035,1,0.1,Card,Home,139.63,80.04,139.63,13.96,125.67,80.04,45.63
O0000617,CUST00125,2025-06-20,P0035,1,0.1,UPI,Home,139.63,80.04,139.63,13.96,125.67,80.04,45.63
O0001945,CUST00230,2025-06-20,P0023,2,0.0,UPI,Fashion,67.68,45.5,135.36,0.0,135.36,91.0,44.36
O0003520,CUST00252,2025-06-20,P0015,2,0.1,UPI,Fashion,43.69,25.91,87.38,8.74,78.64,51.82,26.82
O0002082,CUST00289,2025-06-21,P0042,2,0.0,UPI,Fashion,92.99,66.18,185.98,0.0,185.98,132.36,53.62
O0002765,CUST00398,2025-06-21,P0014,2,0.0,Wallet,Electronics,66.45,51.75,132.9,0.0,132.9,103.5,29.4
O0002772,CUST00263,2025-06-21,P0008,1,0.05,UPI,Fashion,152.63,75.07,152.63,7.63,145.0,75.07,69.93
O0000291,CUST00224,2025-06-21,P0015,1,0.2,COD,Fashion,43.69,25.91,43.69,8.74,34.95,25.91,9.04
O0002632,CUST00049,2025-06-21,P0010,1,0.15,UPI,Grocery,158.28,88.17,158.28,23.74,134.54,88.17,46.37
O0003364,CUST00584,2025-06-21,P0043,1,0.0,Card,Electronics,364.08,156.96,364.08,0.0,364.08,156.96,207.12
O0004820,CUST00112,2025-06-22,P0012,3,0.15,Wallet,Electronics,216.75,132.72,650.25,97.54,552.71,398.16,154.55
O0000362,CUST00126,2025-06-22,P0040,1,0.05,UPI,Grocery,83.65,51.18,83.65,4.18,79.47,51.18,28.29
O0001471,CUST00174,2025-06-22,P0045,1,0.0,Net Banking,Grocery,121.81,53.8,121.81,0.0,121.81,53.8,68.01
O0000894,CUST00275,2025-06-22,P0006,1,0.2,UPI,Beauty,192.36,150.65,192.36,38.47,153.89,150.65,3.24
O0003700,CUST00025,2025-06-22,P0040,4,0.2,Card,Grocery,83.65,51.18,334.6,66.92,267.68,204.72,62.96
O0001645,CUST00208,2025-06-23,P0022,1,0.0,Card,Electronics,326.52,146.8,326.52,0.0,326.52,146.8,179.72
O0000316,CUST00564,2025-06-23,P0036,3,0.05,COD,Home,308.75,157.97,926.25,46.31,879.94,473.91,406.03
O0004405,CUST00560,2025-06-23,P0045,1,0.05,UPI,Grocery,121.81,53.8,121.81,6.09,115.72,53.8,61.92
O0005059,CUST00091,2025-06-23,P0007,2,0.05,Card,Grocery,177.14,118.71,354.28,17.71,336.57,237.42,99.15
O0003696,CUST00300,2025-06-23,P0030,2,0.1,UPI,Grocery,239.09,117.72,478.18,47.82,430.36,235.44,194.92
O0003840,CUST00268,2025-06-23,P0013,3,0.05,Net Banking,Grocery,268.38,121.9,805.14,40.26,764.88,365.7,399.18
O0002705,CUST00177,2025-06-23,P0034,2,0.1,Wallet,Electronics,186.26,105.01,372.52,37.25,335.27,210.02,125.25
O0000345,CUST00569,2025-06-23,P0024,2,0.0,Card,Grocery,220.04,119.95,440.08,0.0,440.08,239.9,200.18
O0000851,CUST00439,2025-06-23,P0035,1,0.0,COD,Home,139.63,80.04,139.63,0.0,139.63,80.04,59.59
O0001613,CUST00457,2025-06-23,P0001,2,0.0,Card,Fashion,114.26,54.48,228.52,0.0,228.52,108.96,119.56
O0001967,CUST00600,2025-06-23,P0003,2,0.0,COD,Home,236.77,123.51,473.54,0.0,473.54,247.02,226.52
O0001425,CUST00598,2025-06-23,P0019,1,0.0,Net Banking,Electronics,148.06,96.56,148.06,0.0,148.06,96.56,51.5
O0003999,CUST00007,2025-06-24,P0040,2,0.15,Card,Grocery,83.65,51.18,167.3,25.1,142.2,102.36,39.84
O0002489,CUST00465,2025-06-24,P0016,2,0.05,COD,Fashion,101.27,44.23,202.54,10.13,192.41,88.46,103.95
O0001888,CUST00598,2025-06-24,P0034,1,0.1,UPI,Electronics,186.26,105.01,186.26,18.63,167.63,105.01,62.62
O0002578,CUST00066,2025-06-24,P0005,1,0.0,Card,Electronics,273.97,126.69,273.97,0.0,273.97,126.69,147.28
O0005031,CUST00249,2025-06-25,P0024,1,0.1,Card,Grocery,220.04,119.95,220.04,22.0,198.04,119.95,78.09
O0002887,CUST00277,2025-06-25,P0042,4,0.2,Card,Fashion,92.99,66.18,371.96,74.39,297.57,264.72,32.85
O0002036,CUST00619,2025-06-25,P0007,1,0.0,COD,Grocery,177.14,118.71,177.14,0.0,177.14,118.71,58.43
O0001396,CUST00133,2025-06-25,P0001,1,0.1,UPI,Fashion,114.26,54.48,114.26,11.43,102.83,54.48,48.35
O0002494,CUST00406,2025-06-26,P0033,4,0.2,Card,Fashion,112.86,61.51,451.44,90.29,361.15,246.04,115.11
O0000777,CUST00480,2025-06-26,P0031,2,0.15,COD,Electronics,287.51,147.51,575.02,86.25,488.77,295.02,193.75
O0003954,CUST00314,2025-06-26,P0025,2,0.05,Wallet,Fashion,234.0,111.05,468.0,23.4,444.6,222.1,222.5
O0000323,CUST00562,2025-06-26,P0017,1,0.0,Card,Home,110.28,84.44,110.28,0.0,110.28,84.44,25.84
O0000344,CUST00358,2025-06-26,P0005,1,0.15,Wallet,Electronics,273.97,126.69,273.97,41.1,232.87,126.69,106.18
O0003566,CUST00048,2025-06-27,P0019,1,0.0,UPI,Electronics,148.06,96.56,148.06,0.0,148.06,96.56,51.5
O0000521,CUST00037,2025-06-27,P0002,3,0.0,Wallet,Electronics,165.42,102.08,496.26,0.0,496.26,306.24,190.02
O0001666,CUST00208,2025-06-27,P0038,2,0.1,UPI,Fashion,157.39,70.68,314.78,31.48,283.3,141.36,141.94
O0003800,CUST00543,2025-06-27,P0036,1,0.1,Card,Home,308.75,157.97,308.75,30.88,277.87,157.97,119.9
O0004880,CUST00389,2025-06-27,P0040,1,0.15,COD,Grocery,83.65,51.18,83.65,12.55,71.1,51.18,19.92
O0003751,CUST00595,2025-06-27,P0045,1,0.1,Card,Grocery,121.81,53.8,121.81,12.18,109.63,53.8,55.83
O0004804,CUST00277,2025-06-27,P0036,1,0.2,Card,Home,308.75,157.97,308.75,61.75,247.0,157.97,89.03
O0003160,CUST00290,2025-06-27,P0004,1,0.1,Card,Home,54.29,27.5,54.29,5.43,48.86,27.5,21.36
O0001678,CUST00067,2025-06-27,P0033,2,0.1,Card,Fashion,112.86,61.51,225.72,22.57,203.15,123.02,80.13
O0000713,CUST00198,2025-06-27,P0044,4,0.1,COD,Home,319.2,142.3,1276.8,127.68,1149.12,569.2,579.92
O0001559,CUST00497,2025-06-27,P0017,2,0.2,Card,Home,110.28,84.44,220.56,44.11,176.45,168.88,7.57
O0002790,CUST00517,2025-06-27,P0009,2,0.1,Wallet,Fashion,264.14,141.26,528.28,52.83,475.45,282.52,192.93
O0002395,CUST00019,2025-06-27,P0009,3,0.1,UPI,Fashion,264.14,141.26,792.42,79.24,713.18,423.78,289.4
O0000834,CUST00201,2025-06-27,P0020,1,0.0,UPI,Home,149.95,68.06,149.95,0.0,149.95,68.06,81.89
O0004895,CUST00367,2025-06-28,P0020,2,0.0,Card,Home,149.95,68.06,299.9,0.0,299.9,136.12,163.78
O0003695,CUST00384,2025-06-28,P0024,2,0.1,Card,Grocery,220.04,119.95,440.08,44.01,396.07,239.9,156.17
O0000340,CUST00404,2025-06-28,P0006,4,0.1,UPI,Beauty,192.36,150.65,769.44,76.94,692.5,602.6,89.9
O0001651,CUST00285,2025-06-28,P0038,3,0.05,COD,Fashion,157.39,70.68,472.17,23.61,448.56,212.04,236.52
O0003398,CUST00295,2025-06-28,P0009,4,0.15,COD,Fashion,264.14,141.26,1056.56,158.48,898.08,565.04,333.04
O0004175,CUST00131,2025-06-28,P0043,1,0.05,UPI,Electronics,364.08,156.96,364.08,18.2,345.88,156.96,188.92
O0000462,CUST00532,2025-06-28,P0030,1,0.0,Net Banking,Grocery,239.09,117.72,239.09,0.0,239.09,117.72,121.37
O0002735,CUST00082,2025-06-28,P0027,1,0.0,UPI,Electronics,55.13,36.66,55.13,0.0,55.13,36.66,18.47
O0003617,CUST00392,2025-06-28,P0027,2,0.0,UPI,Electronics,55.13,36.66,110.26,0.0,110.26,73.32,36.94
O0001620,CUST00155,2025-06-28,P0029,2,0.2,UPI,Home,354.92,154.02,709.84,141.97,567.87,308.04,259.83
O0001086,CUST00214,2025-06-29,P0026,1,0.0,Card,Electronics,133.04,87.51,133.04,0.0,133.04,87.51,45.53
O0001897,CUST00352,2025-06-29,P0045,2,0.05,COD,Grocery,121.81,53.8,243.62,12.18,231.44,107.6,123.84
O0004203,CUST00255,2025-06-29,P0042,2,0.05,COD,Fashion,92.99,66.18,185.98,9.3,176.68,132.36,44.32
O0001073,CUST00530,2025-06-29,P0008,2,0.15,Net Banking,Fashion,152.63,75.07,305.26,45.79,259.47,150.14,109.33
O0001090,CUST00288,2025-06-29,P0003,1,0.0,COD,Home,236.77,123.51,236.77,0.0,236.77,123.51,113.26
O0002216,CUST00632,2025-06-30,P0040,1,0.0,UPI,Grocery,83.65,51.18,83.65,0.0,83.65,51.18,32.47
O0002495,CUST00569,2025-06-30,P0028,1,0.1,COD,Electronics,164.95,128.88,164.95,16.5,148.45,128.88,19.57
O0001403,CUST00057,2025-06-30,P0012,4,0.05,Net Banking,Electronics,216.75,132.72,867.0,43.35,823.65,530.88,292.77
O0001218,CUST00260,2025-06-30,P0044,1,0.1,Card,Home,319.2,142.3,319.2,31.92,287.28,142.3,144.98
O0000304,CUST00306,2025-06-30,P0004,1,0.15,UPI,Home,54.29,27.5,54.29,8.14,46.15,27.5,18.65
O0002017,CUST00449,2025-06-30,P0025,2,0.05,UPI,Fashion,234.0,111.05,468.0,23.4,444.6,222.1,222.5
O0003020,CUST00524,2025-06-30,P0009,1,0.0,UPI,Fashion,264.14,141.26,264.14,0.0,264.14,141.26,122.88
O0002509,CUST00013,2025-06-30,P0032,3,0.0,Card,Electronics,325.98,157.6,977.94,0.0,977.94,472.8,505.14
O0001100,CUST00280,2025-06-30,P0004,1,0.2,Net Banking,Home,54.29,27.5,54.29,10.86,43.43,27.5,15.93
O0002760,CUST00187,2025-07-01,P0043,1,0.0,UPI,Electronics,364.08,156.96,364.08,0.0,364.08,156.96,207.12
O0001523,CUST00517,2025-07-01,P0040,4,0.05,Card,Grocery,83.65,51.18,334.6,16.73,317.87,204.72,113.15
O0004290,CUST00172,2025-07-01,P0025,1,0.1,Net Banking,Fashion,234.0,111.05,234.0,23.4,210.6,111.05,99.55
O0003139,CUST00352,2025-07-01,P0021,1,0.0,Card,Beauty,264.24,127.61,264.24,0.0,264.24,127.61,136.63
O0004602,CUST00165,2025-07-01,P0044,4,0.0,Wallet,Home,319.2,142.3,1276.8,0.0,1276.8,569.2,707.6
O0003107,CUST00067,2025-07-01,P0040,1,0.0,Card,Grocery,83.65,51.18,83.65,0.0,83.65,51.18,32.47
O0001032,CUST00312,2025-07-02,P0002,4,0.15,UPI,Electronics,165.42,102.08,661.68,99.25,562.43,408.32,154.11
O0002947,CUST00252,2025-07-02,P0020,2,0.0,UPI,Home,149.95,68.06,299.9,0.0,299.9,136.12,163.78
O0000694,CUST00263,2025-07-02,P0039,4,0.2,Card,Electronics,302.32,141.08,1209.28,241.86,967.42,564.32,403.1
O0002449,CUST00403,2025-07-02,P0012,1,0.0,Net Banking,Electronics,216.75,132.72,216.75,0.0,216.75,132.72,84.03
O0003439,CUST00106,2025-07-02,P0011,2,0.0,UPI,Electronics,158.87,121.21,317.74,0.0,317.74,242.42,75.32
O0003310,CUST00198,2025-07-02,P0033,4,0.1,COD,Fashion,112.86,61.51,451.44,45.14,406.3,246.04,160.26
O0002427,CUST00595,2025-07-03,P0022,1,0.1,Card,Electronics,326.52,146.8,326.52,32.65,293.87,146.8,147.07
O0000721,CUST00277,2025-07-03,P0024,2,0.2,Wallet,Grocery,220.04,119.95,440.08,88.02,352.06,239.9,112.16
O0000794,CUST00613,2025-07-03,P0044,2,0.1,Wallet,Home,319.2,142.3,638.4,63.84,574.56,284.6,289.96
O0002953,CUST00096,2025-07-03,P0019,2,0.1,Net Banking,Electronics,148.06,96.56,296.12,29.61,266.51,193.12,73.39
O0000893,CUST00150,2025-07-03,P0042,4,0.0,Card,Fashion,92.99,66.18,371.96,0.0,371.96,264.72,107.24
O0003029,CUST00450,2025-07-03,P0045,1,0.1,UPI,Grocery,121.81,53.8,121.81,12.18,109.63,53.8,55.83
O0003830,CUST00536,2025-07-04,P0038,1,0.1,Card,Fashion,157.39,70.68,157.39,15.74,141.65,70.68,70.97
O0002122,CUST00201,2025-07-04,P0024,2,0.15,Card,Grocery,220.04,119.95,440.08,66.01,374.07,239.9,134.17
O0001616,CUST00207,2025-07-04,P0029,1,0.0,COD,Home,354.92,154.02,354.92,0.0,354.92,154.02,200.9
O0000719,CUST00410,2025-07-04,P0006,2,0.1,Card,Beauty,192.36,150.65,384.72,38.47,346.25,301.3,44.95
O0002202,CUST00175,2025-07-04,P0045,3,0.2,Card,Grocery,121.81,53.8,365.43,73.09,292.34,161.4,130.94
O0004067,CUST00543,2025-07-04,P0038,2,0.1,Card,Fashion,157.39,70.68,314.78,31.48,283.3,141.36,141.94
O0001624,CUST00300,2025-07-04,P0035,1,0.1,COD,Home,139.63,80.04,139.63,13.96,125.67,80.04,45.63
O0004258,CUST00011,2025-07-05,P0034,1,0.05,COD,Electronics,186.26,105.01,186.26,9.31,176.95,105.01,71.94
O0002660,CUST00573,2025-07-05,P0015,2,0.0,UPI,Fashion,43.69,25.91,87.38,0.0,87.38,51.82,35.56
O0003217,CUST00111,2025-07-05,P0005,2,0.05,Wallet,Electronics,273.97,126.69,547.94,27.4,520.54,253.38,267.16
O0004594,CUST00041,2025-07-06,P0010,2,0.0,UPI,Grocery,158.28,88.17,316.56,0.0,316.56,176.34,140.22
O0005154,CUST00159,2025-07-06,P0044,2,0.1,COD,Home,319.2,142.3,638.4,63.84,574.56,284.6,289.96
O0000185,CUST00253,2025-07-06,P0028,1,0.0,COD,Electronics,164.95,128.88,164.95,0.0,164.95,128.88,36.07
O0001790,CUST00263,2025-07-06,P0028,1,0.15,Card,Electronics,164.95,128.88,164.95,24.74,140.21,128.88,11.33
O0000042,CUST00212,2025-07-06,P0035,3,0.1,Card,Home,139.63,80.04,418.89,41.89,377.0,240.12,136.88
O0002809,CUST00262,2025-07-06,P0002,2,0.05,UPI,Electronics,165.42,102.08,330.84,16.54,314.3,204.16,110.14
O0002059,CUST00414,2025-07-06,P0024,3,0.1,UPI,Grocery,220.04,119.95,660.12,66.01,594.11,359.85,234.26
O0004069,CUST00640,2025-07-06,P0043,2,0.0,Net Banking,Electronics,364.08,156.96,728.16,0.0,728.16,313.92,414.24
O0003667,CUST00250,2025-07-06,P0026,1,0.05,Card,Electronics,133.04,87.51,133.04,6.65,126.39,87.51,38.88
O0003959,CUST00450,2025-07-06,P0006,2,0.0,COD,Beauty,192.36,150.65,384.72,0.0,384.72,301.3,83.42
O0005021,CUST00172,2025-07-07,P0043,2,0.15,COD,Electronics,364.08,156.96,728.16,109.22,618.94,313.92,305.02
O0004115,CUST00204,2025-07-07,P0030,3,0.1,Net Banking,Grocery,239.09,117.72,717.27,71.73,645.54,353.16,292.38
O0000891,CUST00464,2025-07-07,P0025,1,0.0,UPI,Fashion,234.0,111.05,234.0,0.0,234.0,111.05,122.95
O0003907,CUST00169,2025-07-08,P0024,1,0.0,UPI,Grocery,220.04,119.95,220.04,0.0,220.04,119.95,100.09
O0000479,CUST00063,2025-07-08,P0017,3,0.1,COD,Home,110.28,84.44,330.84,33.08,297.76,253.32,44.44
O0003363,CUST00494,2025-07-08,P0023,1,0.1,UPI,Fashion,67.68,45.5,67.68,6.77,60.91,45.5,15.41
O0004562,CUST00071,2025-07-08,P0032,1,0.1,COD,Electronics,325.98,157.6,325.98,32.6,293.38,157.6,135.78
O0002570,CUST00153,2025-07-08,P0022,2,0.05,UPI,Electronics,326.52,146.8,653.04,32.65,620.39,293.6,326.79
O0001867,CUST00276,2025-07-09,P0015,1,0.0,COD,Fashion,43.69,25.91,43.69,0.0,43.69,25.91,17.78
O0002111,CUST00379,2025-07-09,P0020,3,0.15,COD,Home,149.95,68.06,449.85,67.48,382.37,204.18,178.19
O0005042,CUST00286,2025-07-09,P0020,1,0.1,COD,Home,149.95,68.06,149.95,15.0,134.95,68.06,66.89
O0004450,CUST00610,2025-07-09,P0001,2,0.0,UPI,Fashion,114.26,54.48,228.52,0.0,228.52,108.96,119.56
O0001300,CUST00367,2025-07-09,P0010,1,0.1,Card,Grocery,158.28,88.17,158.28,15.83,142.45,88.17,54.28
O0001197,CUST00134,2025-07-09,P0038,1,0.05,Card,Fashion,157.39,70.68,157.39,7.87,149.52,70.68,78.84
O0004661,CUST00482,2025-07-09,P0041,1,0.05,Card,Grocery,240.98,127.74,240.98,12.05,228.93,127.74,101.19
O0004908,CUST00106,2025-07-09,P0044,4,0.1,UPI,Home,319.2,142.3,1276.8,127.68,1149.12,569.2,579.92
O0003733,CUST00263,2025-07-10,P0033,2,0.0,Card,Fashion,112.86,61.51,225.72,0.0,225.72,123.02,102.7
O0004970,CUST00199,2025-07-10,P0023,1,0.0,Card,Fashion,67.68,45.5,67.68,0.0,67.68,45.5,22.18
O0001733,CUST00175,2025-07-10,P0029,3,0.2,UPI,Home,354.92,154.02,1064.76,212.95,851.81,462.06,389.75
O0003710,CUST00289,2025-07-10,P0024,2,0.0,UPI,Grocery,220.04,119.95,440.08,0.0,440.08,239.9,200.18
O0000449,CUST00381,2025-07-10,P0010,3,0.1,UPI,Grocery,158.28,88.17,474.84,47.48,427.36,264.51,162.85
O0004016,CUST00379,2025-07-11,P0018,3,0.1,UPI,Beauty,175.93,84.8,527.79,52.78,475.01,254.4,220.61
O0002225,CUST00165,2025-07-11,P0032,1,0.05,Net Banking,Electronics,325.98,157.6,325.98,16.3,309.68,157.6,152.08
O0004648,CUST00640,2025-07-11,P0030,1,0.05,UPI,Grocery,239.09,117.72,239.09,11.95,227.14,117.72,109.42
O0000116,CUST00390,2025-07-11,P0039,3,0.0,Wallet,Electronics,302.32,141.08,906.96,0.0,906.96,423.24,483.72
O0003449,CUST00594,2025-07-11,P0021,2,0.0,Card,Beauty,264.24,127.61,528.48,0.0,528.48,255.22,273.26
O0001976,CUST00331,2025-07-11,P0012,3,0.0,UPI,Electronics,216.75,132.72,650.25,0.0,650.25,398.16,252.09
O0000128,CUST00482,2025-07-11,P0044,1,0.15,Card,Home,319.2,142.3,319.2,47.88,271.32,142.3,129.02
O0000716,CUST00357,2025-07-11,P0005,3,0.05,COD,Electronics,273.97,126.69,821.91,41.1,780.81,380.07,400.74
O0000987,CUST00276,2025-07-11,P0015,2,0.0,COD,Fashion,43.69,25.91,87.38,0.0,87.38,51.82,35.56
O0003977,CUST00390,2025-07-12,P0030,3,0.15,Card,Grocery,239.09,117.72,717.27,107.59,609.68,353.16,256.52
O0004165,CUST00215,2025-07-12,P0004,2,0.1,COD,Home,54.29,27.5,108.58,10.86,97.72,55.0,42.72
O0001984,CUST00643,2025-07-12,P0024,1,0.1,UPI,Grocery,220.04,119.95,220.04,22.0,198.04,119.95,78.09
O0001839,CUST00218,2025-07-12,P0017,1,0.1,COD,Home,110.28,84.44,110.28,11.03,99.25,84.44,14.81
O0001134,CUST00358,2025-07-12,P0039,3,0.1,Card,Electronics,302.32,141.08,906.96,90.7,816.26,423.24,393.02
O0003539,CUST00557,2025-07-12,P0032,1,0.0,Card,Electronics,325.98,157.6,325.98,0.0,325.98,157.6,168.38
O0003889,CUST00535,2025-07-12,P0006,2,0.1,COD,Beauty,192.36,150.65,384.72,38.47,346.25,301.3,44.95
O0001713,CUST00650,2025-07-13,P0004,1,0.05,UPI,Home,54.29,27.5,54.29,2.71,51.58,27.5,24.08
O0004682,CUST00559,2025-07-13,P0015,1,0.0,Wallet,Fashion,43.69,25.91,43.69,0.0,43.69,25.91,17.78
O0003931,CUST00384,2025-07-13,P0010,2,0.1,COD,Grocery,158.28,88.17,316.56,31.66,284.9,176.34,108.56
O0004943,CUST00486,2025-07-13,P0009,1,0.1,UPI,Fashion,264.14,141.26,264.14,26.41,237.73,141.26,96.47
O0001715,CUST00212,2025-07-13,P0022,1,0.05,Card,Electronics,326.52,146.8,326.52,16.33,310.19,146.8,163.39
O0005001,CUST00386,2025-07-13,P0016,3,0.15,Net Banking,Fashion,101.27,44.23,303.81,45.57,258.24,132.69,125.55
O0003124,CUST00167,2025-07-14,P0039,3,0.1,Net Banking,Electronics,302.32,141.08,906.96,90.7,816.26,423.24,393.02
O0005012,CUST00413,2025-07-14,P0012,2,0.05,Card,Electronics,216.75,132.72,433.5,21.68,411.82,265.44,146.38
O0002537,CUST00458,2025-07-14,P0017,1,0.05,Card,Home,110.28,84.44,110.28,5.51,104.77,84.44,20.33
O0004466,CUST00243,2025-07-14,P0041,1,0.1,COD,Grocery,240.98,127.74,240.98,24.1,216.88,127.74,89.14
O0002243,CUST00256,2025-07-14,P0007,4,0.0,COD,Grocery,177.14,118.71,708.56,0.0,708.56,474.84,233.72
O0004192,CUST00595,2025-07-14,P0025,2,0.2,UPI,Fashion,234.0,111.05,468.0,93.6,374.4,222.1,152.3
O0000943,CUST00340,2025-07-14,P0020,3,0.1,Net Banking,Home,149.95,68.06,449.85,44.99,404.86,204.18,200.68
O0005025,CUST00634,2025-07-14,P0002,1,0.0,COD,Electronics,165.42,102.08,165.42,0.0,165.42,102.08,63.34
O0002866,CUST00518,2025-07-14,P0027,2,0.1,UPI,Electronics,55.13,36.66,110.26,11.03,99.23,73.32,25.91
O0004356,CUST00275,2025-07-15,P0041,2,0.05,UPI,Grocery,240.98,127.74,481.96,24.1,457.86,255.48,202.38
O0003650,CUST00013,2025-07-15,P0030,1,0.2,COD,Grocery,239.09,117.72,239.09,47.82,191.27,117.72,73.55
O0000221,CUST00091,2025-07-15,P0023,3,0.1,Card,Fashion,67.68,45.5,203.04,20.3,182.74,136.5,46.24
O0001185,CUST00370,2025-07-15,P0034,3,0.0,Card,Electronics,186.26,105.01,558.78,0.0,558.78,315.03,243.75
O0003459,CUST00201,2025-07-15,P0004,2,0.15,Net Banking,Home,54.29,27.5,108.58,16.29,92.29,55.0,37.29
O0003023,CUST00642,2025-07-15,P0040,1,0.05,COD,Grocery,83.65,51.18,83.65,4.18,79.47,51.18,28.29
O0003450,CUST00423,2025-07-16,P0033,1,0.1,UPI,Fashion,112.86,61.51,112.86,11.29,101.57,61.51,40.06
O0004413,CUST00300,2025-07-16,P0031,2,0.0,Net Banking,Electronics,287.51,147.51,575.02,0.0,575.02,295.02,280.0
O0003509,CUST00256,2025-07-16,P0027,2,0.0,UPI,Electronics,55.13,36.66,110.26,0.0,110.26,73.32,36.94
O0001161,CUST00023,2025-07-16,P0014,2,0.1,UPI,Electronics,66.45,51.75,132.9,13.29,119.61,103.5,16.11
O0004246,CUST00214,2025-07-16,P0018,1,0.1,UPI,Beauty,175.93,84.8,175.93,17.59,158.34,84.8,73.54
O0000621,CUST00518,2025-07-16,P0036,2,0.05,Card,Home,308.75,157.97,617.5,30.88,586.62,315.94,270.68
O0001986,CUST00106,2025-07-16,P0015,4,0.2,COD,Fashion,43.69,25.91,174.76,34.95,139.81,103.64,36.17
O0002116,CUST00567,2025-07-17,P0015,1,0.15,UPI,Fashion,43.69,25.91,43.69,6.55,37.14,25.91,11.23
O0003928,CUST00205,2025-07-17,P0031,1,0.1,UPI,Electronics,287.51,147.51,287.51,28.75,258.76,147.51,111.25
O0005095,CUST00130,2025-07-17,P0044,1,0.2,Wallet,Home,319.2,142.3,319.2,63.84,255.36,142.3,113.06
O0004933,CUST00400,2025-07-18,P0002,1,0.0,COD,Electronics,165.42,102.08,165.42,0.0,165.42,102.08,63.34
O0000438,CUST00400,2025-07-18,P0028,2,0.05,Card,Electronics,164.95,128.88,329.9,16.5,313.4,257.76,55.64
O0000216,CUST00629,2025-07-18,P0015,1,0.05,UPI,Fashion,43.69,25.91,43.69,2.18,41.51,25.91,15.6
O0004334,CUST00400,2025-07-18,P0034,2,0.0,Wallet,Electronics,186.26,105.01,372.52,0.0,372.52,210.02,162.5
O0004736,CUST00282,2025-07-18,P0008,1,0.05,Wallet,Fashion,152.63,75.07,152.63,7.63,145.0,75.07,69.93
O0001604,CUST00230,2025-07-18,P0017,4,0.0,Wallet,Home,110.28,84.44,441.12,0.0,441.12,337.76,103.36
O0005191,CUST00507,2025-07-18,P0017,2,0.0,Wallet,Home,110.28,84.44,220.56,0.0,220.56,168.88,51.68
O0002163,CUST00210,2025-07-18,P0044,1,0.05,COD,Home,319.2,142.3,319.2,15.96,303.24,142.3,160.94
O0002424,CUST00366,2025-07-18,P0007,2,0.2,COD,Grocery,177.14,118.71,354.28,70.86,283.42,237.42,46.0
O0002055,CUST00596,2025-07-18,P0022,4,0.0,UPI,Electronics,326.52,146.8,1306.08,0.0,1306.08,587.2,718.88
O0004400,CUST00588,2025-07-18,P0023,1,0.0,COD,Fashion,67.68,45.5,67.68,0.0,67.68,45.5,22.18
O0003022,CUST00321,2025-07-18,P0020,3,0.1,COD,Home,149.95,68.06,449.85,44.99,404.86,204.18,200.68
O0004799,CUST00586,2025-07-19,P0037,1,0.1,UPI,Fashion,32.76,22.26,32.76,3.28,29.48,22.26,7.22
O0000994,CUST00619,2025-07-19,P0004,2,0.1,UPI,Home,54.29,27.5,108.58,10.86,97.72,55.0,42.72
O0000137,CUST00407,2025-07-19,P0026,1,0.2,UPI,Electronics,133.04,87.51,133.04,26.61,106.43,87.51,18.92
O0004985,CUST00378,2025-07-19,P0039,2,0.05,Card,Electronics,302.32,141.08,604.64,30.23,574.41,282.16,292.25
O0001669,CUST00224,2025-07-19,P0039,1,0.05,Wallet,Electronics,302.32,141.08,302.32,15.12,287.2,141.08,146.12
O0004256,CUST00481,2025-07-19,P0017,2,0.1,Card,Home,110.28,84.44,220.56,22.06,198.5,168.88,29.62
O0001875,CUST00288,2025-07-19,P0016,4,0.0,Wallet,Fashion,101.27,44.23,405.08,0.0,405.08,176.92,228.16
O0001702,CUST00274,2025-07-19,P0009,1,0.0,Card,Fashion,264.14,141.26,264.14,0.0,264.14,141.26,122.88
O0004928,CUST00470,2025-07-20,P0036,4,0.1,UPI,Home,308.75,157.97,1235.0,123.5,1111.5,631.88,479.62
O0000884,CUST00624,2025-07-20,P0037,1,0.2,Card,Fashion,32.76,22.26,32.76,6.55,26.21,22.26,3.95
O0000604,CUST00065,2025-07-20,P0019,3,0.1,Card,Electronics,148.06,96.56,444.18,44.42,399.76,289.68,110.08
O0001884,CUST00137,2025-07-20,P0045,1,0.1,COD,Grocery,121.81,53.8,121.81,12.18,109.63,53.8,55.83
O0004408,CUST00379,2025-07-20,P0021,1,0.1,COD,Beauty,264.24,127.61,264.24,26.42,237.82,127.61,110.21
O0001948,CUST00377,2025-07-20,P0039,1,0.05,Card,Electronics,302.32,141.08,302.32,15.12,287.2,141.08,146.12
O0003998,CUST00260,2025-07-20,P0004,1,0.05,UPI,Home,54.29,27.5,54.29,2.71,51.58,27.5,24.08
O0001657,CUST00493,2025-07-20,P0015,1,0.0,UPI,Fashion,43.69,25.91,43.69,0.0,43.69,25.91,17.78
O0004322,CUST00439,2025-07-20,P0010,4,0.0,COD,Grocery,158.28,88.17,633.12,0.0,633.12,352.68,280.44
O0004636,CUST00472,2025-07-20,P0001,3,0.0,COD,Fashion,114.26,54.48,342.78,0.0,342.78,163.44,179.34
O0001754,CUST00508,2025-07-21,P0041,2,0.05,COD,Grocery,240.98,127.74,481.96,24.1,457.86,255.48,202.38
O0000250,CUST00067,2025-07-21,P0005,1,0.0,Card,Electronics,273.97,126.69,273.97,0.0,273.97,126.69,147.28
O0000612,CUST00255,2025-07-21,P0023,2,0.1,Card,Fashion,67.68,45.5,135.36,13.54,121.82,91.0,30.82
O0004704,CUST00207,2025-07-21,P0003,1,0.05,UPI,Home,236.77,123.51,236.77,11.84,224.93,123.51,101.42
O0004486,CUST00432,2025-07-21,P0024,3,0.05,Net Banking,Grocery,220.04,119.95,660.12,33.01,627.11,359.85,267.26
O0002077,CUST00531,2025-07-21,P0021,1,0.0,COD,Beauty,264.24,127.61,264.24,0.0,264.24,127.61,136.63
O0004743,CUST00291,2025-07-21,P0010,2,0.05,Card,Grocery,158.28,88.17,316.56,15.83,300.73,176.34,124.39
O0003765,CUST00347,2025-07-21,P0009,4,0.1,Card,Fashion,264.14,141.26,1056.56,105.66,950.9,565.04,385.86
O0000600,CUST00473,2025-07-21,P0007,1,0.1,UPI,Grocery,177.14,118.71,177.14,17.71,159.43,118.71,40.72
O0002796,CUST00367,2025-07-21,P0009,1,0.0,Card,Fashion,264.14,141.26,264.14,0.0,264.14,141.26,122.88
O0001621,CUST00337,2025-07-21,P0029,1,0.05,COD,Home,354.92,154.02,354.92,17.75,337.17,154.02,183.15
O0003169,CUST00421,2025-07-21,P0023,4,0.05,Net Banking,Fashion,67.68,45.5,270.72,13.54,257.18,182.0,75.18
O0001024,CUST00168,2025-07-21,P0011,2,0.15,Card,Electronics,158.87,121.21,317.74,47.66,270.08,242.42,27.66
O0004574,CUST00564,2025-07-21,P0016,4,0.05,Card,Fashion,101.27,44.23,405.08,20.25,384.83,176.92,207.91
O0000744,CUST00175,2025-07-22,P0020,4,0.0,Card,Home,149.95,68.06,599.8,0.0,599.8,272.24,327.56
O0002239,CUST00328,2025-07-22,P0029,1,0.05,COD,Home,354.92,154.02,354.92,17.75,337.17,154.02,183.15
O0000271,CUST00505,2025-07-22,P0031,1,0.0,UPI,Electronics,287.51,147.51,287.51,0.0,287.51,147.51,140.0
O0000936,CUST00516,2025-07-22,P0013,3,0.0,Net Banking,Grocery,268.38,121.9,805.14,0.0,805.14,365.7,439.44
O0001207,CUST00330,2025-07-22,P0012,1,0.15,COD,Electronics,216.75,132.72,216.75,32.51,184.24,132.72,51.52
O0003647,CUST00029,2025-07-23,P0012,2,0.15,Card,Electronics,216.75,132.72,433.5,65.02,368.48,265.44,103.04
O0003973,CUST00400,2025-07-23,P0008,2,0.2,COD,Fashion,152.63,75.07,305.26,61.05,244.21,150.14,94.07
O0004158,CUST00275,2025-07-23,P0011,2,0.0,UPI,Electronics,158.87,121.21,317.74,0.0,317.74,242.42,75.32
O0000741,CUST00371,2025-07-23,P0007,2,0.0,Wallet,Grocery,177.14,118.71,354.28,0.0,354.28,237.42,116.86
O0005006,CUST00355,2025-07-23,P0043,1,0.1,Card,Electronics,364.08,156.96,364.08,36.41,327.67,156.96,170.71
O0001959,CUST00349,2025-07-23,P0026,3,0.0,Card,Electronics,133.04,87.51,399.12,0.0,399.12,262.53,136.59
O0002881,CUST00386,2025-07-23,P0040,1,0.0,COD,Grocery,83.65,51.18,83.65,0.0,83.65,51.18,32.47
O0005037,CUST00402,2025-07-23,P0029,2,0.0,Wallet,Home,354.92,154.02,709.84,0.0,709.84,308.04,401.8
O0004237,CUST00398,2025-07-24,P0021,2,0.2,Net Banking,Beauty,264.24,127.61,528.48,105.7,422.78,255.22,167.56
O0001017,CUST00556,2025-07-24,P0035,1,0.0,UPI,Home,139.63,80.04,139.63,0.0,139.63,80.04,59.59
O0000856,CUST00422,2025-07-24,P0028,1,0.1,COD,Electronics,164.95,128.88,164.95,16.5,148.45,128.88,19.57
O0000620,CUST00429,2025-07-24,P0044,4,0.1,Card,Home,319.2,142.3,1276.8,127.68,1149.12,569.2,579.92
O0002098,CUST00268,2025-07-24,P0028,1,0.0,UPI,Electronics,164.95,128.88,164.95,0.0,164.95,128.88,36.07
O0004060,CUST00261,2025-07-24,P0027,1,0.05,UPI,Electronics,55.13,36.66,55.13,2.76,52.37,36.66,15.71
O0003716,CUST00049,2025-07-24,P0013,1,0.15,Card,Grocery,268.38,121.9,268.38,40.26,228.12,121.9,106.22
O0004266,CUST00479,2025-07-24,P0006,1,0.05,UPI,Beauty,192.36,150.65,192.36,9.62,182.74,150.65,32.09
O0001704,CUST00122,2025-07-24,P0012,1,0.05,Card,Electronics,216.75,132.72,216.75,10.84,205.91,132.72,73.19
O0004809,CUST00165,2025-07-24,P0016,4,0.1,UPI,Fashion,101.27,44.23,405.08,40.51,364.57,176.92,187.65
O0004649,CUST00168,2025-07-25,P0022,2,0.0,Card,Electronics,326.52,146.8,653.04,0.0,653.04,293.6,359.44
O0004463,CUST00265,2025-07-25,P0001,2,0.05,Card,Fashion,114.26,54.48,228.52,11.43,217.09,108.96,108.13
O0001857,CUST00361,2025-07-25,P0021,3,0.15,Card,Beauty,264.24,127.61,792.72,118.91,673.81,382.83,290.98
O0001075,CUST00122,2025-07-25,P0044,1,0.15,Card,Home,319.2,142.3,319.2,47.88,271.32,142.3,129.02
O0004270,CUST00423,2025-07-25,P0005,1,0.0,Net Banking,Electronics,273.97,126.69,273.97,0.0,273.97,126.69,147.28
O0000627,CUST00147,2025-07-26,P0014,2,0.1,UPI,Electronics,66.45,51.75,132.9,13.29,119.61,103.5,16.11
O0004102,CUST00405,2025-07-26,P0022,2,0.0,UPI,Electronics,326.52,146.8,653.04,0.0,653.04,293.6,359.44
O0001028,CUST00497,2025-07-26,P0005,2,0.0,Card,Electronics,273.97,126.69,547.94,0.0,547.94,253.38,294.56
O0003811,CUST00044,2025-07-26,P0014,1,0.1,Net Banking,Electronics,66.45,51.75,66.45,6.64,59.81,51.75,8.06
O0003549,CUST00275,2025-07-26,P0008,3,0.1,COD,Fashion,152.63,75.07,457.89,45.79,412.1,225.21,186.89
O0001052,CUST00379,2025-07-26,P0022,4,0.2,Net Banking,Electronics,326.52,146.8,1306.08,261.22,1044.86,587.2,457.66
O0000118,CUST00343,2025-07-26,P0041,1,0.05,UPI,Grocery,240.98,127.74,240.98,12.05,228.93,127.74,101.19
O0001684,CUST00352,2025-07-26,P0003,1,0.15,Card,Home,236.77,123.51,236.77,35.52,201.25,123.51,77.74
O0002044,CUST00081,2025-07-26,P0037,2,0.1,UPI,Fashion,32.76,22.26,65.52,6.55,58.97,44.52,14.45
O0002496,CUST00260,2025-07-26,P0003,2,0.0,Wallet,Home,236.77,123.51,473.54,0.0,473.54,247.02,226.52
O0000725,CUST00535,2025-07-27,P0045,4,0.0,UPI,Grocery,121.81,53.8,487.24,0.0,487.24,215.2,272.04
O0001136,CUST00200,2025-07-27,P0017,2,0.0,Card,Home,110.28,84.44,220.56,0.0,220.56,168.88,51.68
O0000724,CUST00119,2025-07-27,P0023,2,0.0,COD,Fashion,67.68,45.5,135.36,0.0,135.36,91.0,44.36
O0002982,CUST00007,2025-07-27,P0006,3,0.0,Wallet,Beauty,192.36,150.65,577.08,0.0,577.08,451.95,125.13
O0004532,CUST00265,2025-07-27,P0045,2,0.2,UPI,Grocery,121.81,53.8,243.62,48.72,194.9,107.6,87.3
O0005120,CUST00447,2025-07-27,P0034,4,0.05,COD,Electronics,186.26,105.01,745.04,37.25,707.79,420.04,287.75
O0000859,CUST00275,2025-07-27,P0019,1,0.1,Card,Electronics,148.06,96.56,148.06,14.81,133.25,96.56,36.69
O0003738,CUST00500,2025-07-27,P0025,1,0.0,UPI,Fashion,234.0,111.05,234.0,0.0,234.0,111.05,122.95
O0004839,CUST00189,2025-07-27,P0002,2,0.0,UPI,Electronics,165.42,102.08,330.84,0.0,330.84,204.16,126.68
O0003429,CUST00084,2025-07-28,P0042,4,0.1,Wallet,Fashion,92.99,66.18,371.96,37.2,334.76,264.72,70.04
O0000213,CUST00204,2025-07-28,P0029,1,0.05,Card,Home,354.92,154.02,354.92,17.75,337.17,154.02,183.15
O0003085,CUST00115,2025-07-28,P0011,1,0.1,UPI,Electronics,158.87,121.21,158.87,15.89,142.98,121.21,21.77
O0001965,CUST00383,2025-07-28,P0020,2,0.05,UPI,Home,149.95,68.06,299.9,15.0,284.9,136.12,148.78
O0003635,CUST00215,2025-07-28,P0040,1,0.2,UPI,Grocery,83.65,51.18,83.65,16.73,66.92,51.18,15.74
O0000672,CUST00183,2025-07-28,P0026,4,0.0,COD,Electronics,133.04,87.51,532.16,0.0,532.16,350.04,182.12
O0004253,CUST00600,2025-07-28,P0001,1,0.0,Net Banking,Fashion,114.26,54.48,114.26,0.0,114.26,54.48,59.78
O0005083,CUST00384,2025-07-28,P0003,3,0.0,COD,Home,236.77,123.51,710.31,0.0,710.31,370.53,339.78
O0004511,CUST00446,2025-07-28,P0034,3,0.0,Card,Electronics,186.26,105.01,558.78,0.0,558.78,315.03,243.75
O0001233,CUST00133,2025-07-28,P0035,2,0.1,UPI,Home,139.63,80.04,279.26,27.93,251.33,160.08,91.25
O0003132,CUST00255,2025-07-28,P0004,1,0.1,COD,Home,54.29,27.5,54.29,5.43,48.86,27.5,21.36
O0001703,CUST00261,2025-07-28,P0042,3,0.05,UPI,Fashion,92.99,66.18,278.97,13.95,265.02,198.54,66.48
O0001354,CUST00516,2025-07-28,P0026,1,0.1,UPI,Electronics,133.04,87.51,133.04,13.3,119.74,87.51,32.23
O0003062,CUST00557,2025-07-29,P0023,1,0.05,COD,Fashion,67.68,45.5,67.68,3.38,64.3,45.5,18.8
O0002508,CUST00288,2025-07-29,P0023,1,0.15,COD,Fashion,67.68,45.5,67.68,10.15,57.53,45.5,12.03
O0001848,CUST00418,2025-07-29,P0005,1,0.15,UPI,Electronics,273.97,126.69,273.97,41.1,232.87,126.69,106.18
O0001724,CUST00349,2025-07-29,P0029,1,0.05,UPI,Home,354.92,154.02,354.92,17.75,337.17,154.02,183.15
O0002867,CUST00648,2025-07-29,P0037,3,0.05,UPI,Fashion,32.76,22.26,98.28,4.91,93.37,66.78,26.59
O0001374,CUST00053,2025-07-29,P0018,1,0.05,COD,Beauty,175.93,84.8,175.93,8.8,167.13,84.8,82.33
O0000862,CUST00266,2025-07-29,P0017,4,0.0,Card,Home,110.28,84.44,441.12,0.0,441.12,337.76,103.36
O0001491,CUST00251,2025-07-29,P0025,3,0.05,Net Banking,Fashion,234.0,111.05,702.0,35.1,666.9,333.15,333.75
O0005110,CUST00277,2025-07-29,P0004,4,0.1,COD,Home,54.29,27.5,217.16,21.72,195.44,110.0,85.44
O0000752,CUST00115,2025-07-29,P0002,4,0.0,Net Banking,Electronics,165.42,102.08,661.68,0.0,661.68,408.32,253.36
O0003748,CUST00249,2025-07-30,P0032,1,0.0,COD,Electronics,325.98,157.6,325.98,0.0,325.98,157.6,168.38
O0001245,CUST00150,2025-07-30,P0035,1,0.1,UPI,Home,139.63,80.04,139.63,13.96,125.67,80.04,45.63
O0004730,CUST00410,2025-07-30,P0005,2,0.15,Card,Electronics,273.97,126.69,547.94,82.19,465.75,253.38,212.37
O0000100,CUST00340,2025-07-30,P0001,3,0.0,COD,Fashion,114.26,54.48,342.78,0.0,342.78,163.44,179.34
O0002664,CUST00266,2025-07-30,P0030,1,0.1,Card,Grocery,239.09,117.72,239.09,23.91,215.18,117.72,97.46
O0003577,CUST00594,2025-07-30,P0026,1,0.15,COD,Electronics,133.04,87.51,133.04,19.96,113.08,87.51,25.57
O0004152,CUST00210,2025-07-30,P0007,3,0.1,UPI,Grocery,177.14,118.71,531.42,53.14,478.28,356.13,122.15
O0002193,CUST00237,2025-07-31,P0038,1,0.0,UPI,Fashion,157.39,70.68,157.39,0.0,157.39,70.68,86.71
O0000356,CUST00331,2025-07-31,P0010,1,0.15,Wallet,Grocery,158.28,88.17,158.28,23.74,134.54,88.17,46.37
O0005063,CUST00265,2025-07-31,P0020,2,0.2,UPI,Home,149.95,68.06,299.9,59.98,239.92,136.12,103.8
O0004454,CUST00354,2025-07-31,P0012,4,0.0,Wallet,Electronics,216.75,132.72,867.0,0.0,867.0,530.88,336.12
O0003784,CUST00259,2025-07-31,P0007,1,0.1,Wallet,Grocery,177.14,118.71,177.14,17.71,159.43,118.71,40.72
O0003183,CUST00330,2025-07-31,P0018,2,0.1,UPI,Beauty,175.93,84.8,351.86,35.19,316.67,169.6,147.07
O0003777,CUST00418,2025-07-31,P0030,1,0.2,UPI,Grocery,239.09,117.72,239.09,47.82,191.27,117.72,73.55
O0000969,CUST00199,2025-07-31,P0031,4,0.2,COD,Electronics,287.51,147.51,1150.04,230.01,920.03,590.04,329.99
O0003205,CUST00571,2025-07-31,P0004,1,0.15,UPI,Home,54.29,27.5,54.29,8.14,46.15,27.5,18.65
O0003562,CUST00527,2025-07-31,P0014,1,0.0,COD,Electronics,66.45,51.75,66.45,0.0,66.45,51.75,14.7
O0001257,CUST00264,2025-08-01,P0036,1,0.0,Card,Home,308.75,157.97,308.75,0.0,308.75,157.97,150.78
O0000146,CUST00475,2025-08-01,P0012,2,0.0,Card,Electronics,216.75,132.72,433.5,0.0,433.5,265.44,168.06
O0003980,CUST00564,2025-08-01,P0027,3,0.0,Card,Electronics,55.13,36.66,165.39,0.0,165.39,109.98,55.41
O0001710,CUST00089,2025-08-01,P0010,2,0.15,Wallet,Grocery,158.28,88.17,316.56,47.48,269.08,176.34,92.74
O0002525,CUST00075,2025-08-01,P0005,1,0.1,UPI,Electronics,273.97,126.69,273.97,27.4,246.57,126.69,119.88
O0002738,CUST00201,2025-08-01,P0019,2,0.1,UPI,Electronics,148.06,96.56,296.12,29.61,266.51,193.12,73.39
O0000193,CUST00304,2025-08-01,P0019,1,0.0,COD,Electronics,148.06,96.56,148.06,0.0,148.06,96.56,51.5
O0004187,CUST00545,2025-08-01,P0001,1,0.0,Card,Fashion,114.26,54.48,114.26,0.0,114.26,54.48,59.78
O0000882,CUST00275,2025-08-01,P0023,1,0.05,UPI,Fashion,67.68,45.5,67.68,3.38,64.3,45.5,18.8
O0003282,CUST00355,2025-08-01,P0022,3,0.1,Card,Electronics,326.52,146.8,979.56,97.96,881.6,440.4,441.2
O0000745,CUST00569,2025-08-01,P0015,3,0.1,Wallet,Fashion,43.69,25.91,131.07,13.11,117.96,77.73,40.23
O0001473,CUST00324,2025-08-01,P0029,1,0.1,Card,Home,354.92,154.02,354.92,35.49,319.43,154.02,165.41
O0000636,CUST00383,2025-08-01,P0023,1,0.15,Net Banking,Fashion,67.68,45.5,67.68,10.15,57.53,45.5,12.03
O0001407,CUST00634,2025-08-02,P0043,4,0.0,UPI,Electronics,364.08,156.96,1456.32,0.0,1456.32,627.84,828.48
O0002908,CUST00074,2025-08-02,P0012,4,0.15,UPI,Electronics,216.75,132.72,867.0,130.05,736.95,530.88,206.07
O0000251,CUST00575,2025-08-02,P0040,2,0.0,COD,Grocery,83.65,51.18,167.3,0.0,167.3,102.36,64.94
O0003104,CUST00516,2025-08-02,P0030,1,0.05,Wallet,Grocery,239.09,117.72,239.09,11.95,227.14,117.72,109.42
O0000386,CUST00591,2025-08-02,P0036,1,0.0,UPI,Home,308.75,157.97,308.75,0.0,308.75,157.97,150.78
O0000200,CUST00011,2025-08-02,P0004,2,0.0,Card,Home,54.29,27.5,108.58,0.0,108.58,55.0,53.58
O0004590,CUST00487,2025-08-03,P0029,4,0.15,COD,Home,354.92,154.02,1419.68,212.95,1206.73,616.08,590.65
O0001677,CUST00106,2025-08-03,P0043,4,0.0,COD,Electronics,364.08,156.96,1456.32,0.0,1456.32,627.84,828.48
O0000046,CUST00511,2025-08-03,P0041,2,0.05,UPI,Grocery,240.98,127.74,481.96,24.1,457.86,255.48,202.38
O0004212,CUST00029,2025-08-03,P0013,1,0.05,Card,Grocery,268.38,121.9,268.38,13.42,254.96,121.9,133.06
O0005175,CUST00577,2025-08-04,P0014,2,0.1,Net Banking,Electronics,66.45,51.75,132.9,13.29,119.61,103.5,16.11
O0004786,CUST00462,2025-08-04,P0029,2,0.05,UPI,Home,354.92,154.02,709.84,35.49,674.35,308.04,366.31
O0003042,CUST00161,2025-08-04,P0018,2,0.2,Net Banking,Beauty,175.93,84.8,351.86,70.37,281.49,169.6,111.89
O0003367,CUST00358,2025-08-04,P0010,1,0.1,Card,Grocery,158.28,88.17,158.28,15.83,142.45,88.17,54.28
O0004587,CUST00212,2025-08-04,P0032,1,0.15,UPI,Electronics,325.98,157.6,325.98,48.9,277.08,157.6,119.48
O0000780,CUST00641,2025-08-05,P0008,1,0.0,UPI,Fashion,152.63,75.07,152.63,0.0,152.63,75.07,77.56
O0001711,CUST00464,2025-08-05,P0040,2,0.1,COD,Grocery,83.65,51.18,167.3,16.73,150.57,102.36,48.21
O0000122,CUST00337,2025-08-05,P0021,1,0.0,COD,Beauty,264.24,127.61,264.24,0.0,264.24,127.61,136.63
O0002674,CUST00645,2025-08-05,P0022,1,0.0,UPI,Electronics,326.52,146.8,326.52,0.0,326.52,146.8,179.72
O0000944,CUST00611,2025-08-05,P0032,2,0.0,COD,Electronics,325.98,157.6,651.96,0.0,651.96,315.2,336.76
O0000802,CUST00346,2025-08-05,P0014,4,0.15,UPI,Electronics,66.45,51.75,265.8,39.87,225.93,207.0,18.93
O0000352,CUST00557,2025-08-06,P0011,4,0.0,Net Banking,Electronics,158.87,121.21,635.48,0.0,635.48,484.84,150.64
O0004944,CUST00266,2025-08-06,P0040,4,0.0,Wallet,Grocery,83.65,51.18,334.6,0.0,334.6,204.72,129.88
O0002711,CUST00131,2025-08-06,P0016,2,0.0,COD,Fashion,101.27,44.23,202.54,0.0,202.54,88.46,114.08
O0003109,CUST00381,2025-08-06,P0026,2,0.15,Card,Electronics,133.04,87.51,266.08,39.91,226.17,175.02,51.15
O0000224,CUST00052,2025-08-06,P0040,1,0.15,Card,Grocery,83.65,51.18,83.65,12.55,71.1,51.18,19.92
O0002550,CUST00429,2025-08-07,P0006,3,0.1,COD,Beauty,192.36,150.65,577.08,57.71,519.37,451.95,67.42
O0004784,CUST00118,2025-08-07,P0031,1,0.05,Card,Electronics,287.51,147.51,287.51,14.38,273.13,147.51,125.62
O0002152,CUST00300,2025-08-07,P0005,2,0.0,Net Banking,Electronics,273.97,126.69,547.94,0.0,547.94,253.38,294.56
O0003394,CUST00470,2025-08-07,P0028,2,0.2,Wallet,Electronics,164.95,128.88,329.9,65.98,263.92,257.76,6.16
O0000392,CUST00557,2025-08-08,P0037,2,0.15,Wallet,Fashion,32.76,22.26,65.52,9.83,55.69,44.52,11.17
O0000688,CUST00611,2025-08-08,P0016,3,0.15,COD,Fashion,101.27,44.23,303.81,45.57,258.24,132.69,125.55
O0004436,CUST00442,2025-08-08,P0017,1,0.0,Net Banking,Home,110.28,84.44,110.28,0.0,110.28,84.44,25.84
O0001831,CUST00429,2025-08-08,P0016,2,0.05,COD,Fashion,101.27,44.23,202.54,10.13,192.41,88.46,103.95
O0000190,CUST00463,2025-08-08,P0006,4,0.05,Net Banking,Beauty,192.36,150.65,769.44,38.47,730.97,602.6,128.37
O0000357,CUST00134,2025-08-08,P0001,1,0.15,UPI,Fashion,114.26,54.48,114.26,17.14,97.12,54.48,42.64
O0001011,CUST00112,2025-08-08,P0018,2,0.2,Net Banking,Beauty,175.93,84.8,351.86,70.37,281.49,169.6,111.89
O0004243,CUST00075,2025-08-09,P0024,1,0.2,UPI,Grocery,220.04,119.95,220.04,44.01,176.03,119.95,56.08
O0004849,CUST00344,2025-08-09,P0009,4,0.05,UPI,Fashion,264.14,141.26,1056.56,52.83,1003.73,565.04,438.69
O0000827,CUST00189,2025-08-09,P0035,1,0.2,Card,Home,139.63,80.04,139.63,27.93,111.7,80.04,31.66
O0000751,CUST00550,2025-08-09,P0037,4,0.0,UPI,Fashion,32.76,22.26,131.04,0.0,131.04,89.04,42.0
O0003688,CUST00364,2025-08-09,P0009,2,0.15,COD,Fashion,264.14,141.26,528.28,79.24,449.04,282.52,166.52
O0002736,CUST00364,2025-08-09,P0037,3,0.2,COD,Fashion,32.76,22.26,98.28,19.66,78.62,66.78,11.84
O0002839,CUST00047,2025-08-09,P0001,1,0.05,UPI,Fashion,114.26,54.48,114.26,5.71,108.55,54.48,54.07
O0001921,CUST00425,2025-08-09,P0040,2,0.05,UPI,Grocery,83.65,51.18,167.3,8.36,158.94,102.36,56.58
O0005084,CUST00262,2025-08-09,P0019,4,0.05,Card,Electronics,148.06,96.56,592.24,29.61,562.63,386.24,176.39
O0003989,CUST00287,2025-08-09,P0015,3,0.1,Net Banking,Fashion,43.69,25.91,131.07,13.11,117.96,77.73,40.23
O0004934,CUST00223,2025-08-10,P0038,1,0.0,Card,Fashion,157.39,70.68,157.39,0.0,157.39,70.68,86.71
O0004364,CUST00610,2025-08-10,P0040,2,0.0,UPI,Grocery,83.65,51.18,167.3,0.0,167.3,102.36,64.94
O0004046,CUST00360,2025-08-10,P0025,2,0.05,Card,Fashion,234.0,111.05,468.0,23.4,444.6,222.1,222.5
O0002698,CUST00134,2025-08-10,P0009,2,0.0,UPI,Fashion,264.14,141.26,528.28,0.0,528.28,282.52,245.76
O0002079,CUST00574,2025-08-10,P0015,1,0.0,Card,Fashion,43.69,25.91,43.69,0.0,43.69,25.91,17.78
O0003129,CUST00069,2025-08-10,P0008,2,0.0,Wallet,Fashion,152.63,75.07,305.26,0.0,305.26,150.14,155.12
O0002585,CUST00595,2025-08-11,P0003,1,0.0,Card,Home,236.77,123.51,236.77,0.0,236.77,123.51,113.26
O0003454,CUST00450,2025-08-11,P0031,1,0.1,Card,Electronics,287.51,147.51,287.51,28.75,258.76,147.51,111.25
O0002753,CUST00037,2025-08-11,P0035,1,0.05,UPI,Home,139.63,80.04,139.63,6.98,132.65,80.04,52.61
O0003888,CUST00266,2025-08-12,P0026,1,0.05,Card,Electronics,133.04,87.51,133.04,6.65,126.39,87.51,38.88
O0002274,CUST00008,2025-08-12,P0008,1,0.0,UPI,Fashion,152.63,75.07,152.63,0.0,152.63,75.07,77.56
O0004430,CUST00518,2025-08-12,P0045,4,0.05,COD,Grocery,121.81,53.8,487.24,24.36,462.88,215.2,247.68
O0000205,CUST00569,2025-08-12,P0031,3,0.0,COD,Electronics,287.51,147.51,862.53,0.0,862.53,442.53,420.0
O0000940,CUST00396,2025-08-13,P0036,4,0.05,COD,Home,308.75,157.97,1235.0,61.75,1173.25,631.88,541.37
O0004372,CUST00094,2025-08-13,P0038,1,0.1,UPI,Fashion,157.39,70.68,157.39,15.74,141.65,70.68,70.97
O0005064,CUST00047,2025-08-13,P0013,4,0.0,UPI,Grocery,268.38,121.9,1073.52,0.0,1073.52,487.6,585.92
O0001116,CUST00057,2025-08-13,P0005,3,0.2,COD,Electronics,273.97,126.69,821.91,164.38,657.53,380.07,277.46
O0003743,CUST00398,2025-08-13,P0023,1,0.2,UPI,Fashion,67.68,45.5,67.68,13.54,54.14,45.5,8.64
O0002522,CUST00562,2025-08-13,P0012,1,0.05,UPI,Electronics,216.75,132.72,216.75,10.84,205.91,132.72,73.19
O0003418,CUST00650,2025-08-13,P0021,1,0.1,Wallet,Beauty,264.24,127.61,264.24,26.42,237.82,127.61,110.21
O0003646,CUST00344,2025-08-13,P0029,1,0.0,COD,Home,354.92,154.02,354.92,0.0,354.92,154.02,200.9
O0003355,CUST00644,2025-08-13,P0006,2,0.15,COD,Beauty,192.36,150.65,384.72,57.71,327.01,301.3,25.71
O0001881,CUST00376,2025-08-13,P0029,1,0.05,COD,Home,354.92,154.02,354.92,17.75,337.17,154.02,183.15
O0004011,CUST00242,2025-08-14,P0012,2,0.05,COD,Electronics,216.75,132.72,433.5,21.68,411.82,265.44,146.38
O0000206,CUST00598,2025-08-14,P0034,1,0.15,Wallet,Electronics,186.26,105.01,186.26,27.94,158.32,105.01,53.31
O0003893,CUST00475,2025-08-14,P0009,1,0.0,Net Banking,Fashion,264.14,141.26,264.14,0.0,264.14,141.26,122.88
O0002416,CUST00394,2025-08-14,P0029,1,0.05,Card,Home,354.92,154.02,354.92,17.75,337.17,154.02,183.15
O0001521,CUST00336,2025-08-14,P0006,2,0.1,UPI,Beauty,192.36,150.65,384.72,38.47,346.25,301.3,44.95
O0000191,CUST00429,2025-08-14,P0006,2,0.05,Net Banking,Beauty,192.36,150.65,384.72,19.24,365.48,301.3,64.18
O0002382,CUST00443,2025-08-14,P0045,2,0.0,UPI,Grocery,121.81,53.8,243.62,0.0,243.62,107.6,136.02
O0001464,CUST00165,2025-08-15,P0021,1,0.1,UPI,Beauty,264.24,127.61,264.24,26.42,237.82,127.61,110.21
O0004235,CUST00490,2025-08-15,P0024,2,0.0,Card,Grocery,220.04,119.95,440.08,0.0,440.08,239.9,200.18
O0004215,CUST00013,2025-08-15,P0003,1,0.15,Card,Home,236.77,123.51,236.77,35.52,201.25,123.51,77.74
O0002441,CUST00556,2025-08-15,P0031,2,0.1,UPI,Electronics,287.51,147.51,575.02,57.5,517.52,295.02,222.5
O0000997,CUST00222,2025-08-15,P0018,1,0.0,UPI,Beauty,175.93,84.8,175.93,0.0,175.93,84.8,91.13
O0002929,CUST00624,2025-08-16,P0015,1,0.0,UPI,Fashion,43.69,25.91,43.69,0.0,43.69,25.91,17.78
O0003353,CUST00063,2025-08-16,P0016,4,0.1,Card,Fashion,101.27,44.23,405.08,40.51,364.57,176.92,187.65
O0001062,CUST00368,2025-08-16,P0001,1,0.0,UPI,Fashion,114.26,54.48,114.26,0.0,114.26,54.48,59.78
O0002987,CUST00386,2025-08-16,P0008,2,0.0,UPI,Fashion,152.63,75.07,305.26,0.0,305.26,150.14,155.12
O0002668,CUST00323,2025-08-16,P0042,1,0.0,Wallet,Fashion,92.99,66.18,92.99,0.0,92.99,66.18,26.81
O0003372,CUST00484,2025-08-16,P0026,2,0.1,Card,Electronics,133.04,87.51,266.08,26.61,239.47,175.02,64.45
O0000319,CUST00542,2025-08-16,P0032,2,0.0,COD,Electronics,325.98,157.6,651.96,0.0,651.96,315.2,336.76
O0004331,CUST00560,2025-08-17,P0039,2,0.05,UPI,Electronics,302.32,141.08,604.64,30.23,574.41,282.16,292.25
O0003152,CUST00279,2025-08-17,P0029,3,0.0,Card,Home,354.92,154.02,1064.76,0.0,1064.76,462.06,602.7
O0003471,CUST00025,2025-08-17,P0040,2,0.0,UPI,Grocery,83.65,51.18,167.3,0.0,167.3,102.36,64.94
O0004612,CUST00369,2025-08-17,P0045,1,0.2,Card,Grocery,121.81,53.8,121.81,24.36,97.45,53.8,43.65
O0000771,CUST00070,2025-08-17,P0028,2,0.05,UPI,Electronics,164.95,128.88,329.9,16.5,313.4,257.76,55.64
O0002806,CUST00548,2025-08-17,P0012,2,0.0,UPI,Electronics,216.75,132.72,433.5,0.0,433.5,265.44,168.06
O0003455,CUST00048,2025-08-17,P0019,1,0.2,UPI,Electronics,148.06,96.56,148.06,29.61,118.45,96.56,21.89
O0003222,CUST00379,2025-08-17,P0022,3,0.15,Card,Electronics,326.52,146.8,979.56,146.93,832.63,440.4,392.23
O0000603,CUST00619,2025-08-18,P0011,1,0.0,UPI,Electronics,158.87,121.21,158.87,0.0,158.87,121.21,37.66
O0002304,CUST00025,2025-08-18,P0004,4,0.1,Wallet,Home,54.29,27.5,217.16,21.72,195.44,110.0,85.44
O0003847,CUST00340,2025-08-18,P0002,4,0.0,UPI,Electronics,165.42,102.08,661.68,0.0,661.68,408.32,253.36
O0004830,CUST00372,2025-08-18,P0040,4,0.0,Card,Grocery,83.65,51.18,334.6,0.0,334.6,204.72,129.88
O0001259,CUST00384,2025-08-18,P0016,3,0.15,UPI,Fashion,101.27,44.23,303.81,45.57,258.24,132.69,125.55
O0001485,CUST00596,2025-08-18,P0024,2,0.0,Wallet,Grocery,220.04,119.95,440.08,0.0,440.08,239.9,200.18
O0004542,CUST00516,2025-08-18,P0011,1,0.2,COD,Electronics,158.87,121.21,158.87,31.77,127.1,121.21,5.89
O0004469,CUST00198,2025-08-18,P0037,1,0.0,Card,Fashion,32.76,22.26,32.76,0.0,32.76,22.26,10.5
O0001286,CUST00243,2025-08-18,P0011,1,0.2,COD,Electronics,158.87,121.21,158.87,31.77,127.1,121.21,5.89
O0001982,CUST00316,2025-08-19,P0014,1,0.2,Card,Electronics,66.45,51.75,66.45,13.29,53.16,51.75,1.41
O0002293,CUST00075,2025-08-19,P0032,4,0.05,Card,Electronics,325.98,157.6,1303.92,65.2,1238.72,630.4,608.32
O0002022,CUST00503,2025-08-19,P0009,1,0.15,Card,Fashion,264.14,141.26,264.14,39.62,224.52,141.26,83.26
O0004552,CUST00400,2025-08-19,P0019,3,0.2,UPI,Electronics,148.06,96.56,444.18,88.84,355.34,289.68,65.66
O0004014,CUST00362,2025-08-19,P0028,1,0.0,COD,Electronics,164.95,128.88,164.95,0.0,164.95,128.88,36.07
O0004673,CUST00472,2025-08-19,P0027,2,0.0,Card,Electronics,55.13,36.66,110.26,0.0,110.26,73.32,36.94
O0005105,CUST00397,2025-08-19,P0039,3,0.05,Card,Electronics,302.32,141.08,906.96,45.35,861.61,423.24,438.37
O0003835,CUST00631,2025-08-19,P0009,1,0.15,Wallet,Fashion,264.14,141.26,264.14,39.62,224.52,141.26,83.26
O0004734,CUST00637,2025-08-20,P0003,2,0.0,UPI,Home,236.77,123.51,473.54,0.0,473.54,247.02,226.52
O0003140,CUST00366,2025-08-20,P0039,4,0.05,Wallet,Electronics,302.32,141.08,1209.28,60.46,1148.82,564.32,584.5
O0005079,CUST00165,2025-08-20,P0014,1,0.0,UPI,Electronics,66.45,51.75,66.45,0.0,66.45,51.75,14.7
O0000826,CUST00561,2025-08-20,P0014,1,0.0,UPI,Electronics,66.45,51.75,66.45,0.0,66.45,51.75,14.7
O0001400,CUST00544,2025-08-20,P0014,2,0.15,Net Banking,Electronics,66.45,51.75,132.9,19.93,112.97,103.5,9.47
O0004337,CUST00468,2025-08-20,P0030,2,0.0,COD,Grocery,239.09,117.72,478.18,0.0,478.18,235.44,242.74
O0004992,CUST00165,2025-08-20,P0003,2,0.1,UPI,Home,236.77,123.51,473.54,47.35,426.19,247.02,179.17
O0005142,CUST00229,2025-08-20,P0014,1,0.1,Wallet,Electronics,66.45,51.75,66.45,6.64,59.81,51.75,8.06
O0002803,CUST00441,2025-08-20,P0014,1,0.1,Net Banking,Electronics,66.45,51.75,66.45,6.64,59.81,51.75,8.06
O0004963,CUST00241,2025-08-20,P0044,2,0.2,Card,Home,319.2,142.3,638.4,127.68,510.72,284.6,226.12
O0004396,CUST00057,2025-08-20,P0006,2,0.05,UPI,Beauty,192.36,150.65,384.72,19.24,365.48,301.3,64.18
O0001439,CUST00216,2025-08-21,P0045,2,0.1,Card,Grocery,121.81,53.8,243.62,24.36,219.26,107.6,111.66
O0003291,CUST00490,2025-08-21,P0019,2,0.2,Card,Electronics,148.06,96.56,296.12,59.22,236.9,193.12,43.78
O0002558,CUST00129,2025-08-21,P0041,2,0.2,Card,Grocery,240.98,127.74,481.96,96.39,385.57,255.48,130.09
O0001422,CUST00246,2025-08-21,P0013,1,0.0,UPI,Grocery,268.38,121.9,268.38,0.0,268.38,121.9,146.48
O0000497,CUST00253,2025-08-21,P0016,3,0.05,COD,Fashion,101.27,44.23,303.81,15.19,288.62,132.69,155.93
O0002888,CUST00246,2025-08-21,P0014,3,0.05,Wallet,Electronics,66.45,51.75,199.35,9.97,189.38,155.25,34.13
O0003720,CUST00598,2025-08-22,P0043,1,0.1,Net Banking,Electronics,364.08,156.96,364.08,36.41,327.67,156.96,170.71
O0000300,CUST00547,2025-08-22,P0016,2,0.15,COD,Fashion,101.27,44.23,202.54,30.38,172.16,88.46,83.7
O0002375,CUST00049,2025-08-22,P0011,2,0.0,UPI,Electronics,158.87,121.21,317.74,0.0,317.74,242.42,75.32
O0002990,CUST00400,2025-08-22,P0010,4,0.15,UPI,Grocery,158.28,88.17,633.12,94.97,538.15,352.68,185.47
O0004109,CUST00595,2025-08-23,P0014,2,0.0,UPI,Electronics,66.45,51.75,132.9,0.0,132.9,103.5,29.4
O0000868,CUST00338,2025-08-23,P0007,4,0.1,COD,Grocery,177.14,118.71,708.56,70.86,637.7,474.84,162.86
O0001237,CUST00123,2025-08-23,P0041,1,0.0,COD,Grocery,240.98,127.74,240.98,0.0,240.98,127.74,113.24
O0001437,CUST00326,2025-08-23,P0024,1,0.1,Net Banking,Grocery,220.04,119.95,220.04,22.0,198.04,119.95,78.09
O0004774,CUST00433,2025-08-24,P0044,4,0.2,UPI,Home,319.2,142.3,1276.8,255.36,1021.44,569.2,452.24
O0003968,CUST00561,2025-08-24,P0007,1,0.0,Card,Grocery,177.14,118.71,177.14,0.0,177.14,118.71,58.43
O0003038,CUST00193,2025-08-25,P0042,4,0.05,COD,Fashion,92.99,66.18,371.96,18.6,353.36,264.72,88.64
O0002279,CUST00365,2025-08-25,P0006,2,0.2,UPI,Beauty,192.36,150.65,384.72,76.94,307.78,301.3,6.48
O0001295,CUST00212,2025-08-25,P0002,1,0.0,Card,Electronics,165.42,102.08,165.42,0.0,165.42,102.08,63.34
O0002414,CUST00289,2025-08-25,P0029,3,0.0,COD,Home,354.92,154.02,1064.76,0.0,1064.76,462.06,602.7
O0000626,CUST00234,2025-08-25,P0011,1,0.0,Card,Electronics,158.87,121.21,158.87,0.0,158.87,121.21,37.66
O0001103,CUST00471,2025-08-25,P0042,1,0.0,Card,Fashion,92.99,66.18,92.99,0.0,92.99,66.18,26.81
O0003530,CUST00136,2025-08-25,P0008,4,0.1,UPI,Fashion,152.63,75.07,610.52,61.05,549.47,300.28,249.19
O0004311,CUST00019,2025-08-25,P0006,1,0.0,COD,Beauty,192.36,150.65,192.36,0.0,192.36,150.65,41.71
O0001698,CUST00358,2025-08-25,P0013,2,0.0,UPI,Grocery,268.38,121.9,536.76,0.0,536.76,243.8,292.96
O0005183,CUST00132,2025-08-25,P0013,2,0.0,COD,Grocery,268.38,121.9,536.76,0.0,536.76,243.8,292.96
O0000058,CUST00134,2025-08-25,P0006,2,0.2,Card,Beauty,192.36,150.65,384.72,76.94,307.78,301.3,6.48
O0001756,CUST00523,2025-08-25,P0011,3,0.0,Net Banking,Electronics,158.87,121.21,476.61,0.0,476.61,363.63,112.98
O0001214,CUST00165,2025-08-26,P0018,1,0.05,UPI,Beauty,175.93,84.8,175.93,8.8,167.13,84.8,82.33
O0000212,CUST00300,2025-08-26,P0009,1,0.1,COD,Fashion,264.14,141.26,264.14,26.41,237.73,141.26,96.47
O0003582,CUST00285,2025-08-26,P0015,2,0.1,Net Banking,Fashion,43.69,25.91,87.38,8.74,78.64,51.82,26.82
O0001302,CUST00550,2025-08-26,P0045,1,0.1,Card,Grocery,121.81,53.8,121.81,12.18,109.63,53.8,55.83
O0002527,CUST00510,2025-08-27,P0021,1,0.0,Wallet,Beauty,264.24,127.61,264.24,0.0,264.24,127.61,136.63
O0003693,CUST00383,2025-08-27,P0029,1,0.1,UPI,Home,354.92,154.02,354.92,35.49,319.43,154.02,165.41
O0004620,CUST00190,2025-08-27,P0041,4,0.1,Net Banking,Grocery,240.98,127.74,963.92,96.39,867.53,510.96,356.57
O0001023,CUST00081,2025-08-27,P0022,1,0.15,UPI,Electronics,326.52,146.8,326.52,48.98,277.54,146.8,130.74
O0002455,CUST00148,2025-08-27,P0013,2,0.1,Card,Grocery,268.38,121.9,536.76,53.68,483.08,243.8,239.28
O0001192,CUST00120,2025-08-27,P0015,2,0.1,Wallet,Fashion,43.69,25.91,87.38,8.74,78.64,51.82,26.82
O0000383,CUST00357,2025-08-27,P0007,4,0.0,COD,Grocery,177.14,118.71,708.56,0.0,708.56,474.84,233.72
O0000078,CUST00031,2025-08-27,P0026,1,0.0,Wallet,Electronics,133.04,87.51,133.04,0.0,133.04,87.51,45.53
O0000505,CUST00141,2025-08-27,P0021,1,0.1,Card,Beauty,264.24,127.61,264.24,26.42,237.82,127.61,110.21
O0001918,CUST00645,2025-08-27,P0029,2,0.05,UPI,Home,354.92,154.02,709.84,35.49,674.35,308.04,366.31
O0003946,CUST00615,2025-08-27,P0038,2,0.2,Net Banking,Fashion,157.39,70.68,314.78,62.96,251.82,141.36,110.46
O0001746,CUST00209,2025-08-27,P0003,3,0.2,UPI,Home,236.77,123.51,710.31,142.06,568.25,370.53,197.72
O0003000,CUST00475,2025-08-27,P0030,2,0.1,UPI,Grocery,239.09,117.72,478.18,47.82,430.36,235.44,194.92
O0003153,CUST00194,2025-08-27,P0026,4,0.2,Wallet,Electronics,133.04,87.51,532.16,106.43,425.73,350.04,75.69
O0003422,CUST00072,2025-08-28,P0014,1,0.1,UPI,Electronics,66.45,51.75,66.45,6.64,59.81,51.75,8.06
O0001231,CUST00266,2025-08-28,P0015,1,0.0,Wallet,Fashion,43.69,25.91,43.69,0.0,43.69,25.91,17.78
O0000754,CUST00366,2025-08-28,P0007,3,0.15,Wallet,Grocery,177.14,118.71,531.42,79.71,451.71,356.13,95.58
O0000209,CUST00457,2025-08-29,P0045,1,0.05,Card,Grocery,121.81,53.8,121.81,6.09,115.72,53.8,61.92
O0004382,CUST00562,2025-08-29,P0014,3,0.1,UPI,Electronics,66.45,51.75,199.35,19.94,179.41,155.25,24.16
O0002181,CUST00286,2025-08-29,P0031,4,0.0,Card,Electronics,287.51,147.51,1150.04,0.0,1150.04,590.04,560.0
O0003805,CUST00622,2025-08-29,P0033,2,0.05,UPI,Fashion,112.86,61.51,225.72,11.29,214.43,123.02,91.41
O0004668,CUST00086,2025-08-29,P0026,4,0.05,Card,Electronics,133.04,87.51,532.16,26.61,505.55,350.04,155.51
O0004455,CUST00472,2025-08-29,P0037,4,0.05,COD,Fashion,32.76,22.26,131.04,6.55,124.49,89.04,35.45
O0000441,CUST00132,2025-08-29,P0012,3,0.15,COD,Electronics,216.75,132.72,650.25,97.54,552.71,398.16,154.55
O0004610,CUST00463,2025-08-29,P0001,1,0.0,Card,Fashion,114.26,54.48,114.26,0.0,114.26,54.48,59.78
O0003220,CUST00527,2025-08-30,P0003,1,0.05,Net Banking,Home,236.77,123.51,236.77,11.84,224.93,123.51,101.42
O0003591,CUST00332,2025-08-30,P0011,3,0.0,Wallet,Electronics,158.87,121.21,476.61,0.0,476.61,363.63,112.98
O0002829,CUST00348,2025-08-31,P0016,1,0.1,Wallet,Fashion,101.27,44.23,101.27,10.13,91.14,44.23,46.91
O0000298,CUST00377,2025-08-31,P0015,4,0.05,Card,Fashion,43.69,25.91,174.76,8.74,166.02,103.64,62.38
O0002317,CUST00241,2025-08-31,P0008,1,0.15,UPI,Fashion,152.63,75.07,152.63,22.89,129.74,75.07,54.67
O0001942,CUST00042,2025-08-31,P0020,1,0.05,UPI,Home,149.95,68.06,149.95,7.5,142.45,68.06,74.39
O0004530,CUST00150,2025-08-31,P0015,2,0.1,UPI,Fashion,43.69,25.91,87.38,8.74,78.64,51.82,26.82
O0002106,CUST00638,2025-08-31,P0024,2,0.2,Wallet,Grocery,220.04,119.95,440.08,88.02,352.06,239.9,112.16
O0000054,CUST00300,2025-09-01,P0044,1,0.0,COD,Home,319.2,142.3,319.2,0.0,319.2,142.3,176.9
O0004194,CUST00224,2025-09-01,P0011,2,0.1,COD,Electronics,158.87,121.21,317.74,31.77,285.97,242.42,43.55
O0002940,CUST00273,2025-09-01,P0031,1,0.1,COD,Electronics,287.51,147.51,287.51,28.75,258.76,147.51,111.25
O0004742,CUST00600,2025-09-01,P0036,1,0.0,COD,Home,308.75,157.97,308.75,0.0,308.75,157.97,150.78
O0001109,CUST00129,2025-09-01,P0035,1,0.0,UPI,Home,139.63,80.04,139.63,0.0,139.63,80.04,59.59
O0001366,CUST00642,2025-09-01,P0045,3,0.0,Wallet,Grocery,121.81,53.8,365.43,0.0,365.43,161.4,204.03
O0004971,CUST00168,2025-09-01,P0020,3,0.05,UPI,Home,149.95,68.06,449.85,22.49,427.36,204.18,223.18
O0002574,CUST00031,2025-09-01,P0010,1,0.0,UPI,Grocery,158.28,88.17,158.28,0.0,158.28,88.17,70.11
O0001240,CUST00367,2025-09-02,P0018,1,0.0,Card,Beauty,175.93,84.8,175.93,0.0,175.93,84.8,91.13
O0004825,CUST00585,2025-09-02,P0016,3,0.1,UPI,Fashion,101.27,44.23,303.81,30.38,273.43,132.69,140.74
O0000483,CUST00046,2025-09-02,P0021,4,0.05,Wallet,Beauty,264.24,127.61,1056.96,52.85,1004.11,510.44,493.67
O0001356,CUST00432,2025-09-02,P0010,4,0.0,UPI,Grocery,158.28,88.17,633.12,0.0,633.12,352.68,280.44
O0001932,CUST00355,2025-09-02,P0011,2,0.1,Wallet,Electronics,158.87,121.21,317.74,31.77,285.97,242.42,43.55
O0000002,CUST00007,2025-09-02,P0010,4,0.0,Card,Grocery,158.28,88.17,633.12,0.0,633.12,352.68,280.44
O0003768,CUST00268,2025-09-02,P0026,2,0.0,Net Banking,Electronics,133.04,87.51,266.08,0.0,266.08,175.02,91.06
O0002744,CUST00326,2025-09-03,P0042,3,0.2,UPI,Fashion,92.99,66.18,278.97,55.79,223.18,198.54,24.64
O0003579,CUST00061,2025-09-03,P0006,3,0.1,Net Banking,Beauty,192.36,150.65,577.08,57.71,519.37,451.95,67.42
O0003775,CUST00624,2025-09-03,P0006,1,0.1,UPI,Beauty,192.36,150.65,192.36,19.24,173.12,150.65,22.47
O0003065,CUST00146,2025-09-03,P0012,4,0.15,UPI,Electronics,216.75,132.72,867.0,130.05,736.95,530.88,206.07
O0003303,CUST00254,2025-09-03,P0038,4,0.05,Wallet,Fashion,157.39,70.68,629.56,31.48,598.08,282.72,315.36
O0000775,CUST00617,2025-09-03,P0022,2,0.15,COD,Electronics,326.52,146.8,653.04,97.96,555.08,293.6,261.48
O0000218,CUST00493,2025-09-03,P0045,1,0.0,Card,Grocery,121.81,53.8,121.81,0.0,121.81,53.8,68.01
O0003938,CUST00533,2025-09-03,P0022,1,0.1,Net Banking,Electronics,326.52,146.8,326.52,32.65,293.87,146.8,147.07
O0003356,CUST00473,2025-09-04,P0013,1,0.1,UPI,Grocery,268.38,121.9,268.38,26.84,241.54,121.9,119.64
O0004379,CUST00597,2025-09-04,P0034,1,0.1,COD,Electronics,186.26,105.01,186.26,18.63,167.63,105.01,62.62
O0004760,CUST00174,2025-09-04,P0010,3,0.0,Card,Grocery,158.28,88.17,474.84,0.0,474.84,264.51,210.33
O0000691,CUST00200,2025-09-04,P0041,2,0.1,COD,Grocery,240.98,127.74,481.96,48.2,433.76,255.48,178.28
O0003741,CUST00431,2025-09-05,P0020,3,0.2,Card,Home,149.95,68.06,449.85,89.97,359.88,204.18,155.7
O0003202,CUST00218,2025-09-05,P0045,1,0.1,UPI,Grocery,121.81,53.8,121.81,12.18,109.63,53.8,55.83
O0000981,CUST00053,2025-09-05,P0035,2,0.15,Card,Home,139.63,80.04,279.26,41.89,237.37,160.08,77.29
O0002903,CUST00564,2025-09-05,P0014,1,0.05,UPI,Electronics,66.45,51.75,66.45,3.32,63.13,51.75,11.38
O0000013,CUST00216,2025-09-05,P0033,1,0.0,UPI,Fashion,112.86,61.51,112.86,0.0,112.86,61.51,51.35
O0003699,CUST00349,2025-09-06,P0020,1,0.1,Net Banking,Home,149.95,68.06,149.95,15.0,134.95,68.06,66.89
O0004755,CUST00379,2025-09-06,P0007,1,0.15,Wallet,Grocery,177.14,118.71,177.14,26.57,150.57,118.71,31.86
O0000565,CUST00157,2025-09-06,P0003,1,0.1,Card,Home,236.77,123.51,236.77,23.68,213.09,123.51,89.58
O0003791,CUST00144,2025-09-07,P0034,2,0.0,Net Banking,Electronics,186.26,105.01,372.52,0.0,372.52,210.02,162.5
O0000090,CUST00157,2025-09-07,P0043,2,0.1,COD,Electronics,364.08,156.96,728.16,72.82,655.34,313.92,341.42
O0001860,CUST00585,2025-09-07,P0028,3,0.05,COD,Electronics,164.95,128.88,494.85,24.74,470.11,386.64,83.47
O0001658,CUST00246,2025-09-07,P0031,4,0.1,Card,Electronics,287.51,147.51,1150.04,115.0,1035.04,590.04,445.0
O0001853,CUST00025,2025-09-07,P0014,4,0.1,UPI,Electronics,66.45,51.75,265.8,26.58,239.22,207.0,32.22
O0004523,CUST00389,2025-09-07,P0013,3,0.1,Card,Grocery,268.38,121.9,805.14,80.51,724.63,365.7,358.93
O0004338,CUST00481,2025-09-07,P0002,1,0.15,Net Banking,Electronics,165.42,102.08,165.42,24.81,140.61,102.08,38.53
O0004366,CUST00429,2025-09-07,P0002,1,0.15,UPI,Electronics,165.42,102.08,165.42,24.81,140.61,102.08,38.53
O0000174,CUST00029,2025-09-07,P0013,1,0.0,UPI,Grocery,268.38,121.9,268.38,0.0,268.38,121.9,146.48
O0002289,CUST00535,2025-09-08,P0025,4,0.05,Card,Fashion,234.0,111.05,936.0,46.8,889.2,444.2,445.0
O0004735,CUST00117,2025-09-08,P0035,3,0.1,Net Banking,Home,139.63,80.04,418.89,41.89,377.0,240.12,136.88
O0001278,CUST00363,2025-09-08,P0007,1,0.0,COD,Grocery,177.14,118.71,177.14,0.0,177.14,118.71,58.43
O0003810,CUST00399,2025-09-08,P0031,1,0.1,UPI,Electronics,287.51,147.51,287.51,28.75,258.76,147.51,111.25
O0003910,CUST00496,2025-09-08,P0026,4,0.2,Net Banking,Electronics,133.04,87.51,532.16,106.43,425.73,350.04,75.69
O0004213,CUST00178,2025-09-08,P0034,1,0.05,UPI,Electronics,186.26,105.01,186.26,9.31,176.95,105.01,71.94
O0002030,CUST00041,2025-09-08,P0012,4,0.15,COD,Electronics,216.75,132.72,867.0,130.05,736.95,530.88,206.07
O0003514,CUST00314,2025-09-08,P0039,2,0.1,UPI,Electronics,302.32,141.08,604.64,60.46,544.18,282.16,262.02
O0003832,CUST00003,2025-09-09,P0013,4,0.1,Wallet,Grocery,268.38,121.9,1073.52,107.35,966.17,487.6,478.57
O0001478,CUST00286,2025-09-09,P0040,1,0.0,Card,Grocery,83.65,51.18,83.65,0.0,83.65,51.18,32.47
O0001193,CUST00294,2025-09-09,P0009,2,0.0,Card,Fashion,264.14,141.26,528.28,0.0,528.28,282.52,245.76
O0000335,CUST00475,2025-09-09,P0033,3,0.0,COD,Fashion,112.86,61.51,338.58,0.0,338.58,184.53,154.05
O0002684,CUST00400,2025-09-09,P0022,3,0.1,UPI,Electronics,326.52,146.8,979.56,97.96,881.6,440.4,441.2
O0001929,CUST00314,2025-09-09,P0029,1,0.1,COD,Home,354.92,154.02,354.92,35.49,319.43,154.02,165.41
O0002899,CUST00360,2025-09-10,P0041,1,0.0,COD,Grocery,240.98,127.74,240.98,0.0,240.98,127.74,113.24
O0004255,CUST00429,2025-09-10,P0007,3,0.15,COD,Grocery,177.14,118.71,531.42,79.71,451.71,356.13,95.58
O0002689,CUST00246,2025-09-10,P0018,4,0.0,COD,Beauty,175.93,84.8,703.72,0.0,703.72,339.2,364.52
O0004646,CUST00237,2025-09-10,P0030,2,0.1,UPI,Grocery,239.09,117.72,478.18,47.82,430.36,235.44,194.92
O0004140,CUST00570,2025-09-10,P0029,2,0.15,COD,Home,354.92,154.02,709.84,106.48,603.36,308.04,295.32
O0002833,CUST00564,2025-09-11,P0009,2,0.1,UPI,Fashion,264.14,141.26,528.28,52.83,475.45,282.52,192.93
O0003878,CUST00106,2025-09-11,P0043,1,0.15,Card,Electronics,364.08,156.96,364.08,54.61,309.47,156.96,152.51
O0002639,CUST00527,2025-09-11,P0023,1,0.15,Wallet,Fashion,67.68,45.5,67.68,10.15,57.53,45.5,12.03
O0005089,CUST00621,2025-09-11,P0039,2,0.05,COD,Electronics,302.32,141.08,604.64,30.23,574.41,282.16,292.25
O0004159,CUST00587,2025-09-11,P0037,2,0.1,Card,Fashion,32.76,22.26,65.52,6.55,58.97,44.52,14.45
O0004614,CUST00478,2025-09-11,P0011,3,0.1,COD,Electronics,158.87,121.21,476.61,47.66,428.95,363.63,65.32
O0000915,CUST00513,2025-09-11,P0012,3,0.15,COD,Electronics,216.75,132.72,650.25,97.54,552.71,398.16,154.55
O0000416,CUST00533,2025-09-11,P0003,3,0.0,COD,Home,236.77,123.51,710.31,0.0,710.31,370.53,339.78
O0001269,CUST00318,2025-09-11,P0013,2,0.05,Wallet,Grocery,268.38,121.9,536.76,26.84,509.92,243.8,266.12
O0002916,CUST00406,2025-09-12,P0033,3,0.0,UPI,Fashion,112.86,61.51,338.58,0.0,338.58,184.53,154.05
O0004807,CUST00627,2025-09-12,P0008,2,0.05,UPI,Fashion,152.63,75.07,305.26,15.26,290.0,150.14,139.86
O0002548,CUST00530,2025-09-12,P0004,2,0.0,Card,Home,54.29,27.5,108.58,0.0,108.58,55.0,53.58
O0002924,CUST00378,2025-09-12,P0025,1,0.0,Net Banking,Fashion,234.0,111.05,234.0,0.0,234.0,111.05,122.95
O0001067,CUST00354,2025-09-12,P0038,3,0.1,COD,Fashion,157.39,70.68,472.17,47.22,424.95,212.04,212.91
O0005022,CUST00312,2025-09-12,P0007,1,0.1,COD,Grocery,177.14,118.71,177.14,17.71,159.43,118.71,40.72
O0001774,CUST00181,2025-09-12,P0037,1,0.2,UPI,Fashion,32.76,22.26,32.76,6.55,26.21,22.26,3.95
O0003790,CUST00369,2025-09-13,P0006,1,0.1,COD,Beauty,192.36,150.65,192.36,19.24,173.12,150.65,22.47
O0001486,CUST00316,2025-09-13,P0045,2,0.0,COD,Grocery,121.81,53.8,243.62,0.0,243.62,107.6,136.02
O0002287,CUST00492,2025-09-13,P0028,2,0.05,Card,Electronics,164.95,128.88,329.9,16.5,313.4,257.76,55.64
O0002007,CUST00447,2025-09-14,P0031,3,0.15,UPI,Electronics,287.51,147.51,862.53,129.38,733.15,442.53,290.62
O0000972,CUST00298,2025-09-14,P0030,3,0.0,COD,Grocery,239.09,117.72,717.27,0.0,717.27,353.16,364.11
O0001782,CUST00260,2025-09-14,P0036,1,0.1,UPI,Home,308.75,157.97,308.75,30.88,277.87,157.97,119.9
O0001411,CUST00595,2025-09-14,P0001,2,0.0,Card,Fashion,114.26,54.48,228.52,0.0,228.52,108.96,119.56
O0003971,CUST00512,2025-09-14,P0011,1,0.05,Wallet,Electronics,158.87,121.21,158.87,7.94,150.93,121.21,29.72
O0000575,CUST00356,2025-09-15,P0033,1,0.05,Card,Fashion,112.86,61.51,112.86,5.64,107.22,61.51,45.71
O0002418,CUST00386,2025-09-15,P0018,1,0.0,Card,Beauty,175.93,84.8,175.93,0.0,175.93,84.8,91.13
O0000499,CUST00575,2025-09-15,P0005,1,0.15,Wallet,Electronics,273.97,126.69,273.97,41.1,232.87,126.69,106.18
O0001209,CUST00596,2025-09-16,P0044,3,0.0,Card,Home,319.2,142.3,957.6,0.0,957.6,426.9,530.7
O0001800,CUST00325,2025-09-16,P0036,2,0.1,UPI,Home,308.75,157.97,617.5,61.75,555.75,315.94,239.81
O0000830,CUST00347,2025-09-16,P0021,1,0.1,Card,Beauty,264.24,127.61,264.24,26.42,237.82,127.61,110.21
O0002291,CUST00118,2025-09-16,P0014,1,0.0,COD,Electronics,66.45,51.75,66.45,0.0,66.45,51.75,14.7
O0000115,CUST00484,2025-09-16,P0006,2,0.0,Card,Beauty,192.36,150.65,384.72,0.0,384.72,301.3,83.42
O0004504,CUST00648,2025-09-16,P0009,3,0.1,COD,Fashion,264.14,141.26,792.42,79.24,713.18,423.78,289.4
O0004439,CUST00535,2025-09-16,P0045,2,0.0,UPI,Grocery,121.81,53.8,243.62,0.0,243.62,107.6,136.02
O0000249,CUST00364,2025-09-16,P0025,1,0.0,Card,Fashion,234.0,111.05,234.0,0.0,234.0,111.05,122.95
O0003611,CUST00483,2025-09-16,P0029,1,0.15,COD,Home,354.92,154.02,354.92,53.24,301.68,154.02,147.66
O0005010,CUST00266,2025-09-17,P0008,2,0.1,COD,Fashion,152.63,75.07,305.26,30.53,274.73,150.14,124.59
O0000742,CUST00439,2025-09-17,P0003,1,0.0,COD,Home,236.77,123.51,236.77,0.0,236.77,123.51,113.26
O0001189,CUST00098,2025-09-17,P0009,1,0.0,UPI,Fashion,264.14,141.26,264.14,0.0,264.14,141.26,122.88
O0000735,CUST00332,2025-09-17,P0013,1,0.05,COD,Grocery,268.38,121.9,268.38,13.42,254.96,121.9,133.06
O0002620,CUST00358,2025-09-17,P0025,2,0.0,Card,Fashion,234.0,111.05,468.0,0.0,468.0,222.1,245.9
O0000082,CUST00384,2025-09-17,P0019,4,0.15,Net Banking,Electronics,148.06,96.56,592.24,88.84,503.4,386.24,117.16
O0002556,CUST00454,2025-09-17,P0003,3,0.15,Net Banking,Home,236.77,123.51,710.31,106.55,603.76,370.53,233.23
O0002320,CUST00621,2025-09-17,P0022,3,0.0,Card,Electronics,326.52,146.8,979.56,0.0,979.56,440.4,539.16
O0001368,CUST00258,2025-09-17,P0035,2,0.1,Wallet,Home,139.63,80.04,279.26,27.93,251.33,160.08,91.25
O0002577,CUST00503,2025-09-17,P0040,2,0.0,Wallet,Grocery,83.65,51.18,167.3,0.0,167.3,102.36,64.94
O0004021,CUST00579,2025-09-17,P0036,2,0.0,Net Banking,Home,308.75,157.97,617.5,0.0,617.5,315.94,301.56
O0004029,CUST00279,2025-09-17,P0031,2,0.1,Card,Electronics,287.51,147.51,575.02,57.5,517.52,295.02,222.5
O0003841,CUST00026,2025-09-18,P0005,1,0.05,Net Banking,Electronics,273.97,126.69,273.97,13.7,260.27,126.69,133.58
O0002076,CUST00200,2025-09-19,P0018,3,0.05,UPI,Beauty,175.93,84.8,527.79,26.39,501.4,254.4,247.0
O0003066,CUST00031,2025-09-19,P0031,3,0.1,UPI,Electronics,287.51,147.51,862.53,86.25,776.28,442.53,333.75
O0002672,CUST00077,2025-09-19,P0009,2,0.2,Card,Fashion,264.14,141.26,528.28,105.66,422.62,282.52,140.1
O0002763,CUST00556,2025-09-19,P0042,2,0.2,COD,Fashion,92.99,66.18,185.98,37.2,148.78,132.36,16.42
O0000339,CUST00505,2025-09-19,P0024,1,0.1,Card,Grocery,220.04,119.95,220.04,22.0,198.04,119.95,78.09
O0001496,CUST00029,2025-09-19,P0003,2,0.05,Wallet,Home,236.77,123.51,473.54,23.68,449.86,247.02,202.84
O0000266,CUST00033,2025-09-19,P0017,1,0.0,Net Banking,Home,110.28,84.44,110.28,0.0,110.28,84.44,25.84
O0001997,CUST00037,2025-09-20,P0045,1,0.15,Card,Grocery,121.81,53.8,121.81,18.27,103.54,53.8,49.74
O0000473,CUST00565,2025-09-20,P0017,1,0.2,UPI,Home,110.28,84.44,110.28,22.06,88.22,84.44,3.78
O0003464,CUST00022,2025-09-20,P0016,2,0.0,Card,Fashion,101.27,44.23,202.54,0.0,202.54,88.46,114.08
O0005014,CUST00442,2025-09-20,P0007,4,0.15,Wallet,Grocery,177.14,118.71,708.56,106.28,602.28,474.84,127.44
O0002257,CUST00289,2025-09-20,P0045,2,0.1,UPI,Grocery,121.81,53.8,243.62,24.36,219.26,107.6,111.66
O0003953,CUST00228,2025-09-20,P0037,3,0.0,COD,Fashion,32.76,22.26,98.28,0.0,98.28,66.78,31.5
O0003474,CUST00439,2025-09-20,P0024,3,0.05,COD,Grocery,220.04,119.95,660.12,33.01,627.11,359.85,267.26
O0004178,CUST00344,2025-09-21,P0001,3,0.0,Card,Fashion,114.26,54.48,342.78,0.0,342.78,163.44,179.34
O0003002,CUST00264,2025-09-21,P0026,3,0.1,UPI,Electronics,133.04,87.51,399.12,39.91,359.21,262.53,96.68
O0001121,CUST00395,2025-09-21,P0017,2,0.05,Net Banking,Home,110.28,84.44,220.56,11.03,209.53,168.88,40.65
O0000825,CUST00259,2025-09-21,P0021,2,0.0,Wallet,Beauty,264.24,127.61,528.48,0.0,528.48,255.22,273.26
O0004669,CUST00210,2025-09-21,P0023,2,0.1,Card,Fashion,67.68,45.5,135.36,13.54,121.82,91.0,30.82
O0002622,CUST00438,2025-09-22,P0035,3,0.2,Card,Home,139.63,80.04,418.89,83.78,335.11,240.12,94.99
O0002536,CUST00636,2025-09-22,P0039,1,0.0,COD,Electronics,302.32,141.08,302.32,0.0,302.32,141.08,161.24
O0002042,CUST00220,2025-09-22,P0019,1,0.05,UPI,Electronics,148.06,96.56,148.06,7.4,140.66,96.56,44.1
O0003833,CUST00364,2025-09-22,P0001,4,0.0,Card,Fashion,114.26,54.48,457.04,0.0,457.04,217.92,239.12
O0000063,CUST00239,2025-09-22,P0036,4,0.2,Card,Home,308.75,157.97,1235.0,247.0,988.0,631.88,356.12
O0000136,CUST00372,2025-09-22,P0028,1,0.15,Wallet,Electronics,164.95,128.88,164.95,24.74,140.21,128.88,11.33
O0001263,CUST00224,2025-09-22,P0036,1,0.15,COD,Home,308.75,157.97,308.75,46.31,262.44,157.97,104.47
O0000880,CUST00220,2025-09-22,P0035,1,0.15,Net Banking,Home,139.63,80.04,139.63,20.94,118.69,80.04,38.65
O0000614,CUST00176,2025-09-23,P0004,1,0.1,UPI,Home,54.29,27.5,54.29,5.43,48.86,27.5,21.36
O0000551,CUST00193,2025-09-23,P0015,2,0.0,UPI,Fashion,43.69,25.91,87.38,0.0,87.38,51.82,35.56
O0000447,CUST00556,2025-09-23,P0040,1,0.1,Card,Grocery,83.65,51.18,83.65,8.36,75.29,51.18,24.11
O0004559,CUST00276,2025-09-23,P0016,4,0.1,UPI,Fashion,101.27,44.23,405.08,40.51,364.57,176.92,187.65
O0003441,CUST00561,2025-09-23,P0016,3,0.05,Card,Fashion,101.27,44.23,303.81,15.19,288.62,132.69,155.93
O0004557,CUST00189,2025-09-23,P0004,1,0.15,Card,Home,54.29,27.5,54.29,8.14,46.15,27.5,18.65
O0000506,CUST00289,2025-09-23,P0034,1,0.05,COD,Electronics,186.26,105.01,186.26,9.31,176.95,105.01,71.94
O0000372,CUST00095,2025-09-24,P0012,1,0.0,Net Banking,Electronics,216.75,132.72,216.75,0.0,216.75,132.72,84.03
O0003671,CUST00287,2025-09-24,P0021,1,0.1,Card,Beauty,264.24,127.61,264.24,26.42,237.82,127.61,110.21
O0001570,CUST00307,2025-09-24,P0022,1,0.2,Card,Electronics,326.52,146.8,326.52,65.3,261.22,146.8,114.42
O0000804,CUST00068,2025-09-24,P0027,4,0.15,Wallet,Electronics,55.13,36.66,220.52,33.08,187.44,146.64,40.8
O0003018,CUST00036,2025-09-24,P0030,3,0.2,Card,Grocery,239.09,117.72,717.27,143.45,573.82,353.16,220.66
O0001830,CUST00517,2025-09-24,P0007,2,0.15,Card,Grocery,177.14,118.71,354.28,53.14,301.14,237.42,63.72
O0001188,CUST00495,2025-09-24,P0038,3,0.1,Net Banking,Fashion,157.39,70.68,472.17,47.22,424.95,212.04,212.91
O0003845,CUST00634,2025-09-25,P0019,2,0.15,Card,Electronics,148.06,96.56,296.12,44.42,251.7,193.12,58.58
O0004721,CUST00056,2025-09-25,P0041,1,0.1,UPI,Grocery,240.98,127.74,240.98,24.1,216.88,127.74,89.14
O0004846,CUST00610,2025-09-25,P0010,2,0.0,Card,Grocery,158.28,88.17,316.56,0.0,316.56,176.34,140.22
O0001084,CUST00617,2025-09-25,P0011,2,0.1,Net Banking,Electronics,158.87,121.21,317.74,31.77,285.97,242.42,43.55
O0002019,CUST00629,2025-09-25,P0014,1,0.05,Card,Electronics,66.45,51.75,66.45,3.32,63.13,51.75,11.38
O0000465,CUST00027,2025-09-25,P0044,1,0.05,Wallet,Home,319.2,142.3,319.2,15.96,303.24,142.3,160.94
O0004818,CUST00045,2025-09-26,P0020,1,0.05,COD,Home,149.95,68.06,149.95,7.5,142.45,68.06,74.39
O0003436,CUST00355,2025-09-26,P0024,4,0.05,Wallet,Grocery,220.04,119.95,880.16,44.01,836.15,479.8,356.35
O0003856,CUST00170,2025-09-26,P0007,1,0.1,Card,Grocery,177.14,118.71,177.14,17.71,159.43,118.71,40.72
O0001063,CUST00433,2025-09-26,P0041,1,0.0,Card,Grocery,240.98,127.74,240.98,0.0,240.98,127.74,113.24
O0001849,CUST00404,2025-09-26,P0032,2,0.2,UPI,Electronics,325.98,157.6,651.96,130.39,521.57,315.2,206.37
O0004238,CUST00437,2025-09-26,P0025,3,0.0,Wallet,Fashion,234.0,111.05,702.0,0.0,702.0,333.15,368.85
O0003187,CUST00107,2025-09-26,P0002,1,0.0,COD,Electronics,165.42,102.08,165.42,0.0,165.42,102.08,63.34
O0004793,CUST00035,2025-09-26,P0035,4,0.0,COD,Home,139.63,80.04,558.52,0.0,558.52,320.16,238.36
O0002858,CUST00645,2025-09-26,P0033,1,0.2,Card,Fashion,112.86,61.51,112.86,22.57,90.29,61.51,28.78
O0004923,CUST00600,2025-09-27,P0014,3,0.1,UPI,Electronics,66.45,51.75,199.35,19.94,179.41,155.25,24.16
O0002787,CUST00232,2025-09-27,P0012,1,0.0,Card,Electronics,216.75,132.72,216.75,0.0,216.75,132.72,84.03
O0005032,CUST00421,2025-09-27,P0038,1,0.1,Net Banking,Fashion,157.39,70.68,157.39,15.74,141.65,70.68,70.97
O0005157,CUST00394,2025-09-27,P0039,1,0.2,Card,Electronics,302.32,141.08,302.32,60.46,241.86,141.08,100.78
O0001569,CUST00031,2025-09-27,P0042,4,0.1,Card,Fashion,92.99,66.18,371.96,37.2,334.76,264.72,70.04
O0001261,CUST00183,2025-09-27,P0004,1,0.05,Card,Home,54.29,27.5,54.29,2.71,51.58,27.5,24.08
O0002586,CUST00495,2025-09-27,P0007,1,0.1,Net Banking,Grocery,177.14,118.71,177.14,17.71,159.43,118.71,40.72
O0000432,CUST00164,2025-09-28,P0030,1,0.0,Card,Grocery,239.09,117.72,239.09,0.0,239.09,117.72,121.37
O0001786,CUST00343,2025-09-28,P0010,4,0.05,Card,Grocery,158.28,88.17,633.12,31.66,601.46,352.68,248.78
O0001285,CUST00286,2025-09-28,P0027,4,0.0,Card,Electronics,55.13,36.66,220.52,0.0,220.52,146.64,73.88
O0001045,CUST00013,2025-09-28,P0021,2,0.0,Card,Beauty,264.24,127.61,528.48,0.0,528.48,255.22,273.26
O0000043,CUST00245,2025-09-28,P0001,2,0.1,Wallet,Fashion,114.26,54.48,228.52,22.85,205.67,108.96,96.71
O0001492,CUST00573,2025-09-28,P0027,4,0.05,Net Banking,Electronics,55.13,36.66,220.52,11.03,209.49,146.64,62.85
O0001820,CUST00137,2025-09-28,P0044,1,0.1,Card,Home,319.2,142.3,319.2,31.92,287.28,142.3,144.98
O0000485,CUST00594,2025-09-28,P0037,1,0.2,COD,Fashion,32.76,22.26,32.76,6.55,26.21,22.26,3.95
O0001107,CUST00107,2025-09-29,P0024,1,0.0,COD,Grocery,220.04,119.95,220.04,0.0,220.04,119.95,100.09
O0005115,CUST00611,2025-09-29,P0005,2,0.05,Card,Electronics,273.97,126.69,547.94,27.4,520.54,253.38,267.16
O0002041,CUST00031,2025-09-29,P0042,4,0.0,Card,Fashion,92.99,66.18,371.96,0.0,371.96,264.72,107.24
O0002329,CUST00261,2025-09-29,P0026,1,0.1,COD,Electronics,133.04,87.51,133.04,13.3,119.74,87.51,32.23
O0001248,CUST00397,2025-09-29,P0039,2,0.15,UPI,Electronics,302.32,141.08,604.64,90.7,513.94,282.16,231.78
O0004622,CUST00267,2025-09-29,P0044,1,0.05,Card,Home,319.2,142.3,319.2,15.96,303.24,142.3,160.94
O0004409,CUST00266,2025-09-29,P0008,1,0.0,Net Banking,Fashion,152.63,75.07,152.63,0.0,152.63,75.07,77.56
O0000361,CUST00397,2025-09-29,P0010,1,0.15,UPI,Grocery,158.28,88.17,158.28,23.74,134.54,88.17,46.37
O0003608,CUST00433,2025-09-29,P0005,1,0.0,Wallet,Electronics,273.97,126.69,273.97,0.0,273.97,126.69,147.28
O0001135,CUST00529,2025-09-29,P0029,1,0.0,Wallet,Home,354.92,154.02,354.92,0.0,354.92,154.02,200.9
O0003891,CUST00610,2025-09-29,P0024,2,0.1,COD,Grocery,220.04,119.95,440.08,44.01,396.07,239.9,156.17
O0000699,CUST00283,2025-09-30,P0005,4,0.0,Card,Electronics,273.97,126.69,1095.88,0.0,1095.88,506.76,589.12
O0004628,CUST00177,2025-09-30,P0035,1,0.0,Net Banking,Home,139.63,80.04,139.63,0.0,139.63,80.04,59.59
O0000366,CUST00580,2025-09-30,P0012,1,0.0,UPI,Electronics,216.75,132.72,216.75,0.0,216.75,132.72,84.03
O0004452,CUST00038,2025-09-30,P0025,2,0.1,Wallet,Fashion,234.0,111.05,468.0,46.8,421.2,222.1,199.1
O0000990,CUST00019,2025-09-30,P0016,2,0.0,Card,Fashion,101.27,44.23,202.54,0.0,202.54,88.46,114.08
O0001905,CUST00392,2025-09-30,P0004,2,0.1,Card,Home,54.29,27.5,108.58,10.86,97.72,55.0,42.72
O0000898,CUST00027,2025-10-01,P0032,1,0.05,UPI,Electronics,325.98,157.6,325.98,16.3,309.68,157.6,152.08
O0004531,CUST00323,2025-10-01,P0044,1,0.0,UPI,Home,319.2,142.3,319.2,0.0,319.2,142.3,176.9
O0001323,CUST00516,2025-10-01,P0010,1,0.0,Wallet,Grocery,158.28,88.17,158.28,0.0,158.28,88.17,70.11
O0003116,CUST00594,2025-10-02,P0014,2,0.1,Card,Electronics,66.45,51.75,132.9,13.29,119.61,103.5,16.11
O0003191,CUST00168,2025-10-02,P0043,2,0.15,Net Banking,Electronics,364.08,156.96,728.16,109.22,618.94,313.92,305.02
O0002168,CUST00224,2025-10-02,P0006,2,0.1,COD,Beauty,192.36,150.65,384.72,38.47,346.25,301.3,44.95
O0005011,CUST00285,2025-10-03,P0037,1,0.15,Wallet,Fashion,32.76,22.26,32.76,4.91,27.85,22.26,5.59
O0004591,CUST00266,2025-10-03,P0030,3,0.0,Card,Grocery,239.09,117.72,717.27,0.0,717.27,353.16,364.11
O0004217,CUST00490,2025-10-03,P0009,2,0.1,Card,Fashion,264.14,141.26,528.28,52.83,475.45,282.52,192.93
O0002471,CUST00061,2025-10-03,P0003,2,0.15,UPI,Home,236.77,123.51,473.54,71.03,402.51,247.02,155.49
O0000757,CUST00031,2025-10-03,P0034,1,0.05,UPI,Electronics,186.26,105.01,186.26,9.31,176.95,105.01,71.94
O0004644,CUST00429,2025-10-03,P0024,1,0.05,Net Banking,Grocery,220.04,119.95,220.04,11.0,209.04,119.95,89.09
O0003304,CUST00508,2025-10-03,P0013,1,0.1,Net Banking,Grocery,268.38,121.9,268.38,26.84,241.54,121.9,119.64
O0001000,CUST00405,2025-10-04,P0007,1,0.1,Card,Grocery,177.14,118.71,177.14,17.71,159.43,118.71,40.72
O0000896,CUST00288,2025-10-04,P0004,2,0.0,UPI,Home,54.29,27.5,108.58,0.0,108.58,55.0,53.58
O0003508,CUST00177,2025-10-04,P0043,3,0.05,COD,Electronics,364.08,156.96,1092.24,54.61,1037.63,470.88,566.75
O0002531,CUST00557,2025-10-04,P0005,4,0.0,COD,Electronics,273.97,126.69,1095.88,0.0,1095.88,506.76,589.12
O0004472,CUST00237,2025-10-04,P0023,1,0.05,Wallet,Fashion,67.68,45.5,67.68,3.38,64.3,45.5,18.8
O0000866,CUST00112,2025-10-04,P0009,2,0.0,UPI,Fashion,264.14,141.26,528.28,0.0,528.28,282.52,245.76
O0000064,CUST00586,2025-10-04,P0016,1,0.05,UPI,Fashion,101.27,44.23,101.27,5.06,96.21,44.23,51.98
O0003311,CUST00437,2025-10-05,P0036,1,0.1,UPI,Home,308.75,157.97,308.75,30.88,277.87,157.97,119.9
O0004581,CUST00026,2025-10-05,P0035,2,0.1,Net Banking,Home,139.63,80.04,279.26,27.93,251.33,160.08,91.25
O0000960,CUST00351,2025-10-05,P0011,2,0.1,Card,Electronics,158.87,121.21,317.74,31.77,285.97,242.42,43.55
O0001228,CUST00327,2025-10-05,P0020,1,0.0,UPI,Home,149.95,68.06,149.95,0.0,149.95,68.06,81.89
O0000253,CUST00544,2025-10-05,P0041,2,0.0,UPI,Grocery,240.98,127.74,481.96,0.0,481.96,255.48,226.48
O0001689,CUST00095,2025-10-06,P0003,3,0.1,Net Banking,Home,236.77,123.51,710.31,71.03,639.28,370.53,268.75
O0001415,CUST00348,2025-10-06,P0006,4,0.05,Wallet,Beauty,192.36,150.65,769.44,38.47,730.97,602.6,128.37
O0000112,CUST00070,2025-10-06,P0045,4,0.0,UPI,Grocery,121.81,53.8,487.24,0.0,487.24,215.2,272.04
O0002768,CUST00031,2025-10-06,P0003,1,0.05,Card,Home,236.77,123.51,236.77,11.84,224.93,123.51,101.42
O0003583,CUST00190,2025-10-06,P0014,4,0.1,UPI,Electronics,66.45,51.75,265.8,26.58,239.22,207.0,32.22
O0003368,CUST00200,2025-10-07,P0043,1,0.0,UPI,Electronics,364.08,156.96,364.08,0.0,364.08,156.96,207.12
O0002886,CUST00126,2025-10-07,P0009,1,0.05,Net Banking,Fashion,264.14,141.26,264.14,13.21,250.93,141.26,109.67
O0003715,CUST00239,2025-10-07,P0040,2,0.1,UPI,Grocery,83.65,51.18,167.3,16.73,150.57,102.36,48.21
O0002232,CUST00180,2025-10-07,P0014,3,0.0,Net Banking,Electronics,66.45,51.75,199.35,0.0,199.35,155.25,44.1
O0000045,CUST00536,2025-10-07,P0008,2,0.05,Net Banking,Fashion,152.63,75.07,305.26,15.26,290.0,150.14,139.86
O0002280,CUST00147,2025-10-07,P0018,2,0.1,COD,Beauty,175.93,84.8,351.86,35.19,316.67,169.6,147.07
O0004613,CUST00187,2025-10-08,P0014,1,0.05,Card,Electronics,66.45,51.75,66.45,3.32,63.13,51.75,11.38
O0000828,CUST00369,2025-10-08,P0016,3,0.05,UPI,Fashion,101.27,44.23,303.81,15.19,288.62,132.69,155.93
O0005190,CUST00100,2025-10-08,P0003,1,0.0,UPI,Home,236.77,123.51,236.77,0.0,236.77,123.51,113.26
O0004800,CUST00557,2025-10-08,P0010,2,0.0,COD,Grocery,158.28,88.17,316.56,0.0,316.56,176.34,140.22
O0003533,CUST00130,2025-10-08,P0029,2,0.15,UPI,Home,354.92,154.02,709.84,106.48,603.36,308.04,295.32
O0002020,CUST00307,2025-10-09,P0005,3,0.0,Card,Electronics,273.97,126.69,821.91,0.0,821.91,380.07,441.84
O0005017,CUST00598,2025-10-09,P0028,4,0.05,Card,Electronics,164.95,128.88,659.8,32.99,626.81,515.52,111.29
O0001880,CUST00376,2025-10-09,P0036,2,0.0,Card,Home,308.75,157.97,617.5,0.0,617.5,315.94,301.56
O0003592,CUST00543,2025-10-09,P0032,4,0.1,COD,Electronics,325.98,157.6,1303.92,130.39,1173.53,630.4,543.13
O0001314,CUST00361,2025-10-09,P0007,1,0.1,COD,Grocery,177.14,118.71,177.14,17.71,159.43,118.71,40.72
O0000234,CUST00437,2025-10-09,P0017,1,0.0,UPI,Home,110.28,84.44,110.28,0.0,110.28,84.44,25.84
O0004693,CUST00463,2025-10-10,P0029,1,0.2,COD,Home,354.92,154.02,354.92,70.98,283.94,154.02,129.92
O0003906,CUST00528,2025-10-10,P0027,1,0.1,UPI,Electronics,55.13,36.66,55.13,5.51,49.62,36.66,12.96
O0002493,CUST00553,2025-10-10,P0003,1,0.1,Net Banking,Home,236.77,123.51,236.77,23.68,213.09,123.51,89.58
O0001988,CUST00429,2025-10-10,P0035,4,0.0,COD,Home,139.63,80.04,558.52,0.0,558.52,320.16,238.36
O0002201,CUST00484,2025-10-10,P0013,2,0.05,UPI,Grocery,268.38,121.9,536.76,26.84,509.92,243.8,266.12
O0003760,CUST00591,2025-10-10,P0002,3,0.05,COD,Electronics,165.42,102.08,496.26,24.81,471.45,306.24,165.21
O0000586,CUST00069,2025-10-11,P0009,4,0.0,UPI,Fashion,264.14,141.26,1056.56,0.0,1056.56,565.04,491.52
O0002549,CUST00576,2025-10-11,P0040,1,0.1,Card,Grocery,83.65,51.18,83.65,8.36,75.29,51.18,24.11
O0003820,CUST00490,2025-10-11,P0015,1,0.05,Card,Fashion,43.69,25.91,43.69,2.18,41.51,25.91,15.6
O0003072,CUST00406,2025-10-11,P0012,4,0.1,COD,Electronics,216.75,132.72,867.0,86.7,780.3,530.88,249.42
O0001272,CUST00379,2025-10-11,P0011,1,0.1,UPI,Electronics,158.87,121.21,158.87,15.89,142.98,121.21,21.77
O0003822,CUST00568,2025-10-12,P0011,2,0.1,UPI,Electronics,158.87,121.21,317.74,31.77,285.97,242.42,43.55
O0002423,CUST00332,2025-10-12,P0007,1,0.05,UPI,Grocery,177.14,118.71,177.14,8.86,168.28,118.71,49.57
O0004205,CUST00266,2025-10-12,P0042,3,0.1,UPI,Fashion,92.99,66.18,278.97,27.9,251.07,198.54,52.53
O0003053,CUST00296,2025-10-12,P0019,2,0.0,COD,Electronics,148.06,96.56,296.12,0.0,296.12,193.12,103.0
O0002750,CUST00543,2025-10-12,P0023,2,0.2,UPI,Fashion,67.68,45.5,135.36,27.07,108.29,91.0,17.29
O0003086,CUST00043,2025-10-12,P0010,1,0.1,Card,Grocery,158.28,88.17,158.28,15.83,142.45,88.17,54.28
O0003997,CUST00429,2025-10-12,P0039,2,0.05,UPI,Electronics,302.32,141.08,604.64,30.23,574.41,282.16,292.25
O0000162,CUST00220,2025-10-13,P0012,2,0.05,UPI,Electronics,216.75,132.72,433.5,21.68,411.82,265.44,146.38
O0004522,CUST00092,2025-10-13,P0031,4,0.2,UPI,Electronics,287.51,147.51,1150.04,230.01,920.03,590.04,329.99
O0003584,CUST00036,2025-10-13,P0028,1,0.1,UPI,Electronics,164.95,128.88,164.95,16.5,148.45,128.88,19.57
O0001679,CUST00611,2025-10-13,P0013,3,0.0,Net Banking,Grocery,268.38,121.9,805.14,0.0,805.14,365.7,439.44
O0003421,CUST00204,2025-10-14,P0001,1,0.0,Net Banking,Fashion,114.26,54.48,114.26,0.0,114.26,54.48,59.78
O0002742,CUST00569,2025-10-14,P0008,2,0.0,Card,Fashion,152.63,75.07,305.26,0.0,305.26,150.14,155.12
O0003361,CUST00395,2025-10-14,P0006,1,0.0,UPI,Beauty,192.36,150.65,192.36,0.0,192.36,150.65,41.71
O0002532,CUST00046,2025-10-15,P0024,1,0.15,Card,Grocery,220.04,119.95,220.04,33.01,187.03,119.95,67.08
O0003979,CUST00495,2025-10-15,P0040,2,0.15,Wallet,Grocery,83.65,51.18,167.3,25.1,142.2,102.36,39.84
O0004150,CUST00624,2025-10-15,P0038,3,0.0,Wallet,Fashion,157.39,70.68,472.17,0.0,472.17,212.04,260.13
O0005016,CUST00095,2025-10-15,P0018,3,0.0,Wallet,Beauty,175.93,84.8,527.79,0.0,527.79,254.4,273.39
O0002065,CUST00220,2025-10-15,P0004,3,0.0,UPI,Home,54.29,27.5,162.87,0.0,162.87,82.5,80.37
O0002535,CUST00376,2025-10-15,P0013,2,0.05,Wallet,Grocery,268.38,121.9,536.76,26.84,509.92,243.8,266.12
O0005104,CUST00330,2025-10-16,P0028,1,0.1,Card,Electronics,164.95,128.88,164.95,16.5,148.45,128.88,19.57
O0000235,CUST00112,2025-10-16,P0022,4,0.1,UPI,Electronics,326.52,146.8,1306.08,130.61,1175.47,587.2,588.27
O0004296,CUST00256,2025-10-16,P0043,4,0.0,UPI,Electronics,364.08,156.96,1456.32,0.0,1456.32,627.84,828.48
O0000367,CUST00179,2025-10-16,P0035,2,0.15,COD,Home,139.63,80.04,279.26,41.89,237.37,160.08,77.29
O0003965,CUST00478,2025-10-16,P0034,2,0.0,UPI,Electronics,186.26,105.01,372.52,0.0,372.52,210.02,162.5
O0004706,CUST00245,2025-10-16,P0023,1,0.1,Card,Fashion,67.68,45.5,67.68,6.77,60.91,45.5,15.41
O0004956,CUST00530,2025-10-16,P0010,1,0.0,Card,Grocery,158.28,88.17,158.28,0.0,158.28,88.17,70.11
O0000886,CUST00132,2025-10-16,P0043,3,0.15,COD,Electronics,364.08,156.96,1092.24,163.84,928.4,470.88,457.52
O0001413,CUST00579,2025-10-16,P0039,1,0.0,Net Banking,Electronics,302.32,141.08,302.32,0.0,302.32,141.08,161.24
O0004206,CUST00608,2025-10-16,P0045,3,0.0,Card,Grocery,121.81,53.8,365.43,0.0,365.43,161.4,204.03
O0000933,CUST00358,2025-10-16,P0034,2,0.1,Net Banking,Electronics,186.26,105.01,372.52,37.25,335.27,210.02,125.25
O0003320,CUST00306,2025-10-16,P0001,2,0.0,Wallet,Fashion,114.26,54.48,228.52,0.0,228.52,108.96,119.56
O0003649,CUST00379,2025-10-16,P0008,1,0.1,Card,Fashion,152.63,75.07,152.63,15.26,137.37,75.07,62.3
O0003527,CUST00102,2025-10-16,P0037,1,0.0,COD,Fashion,32.76,22.26,32.76,0.0,32.76,22.26,10.5
O0002341,CUST00160,2025-10-16,P0033,1,0.2,Wallet,Fashion,112.86,61.51,112.86,22.57,90.29,61.51,28.78
O0000231,CUST00195,2025-10-17,P0043,1,0.05,Wallet,Electronics,364.08,156.96,364.08,18.2,345.88,156.96,188.92
O0003034,CUST00029,2025-10-17,P0037,3,0.1,Net Banking,Fashion,32.76,22.26,98.28,9.83,88.45,66.78,21.67
O0004446,CUST00086,2025-10-17,P0019,4,0.1,Net Banking,Electronics,148.06,96.56,592.24,59.22,533.02,386.24,146.78
O0001753,CUST00216,2025-10-17,P0033,2,0.1,UPI,Fashion,112.86,61.51,225.72,22.57,203.15,123.02,80.13
O0003753,CUST00630,2025-10-17,P0010,1,0.2,COD,Grocery,158.28,88.17,158.28,31.66,126.62,88.17,38.45
O0002755,CUST00193,2025-10-17,P0018,4,0.1,UPI,Beauty,175.93,84.8,703.72,70.37,633.35,339.2,294.15
O0004197,CUST00545,2025-10-17,P0032,1,0.05,COD,Electronics,325.98,157.6,325.98,16.3,309.68,157.6,152.08
O0000380,CUST00348,2025-10-17,P0001,2,0.0,Wallet,Fashion,114.26,54.48,228.52,0.0,228.52,108.96,119.56
O0003550,CUST00029,2025-10-17,P0006,2,0.1,UPI,Beauty,192.36,150.65,384.72,38.47,346.25,301.3,44.95
O0001729,CUST00386,2025-10-17,P0013,4,0.0,Card,Grocery,268.38,121.9,1073.52,0.0,1073.52,487.6,585.92
O0004989,CUST00446,2025-10-18,P0038,3,0.05,Card,Fashion,157.39,70.68,472.17,23.61,448.56,212.04,236.52
O0005117,CUST00010,2025-10-18,P0001,4,0.0,COD,Fashion,114.26,54.48,457.04,0.0,457.04,217.92,239.12
O0004301,CUST00208,2025-10-18,P0039,2,0.1,Net Banking,Electronics,302.32,141.08,604.64,60.46,544.18,282.16,262.02
O0004236,CUST00074,2025-10-19,P0018,4,0.05,COD,Beauty,175.93,84.8,703.72,35.19,668.53,339.2,329.33
O0003887,CUST00048,2025-10-19,P0044,2,0.0,Wallet,Home,319.2,142.3,638.4,0.0,638.4,284.6,353.8
O0001085,CUST00582,2025-10-19,P0026,1,0.0,Net Banking,Electronics,133.04,87.51,133.04,0.0,133.04,87.51,45.53
O0004044,CUST00173,2025-10-19,P0038,2,0.0,Card,Fashion,157.39,70.68,314.78,0.0,314.78,141.36,173.42
O0003709,CUST00616,2025-10-19,P0034,4,0.0,COD,Electronics,186.26,105.01,745.04,0.0,745.04,420.04,325.0
O0004766,CUST00459,2025-10-19,P0005,1,0.2,UPI,Electronics,273.97,126.69,273.97,54.79,219.18,126.69,92.49
O0001762,CUST00417,2025-10-19,P0025,1,0.05,UPI,Fashion,234.0,111.05,234.0,11.7,222.3,111.05,111.25
O0001320,CUST00337,2025-10-19,P0035,4,0.2,Card,Home,139.63,80.04,558.52,111.7,446.82,320.16,126.66
O0001596,CUST00007,2025-10-20,P0011,1,0.1,Net Banking,Electronics,158.87,121.21,158.87,15.89,142.98,121.21,21.77
O0004525,CUST00364,2025-10-20,P0018,1,0.2,UPI,Beauty,175.93,84.8,175.93,35.19,140.74,84.8,55.94
O0001050,CUST00400,2025-10-20,P0024,1,0.05,COD,Grocery,220.04,119.95,220.04,11.0,209.04,119.95,89.09
O0003128,CUST00486,2025-10-21,P0015,2,0.2,Card,Fashion,43.69,25.91,87.38,17.48,69.9,51.82,18.08
O0002119,CUST00394,2025-10-21,P0022,4,0.2,UPI,Electronics,326.52,146.8,1306.08,261.22,1044.86,587.2,457.66
O0003313,CUST00643,2025-10-21,P0039,2,0.15,COD,Electronics,302.32,141.08,604.64,90.7,513.94,282.16,231.78
O0002826,CUST00385,2025-10-21,P0034,3,0.2,Card,Electronics,186.26,105.01,558.78,111.76,447.02,315.03,131.99
O0002635,CUST00057,2025-10-21,P0008,4,0.1,Card,Fashion,152.63,75.07,610.52,61.05,549.47,300.28,249.19
O0005171,CUST00117,2025-10-22,P0013,2,0.2,COD,Grocery,268.38,121.9,536.76,107.35,429.41,243.8,185.61
O0001699,CUST00379,2025-10-22,P0040,2,0.0,Wallet,Grocery,83.65,51.18,167.3,0.0,167.3,102.36,64.94
O0001141,CUST00523,2025-10-22,P0030,1,0.0,Card,Grocery,239.09,117.72,239.09,0.0,239.09,117.72,121.37
O0004539,CUST00037,2025-10-22,P0008,2,0.0,UPI,Fashion,152.63,75.07,305.26,0.0,305.26,150.14,155.12
O0002226,CUST00271,2025-10-22,P0028,4,0.0,Card,Electronics,164.95,128.88,659.8,0.0,659.8,515.52,144.28
O0004013,CUST00437,2025-10-22,P0041,1,0.05,COD,Grocery,240.98,127.74,240.98,12.05,228.93,127.74,101.19
O0002613,CUST00323,2025-10-22,P0026,1,0.15,COD,Electronics,133.04,87.51,133.04,19.96,113.08,87.51,25.57
O0003507,CUST00546,2025-10-23,P0015,2,0.0,COD,Fashion,43.69,25.91,87.38,0.0,87.38,51.82,35.56
O0002617,CUST00095,2025-10-23,P0007,1,0.2,Card,Grocery,177.14,118.71,177.14,35.43,141.71,118.71,23.0
O0000341,CUST00143,2025-10-23,P0033,2,0.05,Card,Fashion,112.86,61.51,225.72,11.29,214.43,123.02,91.41
O0001583,CUST00600,2025-10-23,P0031,4,0.0,Wallet,Electronics,287.51,147.51,1150.04,0.0,1150.04,590.04,560.0
O0004288,CUST00612,2025-10-23,P0009,4,0.0,Wallet,Fashion,264.14,141.26,1056.56,0.0,1056.56,565.04,491.52
O0000502,CUST00211,2025-10-23,P0033,2,0.15,COD,Fashion,112.86,61.51,225.72,33.86,191.86,123.02,68.84
O0003277,CUST00207,2025-10-23,P0044,1,0.0,Card,Home,319.2,142.3,319.2,0.0,319.2,142.3,176.9
O0003580,CUST00529,2025-10-23,P0005,3,0.0,UPI,Electronics,273.97,126.69,821.91,0.0,821.91,380.07,441.84
O0004938,CUST00106,2025-10-23,P0014,2,0.1,Card,Electronics,66.45,51.75,132.9,13.29,119.61,103.5,16.11
O0003565,CUST00261,2025-10-23,P0028,3,0.15,Card,Electronics,164.95,128.88,494.85,74.23,420.62,386.64,33.98
O0001221,CUST00505,2025-10-23,P0027,1,0.15,Wallet,Electronics,55.13,36.66,55.13,8.27,46.86,36.66,10.2
O0004492,CUST00418,2025-10-24,P0030,2,0.0,Card,Grocery,239.09,117.72,478.18,0.0,478.18,235.44,242.74
O0001327,CUST00321,2025-10-24,P0017,1,0.1,Net Banking,Home,110.28,84.44,110.28,11.03,99.25,84.44,14.81
O0003390,CUST00388,2025-10-24,P0042,3,0.2,Card,Fashion,92.99,66.18,278.97,55.79,223.18,198.54,24.64
O0001784,CUST00131,2025-10-24,P0008,1,0.05,UPI,Fashion,152.63,75.07,152.63,7.63,145.0,75.07,69.93
O0001714,CUST00179,2025-10-25,P0020,4,0.0,COD,Home,149.95,68.06,599.8,0.0,599.8,272.24,327.56
O0002931,CUST00107,2025-10-25,P0021,1,0.05,Wallet,Beauty,264.24,127.61,264.24,13.21,251.03,127.61,123.42
O0001292,CUST00643,2025-10-25,P0023,3,0.1,Card,Fashion,67.68,45.5,203.04,20.3,182.74,136.5,46.24
O0002697,CUST00127,2025-10-25,P0045,1,0.05,COD,Grocery,121.81,53.8,121.81,6.09,115.72,53.8,61.92
O0000864,CUST00306,2025-10-25,P0024,4,0.05,Card,Grocery,220.04,119.95,880.16,44.01,836.15,479.8,356.35
O0001465,CUST00002,2025-10-25,P0036,4,0.2,COD,Home,308.75,157.97,1235.0,247.0,988.0,631.88,356.12
O0002900,CUST00414,2025-10-25,P0030,1,0.05,Wallet,Grocery,239.09,117.72,239.09,11.95,227.14,117.72,109.42
O0004251,CUST00132,2025-10-26,P0041,3,0.15,COD,Grocery,240.98,127.74,722.94,108.44,614.5,383.22,231.28
O0003752,CUST00230,2025-10-26,P0007,4,0.1,Card,Grocery,177.14,118.71,708.56,70.86,637.7,474.84,162.86
O0004105,CUST00066,2025-10-26,P0041,2,0.05,UPI,Grocery,240.98,127.74,481.96,24.1,457.86,255.48,202.38
O0000365,CUST00371,2025-10-26,P0015,1,0.05,COD,Fashion,43.69,25.91,43.69,2.18,41.51,25.91,15.6
O0004487,CUST00602,2025-10-26,P0030,1,0.0,Card,Grocery,239.09,117.72,239.09,0.0,239.09,117.72,121.37
O0001059,CUST00142,2025-10-27,P0014,1,0.0,UPI,Electronics,66.45,51.75,66.45,0.0,66.45,51.75,14.7
O0001873,CUST00634,2025-10-27,P0009,2,0.05,COD,Fashion,264.14,141.26,528.28,26.41,501.87,282.52,219.35
O0002890,CUST00343,2025-10-27,P0014,4,0.05,Card,Electronics,66.45,51.75,265.8,13.29,252.51,207.0,45.51
O0000767,CUST00403,2025-10-27,P0040,1,0.2,UPI,Grocery,83.65,51.18,83.65,16.73,66.92,51.18,15.74
O0001184,CUST00190,2025-10-28,P0020,2,0.2,COD,Home,149.95,68.06,299.9,59.98,239.92,136.12,103.8
O0000311,CUST00497,2025-10-28,P0026,1,0.2,COD,Electronics,133.04,87.51,133.04,26.61,106.43,87.51,18.92
O0004122,CUST00594,2025-10-28,P0028,1,0.2,Card,Electronics,164.95,128.88,164.95,32.99,131.96,128.88,3.08
O0005192,CUST00249,2025-10-28,P0044,1,0.05,Card,Home,319.2,142.3,319.2,15.96,303.24,142.3,160.94
O0002432,CUST00292,2025-10-28,P0004,4,0.2,UPI,Home,54.29,27.5,217.16,43.43,173.73,110.0,63.73
O0004261,CUST00260,2025-10-29,P0022,1,0.1,Card,Electronics,326.52,146.8,326.52,32.65,293.87,146.8,147.07
O0000242,CUST00046,2025-10-29,P0031,1,0.05,Net Banking,Electronics,287.51,147.51,287.51,14.38,273.13,147.51,125.62
O0003766,CUST00375,2025-10-29,P0026,2,0.0,COD,Electronics,133.04,87.51,266.08,0.0,266.08,175.02,91.06
O0004163,CUST00588,2025-10-29,P0038,4,0.0,COD,Fashion,157.39,70.68,629.56,0.0,629.56,282.72,346.84
O0001229,CUST00398,2025-10-29,P0011,1,0.1,Card,Electronics,158.87,121.21,158.87,15.89,142.98,121.21,21.77
O0001558,CUST00594,2025-10-29,P0031,3,0.2,Card,Electronics,287.51,147.51,862.53,172.51,690.02,442.53,247.49
O0002195,CUST00648,2025-10-30,P0001,2,0.0,COD,Fashion,114.26,54.48,228.52,0.0,228.52,108.96,119.56
O0003026,CUST00380,2025-10-30,P0010,2,0.0,UPI,Grocery,158.28,88.17,316.56,0.0,316.56,176.34,140.22
O0002288,CUST00044,2025-10-30,P0018,4,0.1,UPI,Beauty,175.93,84.8,703.72,70.37,633.35,339.2,294.15
O0004773,CUST00590,2025-10-30,P0019,2,0.0,Wallet,Electronics,148.06,96.56,296.12,0.0,296.12,193.12,103.0
O0002749,CUST00139,2025-10-30,P0038,2,0.0,UPI,Fashion,157.39,70.68,314.78,0.0,314.78,141.36,173.42
O0002316,CUST00184,2025-10-31,P0040,2,0.0,Card,Grocery,83.65,51.18,167.3,0.0,167.3,102.36,64.94
O0001370,CUST00634,2025-10-31,P0019,2,0.0,Card,Electronics,148.06,96.56,296.12,0.0,296.12,193.12,103.0
O0001310,CUST00517,2025-10-31,P0024,1,0.05,Card,Grocery,220.04,119.95,220.04,11.0,209.04,119.95,89.09
O0000381,CUST00598,2025-10-31,P0002,1,0.05,Card,Electronics,165.42,102.08,165.42,8.27,157.15,102.08,55.07
O0004124,CUST00317,2025-11-01,P0005,2,0.2,Wallet,Electronics,273.97,126.69,547.94,109.59,438.35,253.38,184.97
O0005126,CUST00175,2025-11-01,P0041,4,0.05,Card,Grocery,240.98,127.74,963.92,48.2,915.72,510.96,404.76
O0001202,CUST00585,2025-11-01,P0010,3,0.1,UPI,Grocery,158.28,88.17,474.84,47.48,427.36,264.51,162.85
O0004276,CUST00288,2025-11-01,P0005,2,0.0,UPI,Electronics,273.97,126.69,547.94,0.0,547.94,253.38,294.56
O0004141,CUST00625,2025-11-01,P0002,1,0.1,Wallet,Electronics,165.42,102.08,165.42,16.54,148.88,102.08,46.8
O0004363,CUST00204,2025-11-01,P0022,1,0.0,UPI,Electronics,326.52,146.8,326.52,0.0,326.52,146.8,179.72
O0000781,CUST00610,2025-11-01,P0009,2,0.05,UPI,Fashion,264.14,141.26,528.28,26.41,501.87,282.52,219.35
O0004145,CUST00031,2025-11-01,P0016,2,0.15,COD,Fashion,101.27,44.23,202.54,30.38,172.16,88.46,83.7
O0005102,CUST00598,2025-11-02,P0005,1,0.05,COD,Electronics,273.97,126.69,273.97,13.7,260.27,126.69,133.58
O0002285,CUST00092,2025-11-02,P0027,3,0.05,COD,Electronics,55.13,36.66,165.39,8.27,157.12,109.98,47.14
O0003453,CUST00470,2025-11-02,P0020,2,0.1,Wallet,Home,149.95,68.06,299.9,29.99,269.91,136.12,133.79
O0000168,CUST00351,2025-11-02,P0019,2,0.1,UPI,Electronics,148.06,96.56,296.12,29.61,266.51,193.12,73.39
O0000343,CUST00513,2025-11-02,P0011,3,0.1,Card,Electronics,158.87,121.21,476.61,47.66,428.95,363.63,65.32
O0004358,CUST00248,2025-11-02,P0037,1,0.05,UPI,Fashion,32.76,22.26,32.76,1.64,31.12,22.26,8.86
O0001352,CUST00183,2025-11-02,P0026,2,0.05,UPI,Electronics,133.04,87.51,266.08,13.3,252.78,175.02,77.76
O0002348,CUST00213,2025-11-02,P0002,1,0.05,Wallet,Electronics,165.42,102.08,165.42,8.27,157.15,102.08,55.07
O0000247,CUST00279,2025-11-02,P0033,1,0.05,Wallet,Fashion,112.86,61.51,112.86,5.64,107.22,61.51,45.71
O0003538,CUST00414,2025-11-03,P0004,4,0.0,Card,Home,54.29,27.5,217.16,0.0,217.16,110.0,107.16
O0005075,CUST00115,2025-11-03,P0030,1,0.05,Wallet,Grocery,239.09,117.72,239.09,11.95,227.14,117.72,109.42
O0003638,CUST00350,2025-11-03,P0029,4,0.1,UPI,Home,354.92,154.02,1419.68,141.97,1277.71,616.08,661.63
O0001367,CUST00346,2025-11-03,P0040,4,0.0,COD,Grocery,83.65,51.18,334.6,0.0,334.6,204.72,129.88
O0002485,CUST00014,2025-11-03,P0037,1,0.0,Card,Fashion,32.76,22.26,32.76,0.0,32.76,22.26,10.5
O0001792,CUST00028,2025-11-03,P0031,1,0.0,UPI,Electronics,287.51,147.51,287.51,0.0,287.51,147.51,140.0
O0003046,CUST00384,2025-11-03,P0010,1,0.0,Card,Grocery,158.28,88.17,158.28,0.0,158.28,88.17,70.11
O0005156,CUST00058,2025-11-04,P0042,2,0.2,Card,Fashion,92.99,66.18,185.98,37.2,148.78,132.36,16.42
O0000135,CUST00602,2025-11-04,P0041,1,0.1,Card,Grocery,240.98,127.74,240.98,24.1,216.88,127.74,89.14
O0001865,CUST00123,2025-11-04,P0001,3,0.2,Card,Fashion,114.26,54.48,342.78,68.56,274.22,163.44,110.78
O0000513,CUST00268,2025-11-05,P0044,3,0.1,COD,Home,319.2,142.3,957.6,95.76,861.84,426.9,434.94
O0003853,CUST00586,2025-11-05,P0026,1,0.0,UPI,Electronics,133.04,87.51,133.04,0.0,133.04,87.51,45.53
O0004729,CUST00156,2025-11-05,P0014,4,0.0,COD,Electronics,66.45,51.75,265.8,0.0,265.8,207.0,58.8
O0002662,CUST00331,2025-11-05,P0038,1,0.0,COD,Fashion,157.39,70.68,157.39,0.0,157.39,70.68,86.71
O0000574,CUST00064,2025-11-05,P0013,2,0.0,UPI,Grocery,268.38,121.9,536.76,0.0,536.76,243.8,292.96
O0000571,CUST00574,2025-11-05,P0022,1,0.2,Card,Electronics,326.52,146.8,326.52,65.3,261.22,146.8,114.42
O0003378,CUST00132,2025-11-05,P0021,1,0.0,UPI,Beauty,264.24,127.61,264.24,0.0,264.24,127.61,136.63
O0002584,CUST00058,2025-11-05,P0003,2,0.05,UPI,Home,236.77,123.51,473.54,23.68,449.86,247.02,202.84
O0001806,CUST00232,2025-11-06,P0028,2,0.2,Card,Electronics,164.95,128.88,329.9,65.98,263.92,257.76,6.16
O0003300,CUST00525,2025-11-06,P0024,1,0.1,UPI,Grocery,220.04,119.95,220.04,22.0,198.04,119.95,78.09
O0001427,CUST00429,2025-11-06,P0031,1,0.0,Wallet,Electronics,287.51,147.51,287.51,0.0,287.51,147.51,140.0
O0004328,CUST00367,2025-11-06,P0032,2,0.1,UPI,Electronics,325.98,157.6,651.96,65.2,586.76,315.2,271.56
O0002974,CUST00533,2025-11-06,P0004,1,0.05,COD,Home,54.29,27.5,54.29,2.71,51.58,27.5,24.08
O0004348,CUST00157,2025-11-06,P0034,1,0.05,COD,Electronics,186.26,105.01,186.26,9.31,176.95,105.01,71.94
O0000698,CUST00649,2025-11-06,P0016,2,0.1,COD,Fashion,101.27,44.23,202.54,20.25,182.29,88.46,93.83
O0002989,CUST00429,2025-11-06,P0025,4,0.05,UPI,Fashion,234.0,111.05,936.0,46.8,889.2,444.2,445.0
O0002986,CUST00251,2025-11-06,P0010,2,0.0,COD,Grocery,158.28,88.17,316.56,0.0,316.56,176.34,140.22
O0004833,CUST00395,2025-11-07,P0038,1,0.1,COD,Fashion,157.39,70.68,157.39,15.74,141.65,70.68,70.97
O0001791,CUST00238,2025-11-07,P0025,2,0.1,Net Banking,Fashion,234.0,111.05,468.0,46.8,421.2,222.1,199.1
O0000865,CUST00503,2025-11-07,P0004,1,0.1,Net Banking,Home,54.29,27.5,54.29,5.43,48.86,27.5,21.36
O0000081,CUST00230,2025-11-07,P0044,1,0.0,Wallet,Home,319.2,142.3,319.2,0.0,319.2,142.3,176.9
O0005047,CUST00597,2025-11-08,P0042,4,0.2,UPI,Fashion,92.99,66.18,371.96,74.39,297.57,264.72,32.85
O0004333,CUST00394,2025-11-08,P0031,4,0.0,COD,Electronics,287.51,147.51,1150.04,0.0,1150.04,590.04,560.0
O0001862,CUST00579,2025-11-08,P0037,1,0.15,Wallet,Fashion,32.76,22.26,32.76,4.91,27.85,22.26,5.59
O0002014,CUST00403,2025-11-08,P0009,2,0.2,Card,Fashion,264.14,141.26,528.28,105.66,422.62,282.52,140.1
O0004352,CUST00268,2025-11-08,P0018,2,0.05,COD,Beauty,175.93,84.8,351.86,17.59,334.27,169.6,164.67
O0002183,CUST00543,2025-11-08,P0002,4,0.0,Card,Electronics,165.42,102.08,661.68,0.0,661.68,408.32,253.36
O0004048,CUST00438,2025-11-08,P0018,1,0.15,UPI,Beauty,175.93,84.8,175.93,26.39,149.54,84.8,64.74
O0001358,CUST00351,2025-11-08,P0027,4,0.0,Wallet,Electronics,55.13,36.66,220.52,0.0,220.52,146.64,73.88
O0002592,CUST00256,2025-11-08,P0013,4,0.1,Net Banking,Grocery,268.38,121.9,1073.52,107.35,966.17,487.6,478.57
O0000280,CUST00604,2025-11-08,P0008,2,0.1,UPI,Fashion,152.63,75.07,305.26,30.53,274.73,150.14,124.59
O0004903,CUST00641,2025-11-08,P0010,3,0.05,UPI,Grocery,158.28,88.17,474.84,23.74,451.1,264.51,186.59
O0001661,CUST00011,2025-11-09,P0005,3,0.05,Net Banking,Electronics,273.97,126.69,821.91,41.1,780.81,380.07,400.74
O0004764,CUST00137,2025-11-09,P0019,1,0.15,UPI,Electronics,148.06,96.56,148.06,22.21,125.85,96.56,29.29
O0002297,CUST00169,2025-11-09,P0009,3,0.05,Wallet,Fashion,264.14,141.26,792.42,39.62,752.8,423.78,329.02
O0003922,CUST00183,2025-11-09,P0015,1,0.0,UPI,Fashion,43.69,25.91,43.69,0.0,43.69,25.91,17.78
O0001707,CUST00251,2025-11-09,P0003,4,0.0,UPI,Home,236.77,123.51,947.08,0.0,947.08,494.04,453.04
O0003197,CUST00472,2025-11-09,P0020,3,0.1,Card,Home,149.95,68.06,449.85,44.99,404.86,204.18,200.68
O0005130,CUST00463,2025-11-09,P0044,1,0.15,Net Banking,Home,319.2,142.3,319.2,47.88,271.32,142.3,129.02
O0001303,CUST00625,2025-11-09,P0008,4,0.1,Net Banking,Fashion,152.63,75.07,610.52,61.05,549.47,300.28,249.19
O0005066,CUST00645,2025-11-09,P0037,4,0.0,COD,Fashion,32.76,22.26,131.04,0.0,131.04,89.04,42.0
O0004167,CUST00043,2025-11-10,P0013,1,0.0,UPI,Grocery,268.38,121.9,268.38,0.0,268.38,121.9,146.48
O0002564,CUST00484,2025-11-10,P0015,1,0.1,Net Banking,Fashion,43.69,25.91,43.69,4.37,39.32,25.91,13.41
O0002773,CUST00429,2025-11-10,P0036,2,0.1,Net Banking,Home,308.75,157.97,617.5,61.75,555.75,315.94,239.81
O0003918,CUST00450,2025-11-10,P0013,1,0.0,COD,Grocery,268.38,121.9,268.38,0.0,268.38,121.9,146.48
O0002255,CUST00307,2025-11-10,P0009,2,0.1,COD,Fashion,264.14,141.26,528.28,52.83,475.45,282.52,192.93
O0004815,CUST00608,2025-11-10,P0015,2,0.15,Wallet,Fashion,43.69,25.91,87.38,13.11,74.27,51.82,22.45
O0003746,CUST00288,2025-11-10,P0028,1,0.15,Wallet,Electronics,164.95,128.88,164.95,24.74,140.21,128.88,11.33
O0001405,CUST00526,2025-11-10,P0038,2,0.2,UPI,Fashion,157.39,70.68,314.78,62.96,251.82,141.36,110.46
O0004905,CUST00406,2025-11-11,P0018,1,0.1,UPI,Beauty,175.93,84.8,175.93,17.59,158.34,84.8,73.54
O0000314,CUST00395,2025-11-11,P0044,3,0.05,UPI,Home,319.2,142.3,957.6,47.88,909.72,426.9,482.82
O0000230,CUST00357,2025-11-11,P0011,2,0.0,Net Banking,Electronics,158.87,121.21,317.74,0.0,317.74,242.42,75.32
O0005076,CUST00488,2025-11-11,P0010,1,0.15,UPI,Grocery,158.28,88.17,158.28,23.74,134.54,88.17,46.37
O0000056,CUST00358,2025-11-11,P0034,1,0.0,UPI,Electronics,186.26,105.01,186.26,0.0,186.26,105.01,81.25
O0004025,CUST00253,2025-11-12,P0034,2,0.0,Wallet,Electronics,186.26,105.01,372.52,0.0,372.52,210.02,162.5
O0004030,CUST00371,2025-11-12,P0020,1,0.2,COD,Home,149.95,68.06,149.95,29.99,119.96,68.06,51.9
O0002278,CUST00600,2025-11-12,P0014,1,0.15,Net Banking,Electronics,66.45,51.75,66.45,9.97,56.48,51.75,4.73
O0004462,CUST00386,2025-11-12,P0041,1,0.0,Card,Grocery,240.98,127.74,240.98,0.0,240.98,127.74,113.24
O0003071,CUST00620,2025-11-12,P0022,4,0.05,Wallet,Electronics,326.52,146.8,1306.08,65.3,1240.78,587.2,653.58
O0001842,CUST00400,2025-11-12,P0012,1,0.1,Wallet,Electronics,216.75,132.72,216.75,21.68,195.07,132.72,62.35
O0001126,CUST00649,2025-11-12,P0037,3,0.05,UPI,Fashion,32.76,22.26,98.28,4.91,93.37,66.78,26.59
O0001238,CUST00200,2025-11-12,P0013,3,0.1,COD,Grocery,268.38,121.9,805.14,80.51,724.63,365.7,358.93
O0003037,CUST00399,2025-11-12,P0006,1,0.05,Net Banking,Beauty,192.36,150.65,192.36,9.62,182.74,150.65,32.09
O0003276,CUST00344,2025-11-13,P0008,1,0.1,UPI,Fashion,152.63,75.07,152.63,15.26,137.37,75.07,62.3
O0002611,CUST00541,2025-11-13,P0031,2,0.0,UPI,Electronics,287.51,147.51,575.02,0.0,575.02,295.02,280.0
O0004386,CUST00100,2025-11-13,P0011,3,0.05,Card,Electronics,158.87,121.21,476.61,23.83,452.78,363.63,89.15
O0001983,CUST00224,2025-11-13,P0040,1,0.05,Card,Grocery,83.65,51.18,83.65,4.18,79.47,51.18,28.29
O0002775,CUST00316,2025-11-13,P0028,1,0.05,UPI,Electronics,164.95,128.88,164.95,8.25,156.7,128.88,27.82
O0002115,CUST00312,2025-11-13,P0016,4,0.05,Card,Fashion,101.27,44.23,405.08,20.25,384.83,176.92,207.91
O0005123,CUST00253,2025-11-14,P0011,1,0.0,Card,Electronics,158.87,121.21,158.87,0.0,158.87,121.21,37.66
O0001827,CUST00136,2025-11-14,P0012,4,0.05,Card,Electronics,216.75,132.72,867.0,43.35,823.65,530.88,292.77
O0004866,CUST00557,2025-11-14,P0009,2,0.15,Net Banking,Fashion,264.14,141.26,528.28,79.24,449.04,282.52,166.52
O0000488,CUST00189,2025-11-14,P0017,4,0.1,Net Banking,Home,110.28,84.44,441.12,44.11,397.01,337.76,59.25
O0004383,CUST00585,2025-11-14,P0004,4,0.0,Wallet,Home,54.29,27.5,217.16,0.0,217.16,110.0,107.16
O0001579,CUST00371,2025-11-14,P0020,1,0.1,Net Banking,Home,149.95,68.06,149.95,15.0,134.95,68.06,66.89
O0002889,CUST00571,2025-11-14,P0019,1,0.1,Card,Electronics,148.06,96.56,148.06,14.81,133.25,96.56,36.69
O0003452,CUST00165,2025-11-14,P0032,3,0.0,UPI,Electronics,325.98,157.6,977.94,0.0,977.94,472.8,505.14
O0000124,CUST00606,2025-11-15,P0025,3,0.0,UPI,Fashion,234.0,111.05,702.0,0.0,702.0,333.15,368.85
O0005150,CUST00470,2025-11-15,P0036,1,0.1,UPI,Home,308.75,157.97,308.75,30.88,277.87,157.97,119.9
O0000923,CUST00591,2025-11-15,P0014,1,0.2,Card,Electronics,66.45,51.75,66.45,13.29,53.16,51.75,1.41
O0002977,CUST00214,2025-11-15,P0028,1,0.1,Card,Electronics,164.95,128.88,164.95,16.5,148.45,128.88,19.57
O0004828,CUST00517,2025-11-15,P0036,1,0.1,COD,Home,308.75,157.97,308.75,30.88,277.87,157.97,119.9
O0005136,CUST00028,2025-11-15,P0005,3,0.15,Card,Electronics,273.97,126.69,821.91,123.29,698.62,380.07,318.55
O0003289,CUST00563,2025-11-15,P0036,2,0.2,UPI,Home,308.75,157.97,617.5,123.5,494.0,315.94,178.06
O0001010,CUST00082,2025-11-15,P0029,1,0.0,Card,Home,354.92,154.02,354.92,0.0,354.92,154.02,200.9
O0001631,CUST00398,2025-11-15,P0044,2,0.15,Card,Home,319.2,142.3,638.4,95.76,542.64,284.6,258.04
O0001179,CUST00463,2025-11-16,P0033,4,0.2,Card,Fashion,112.86,61.51,451.44,90.29,361.15,246.04,115.11
O0004049,CUST00082,2025-11-16,P0002,2,0.15,UPI,Electronics,165.42,102.08,330.84,49.63,281.21,204.16,77.05
O0003321,CUST00330,2025-11-16,P0032,1,0.15,Wallet,Electronics,325.98,157.6,325.98,48.9,277.08,157.6,119.48
O0004728,CUST00615,2025-11-17,P0006,1,0.0,UPI,Beauty,192.36,150.65,192.36,0.0,192.36,150.65,41.71
O0001457,CUST00205,2025-11-17,P0033,2,0.15,Card,Fashion,112.86,61.51,225.72,33.86,191.86,123.02,68.84
O0002706,CUST00523,2025-11-17,P0026,1,0.05,Card,Electronics,133.04,87.51,133.04,6.65,126.39,87.51,38.88
O0004844,CUST00161,2025-11-17,P0028,3,0.1,COD,Electronics,164.95,128.88,494.85,49.49,445.36,386.64,58.72
O0001119,CUST00279,2025-11-17,P0024,2,0.2,COD,Grocery,220.04,119.95,440.08,88.02,352.06,239.9,112.16
O0002499,CUST00590,2025-11-17,P0022,3,0.0,COD,Electronics,326.52,146.8,979.56,0.0,979.56,440.4,539.16
O0004309,CUST00525,2025-11-18,P0021,1,0.2,Card,Beauty,264.24,127.61,264.24,52.85,211.39,127.61,83.78
O0002148,CUST00120,2025-11-18,P0023,2,0.05,Wallet,Fashion,67.68,45.5,135.36,6.77,128.59,91.0,37.59
O0001525,CUST00308,2025-11-18,P0009,4,0.2,UPI,Fashion,264.14,141.26,1056.56,211.31,845.25,565.04,280.21
O0000220,CUST00057,2025-11-18,P0033,2,0.05,Net Banking,Fashion,112.86,61.51,225.72,11.29,214.43,123.02,91.41
O0002959,CUST00193,2025-11-18,P0008,1,0.1,COD,Fashion,152.63,75.07,152.63,15.26,137.37,75.07,62.3
O0000148,CUST00400,2025-11-18,P0007,3,0.0,COD,Grocery,177.14,118.71,531.42,0.0,531.42,356.13,175.29
O0001878,CUST00542,2025-11-18,P0037,2,0.0,UPI,Fashion,32.76,22.26,65.52,0.0,65.52,44.52,21.0
O0003318,CUST00560,2025-11-18,P0030,4,0.2,Net Banking,Grocery,239.09,117.72,956.36,191.27,765.09,470.88,294.21
O0003007,CUST00439,2025-11-18,P0022,3,0.05,Card,Electronics,326.52,146.8,979.56,48.98,930.58,440.4,490.18
O0000390,CUST00567,2025-11-19,P0032,1,0.0,Card,Electronics,325.98,157.6,325.98,0.0,325.98,157.6,168.38
O0001213,CUST00392,2025-11-19,P0040,3,0.2,Card,Grocery,83.65,51.18,250.95,50.19,200.76,153.54,47.22
O0001081,CUST00325,2025-11-19,P0027,2,0.0,UPI,Electronics,55.13,36.66,110.26,0.0,110.26,73.32,36.94
O0005007,CUST00029,2025-11-19,P0018,4,0.0,Wallet,Beauty,175.93,84.8,703.72,0.0,703.72,339.2,364.52
O0002468,CUST00413,2025-11-19,P0036,4,0.1,UPI,Home,308.75,157.97,1235.0,123.5,1111.5,631.88,479.62
O0003480,CUST00400,2025-11-19,P0024,3,0.1,COD,Grocery,220.04,119.95,660.12,66.01,594.11,359.85,234.26
O0000080,CUST00080,2025-11-19,P0024,1,0.1,COD,Grocery,220.04,119.95,220.04,22.0,198.04,119.95,78.09
O0002458,CUST00094,2025-11-19,P0029,3,0.15,Card,Home,354.92,154.02,1064.76,159.71,905.05,462.06,442.99
O0002843,CUST00610,2025-11-19,P0041,4,0.0,Net Banking,Grocery,240.98,127.74,963.92,0.0,963.92,510.96,452.96
O0001139,CUST00410,2025-11-20,P0036,1,0.15,UPI,Home,308.75,157.97,308.75,46.31,262.44,157.97,104.47
O0004925,CUST00148,2025-11-20,P0031,1,0.05,UPI,Electronics,287.51,147.51,287.51,14.38,273.13,147.51,125.62
O0005182,CUST00585,2025-11-20,P0007,3,0.0,COD,Grocery,177.14,118.71,531.42,0.0,531.42,356.13,175.29
O0004181,CUST00117,2025-11-20,P0034,2,0.2,COD,Electronics,186.26,105.01,372.52,74.5,298.02,210.02,88.0
O0001530,CUST00067,2025-11-20,P0020,1,0.05,Net Banking,Home,149.95,68.06,149.95,7.5,142.45,68.06,74.39
O0005065,CUST00616,2025-11-20,P0013,3,0.1,Net Banking,Grocery,268.38,121.9,805.14,80.51,724.63,365.7,358.93
O0001668,CUST00275,2025-11-21,P0044,1,0.1,COD,Home,319.2,142.3,319.2,31.92,287.28,142.3,144.98
O0005169,CUST00355,2025-11-21,P0029,1,0.05,Card,Home,354.92,154.02,354.92,17.75,337.17,154.02,183.15
O0004919,CUST00565,2025-11-21,P0030,2,0.0,COD,Grocery,239.09,117.72,478.18,0.0,478.18,235.44,242.74
O0000264,CUST00201,2025-11-21,P0020,4,0.0,COD,Home,149.95,68.06,599.8,0.0,599.8,272.24,327.56
O0004369,CUST00228,2025-11-21,P0032,1,0.05,COD,Electronics,325.98,157.6,325.98,16.3,309.68,157.6,152.08
O0004083,CUST00039,2025-11-21,P0029,1,0.2,Wallet,Home,354.92,154.02,354.92,70.98,283.94,154.02,129.92
O0004003,CUST00242,2025-11-21,P0008,1,0.1,UPI,Fashion,152.63,75.07,152.63,15.26,137.37,75.07,62.3
O0002207,CUST00157,2025-11-21,P0023,2,0.1,Card,Fashion,67.68,45.5,135.36,13.54,121.82,91.0,30.82
O0002435,CUST00477,2025-11-21,P0019,2,0.1,COD,Electronics,148.06,96.56,296.12,29.61,266.51,193.12,73.39
O0005045,CUST00521,2025-11-22,P0040,1,0.0,Wallet,Grocery,83.65,51.18,83.65,0.0,83.65,51.18,32.47
O0004135,CUST00212,2025-11-22,P0019,2,0.0,Card,Electronics,148.06,96.56,296.12,0.0,296.12,193.12,103.0
O0004125,CUST00438,2025-11-22,P0030,1,0.1,COD,Grocery,239.09,117.72,239.09,23.91,215.18,117.72,97.46
O0001056,CUST00490,2025-11-22,P0040,4,0.15,Wallet,Grocery,83.65,51.18,334.6,50.19,284.41,204.72,79.69
O0002230,CUST00257,2025-11-22,P0011,1,0.05,Card,Electronics,158.87,121.21,158.87,7.94,150.93,121.21,29.72
O0002211,CUST00158,2025-11-22,P0010,2,0.0,Net Banking,Grocery,158.28,88.17,316.56,0.0,316.56,176.34,140.22
O0005160,CUST00550,2025-11-22,P0024,1,0.05,Wallet,Grocery,220.04,119.95,220.04,11.0,209.04,119.95,89.09
O0003462,CUST00528,2025-11-22,P0008,3,0.05,Card,Fashion,152.63,75.07,457.89,22.89,435.0,225.21,209.79
O0000322,CUST00275,2025-11-23,P0041,1,0.2,Net Banking,Grocery,240.98,127.74,240.98,48.2,192.78,127.74,65.04
O0000876,CUST00375,2025-11-23,P0043,3,0.1,Net Banking,Electronics,364.08,156.96,1092.24,109.22,983.02,470.88,512.14
O0003628,CUST00580,2025-11-23,P0030,2,0.0,Card,Grocery,239.09,117.72,478.18,0.0,478.18,235.44,242.74
O0004596,CUST00069,2025-11-23,P0028,4,0.15,UPI,Electronics,164.95,128.88,659.8,98.97,560.83,515.52,45.31
O0002504,CUST00569,2025-11-23,P0040,2,0.2,Card,Grocery,83.65,51.18,167.3,33.46,133.84,102.36,31.48
O0000550,CUST00619,2025-11-23,P0036,2,0.15,Card,Home,308.75,157.97,617.5,92.62,524.88,315.94,208.94
O0002130,CUST00649,2025-11-23,P0037,3,0.1,COD,Fashion,32.76,22.26,98.28,9.83,88.45,66.78,21.67
O0004464,CUST00028,2025-11-23,P0025,1,0.15,Net Banking,Fashion,234.0,111.05,234.0,35.1,198.9,111.05,87.85
O0000391,CUST00340,2025-11-23,P0042,1,0.05,Card,Fashion,92.99,66.18,92.99,4.65,88.34,66.18,22.16
O0001883,CUST00045,2025-11-24,P0038,2,0.15,Card,Fashion,157.39,70.68,314.78,47.22,267.56,141.36,126.2
O0001741,CUST00442,2025-11-24,P0016,2,0.05,UPI,Fashion,101.27,44.23,202.54,10.13,192.41,88.46,103.95
O0003502,CUST00031,2025-11-24,P0030,1,0.1,Wallet,Grocery,239.09,117.72,239.09,23.91,215.18,117.72,97.46
O0001808,CUST00230,2025-11-24,P0027,3,0.1,Net Banking,Electronics,55.13,36.66,165.39,16.54,148.85,109.98,38.87
O0002492,CUST00436,2025-11-24,P0032,1,0.1,UPI,Electronics,325.98,157.6,325.98,32.6,293.38,157.6,135.78
O0000906,CUST00488,2025-11-24,P0040,3,0.05,Card,Grocery,83.65,51.18,250.95,12.55,238.4,153.54,84.86
O0001433,CUST00627,2025-11-24,P0028,1,0.05,Card,Electronics,164.95,128.88,164.95,8.25,156.7,128.88,27.82
O0004232,CUST00395,2025-11-24,P0023,2,0.1,Wallet,Fashion,67.68,45.5,135.36,13.54,121.82,91.0,30.82
O0002097,CUST00566,2025-11-25,P0025,1,0.05,Wallet,Fashion,234.0,111.05,234.0,11.7,222.3,111.05,111.25
O0000849,CUST00610,2025-11-25,P0045,4,0.0,UPI,Grocery,121.81,53.8,487.24,0.0,487.24,215.2,272.04
O0000705,CUST00596,2025-11-25,P0041,1,0.0,UPI,Grocery,240.98,127.74,240.98,0.0,240.98,127.74,113.24
O0003371,CUST00380,2025-11-25,P0030,1,0.05,Net Banking,Grocery,239.09,117.72,239.09,11.95,227.14,117.72,109.42
O0004286,CUST00032,2025-11-25,P0029,2,0.1,Net Banking,Home,354.92,154.02,709.84,70.98,638.86,308.04,330.82
O0004577,CUST00560,2025-11-25,P0005,1,0.1,Card,Electronics,273.97,126.69,273.97,27.4,246.57,126.69,119.88
O0000067,CUST00224,2025-11-25,P0028,4,0.0,COD,Electronics,164.95,128.88,659.8,0.0,659.8,515.52,144.28
O0002581,CUST00346,2025-11-25,P0032,2,0.0,Card,Electronics,325.98,157.6,651.96,0.0,651.96,315.2,336.76
O0000303,CUST00383,2025-11-25,P0009,3,0.05,Card,Fashion,264.14,141.26,792.42,39.62,752.8,423.78,329.02
O0000787,CUST00207,2025-11-25,P0010,3,0.15,COD,Grocery,158.28,88.17,474.84,71.23,403.61,264.51,139.1
O0000396,CUST00230,2025-11-25,P0027,4,0.1,Card,Electronics,55.13,36.66,220.52,22.05,198.47,146.64,51.83
O0000160,CUST00361,2025-11-26,P0010,4,0.0,Card,Grocery,158.28,88.17,633.12,0.0,633.12,352.68,280.44
O0003934,CUST00616,2025-11-26,P0038,2,0.15,Wallet,Fashion,157.39,70.68,314.78,47.22,267.56,141.36,126.2
O0005073,CUST00041,2025-11-26,P0015,1,0.1,COD,Fashion,43.69,25.91,43.69,4.37,39.32,25.91,13.41
O0001043,CUST00457,2025-11-27,P0013,3,0.05,UPI,Grocery,268.38,121.9,805.14,40.26,764.88,365.7,399.18
O0000371,CUST00649,2025-11-27,P0014,4,0.05,COD,Electronics,66.45,51.75,265.8,13.29,252.51,207.0,45.51
O0003578,CUST00300,2025-11-27,P0006,4,0.05,Card,Beauty,192.36,150.65,769.44,38.47,730.97,602.6,128.37
O0004461,CUST00611,2025-11-27,P0026,1,0.0,Card,Electronics,133.04,87.51,133.04,0.0,133.04,87.51,45.53
O0002913,CUST00488,2025-11-27,P0006,4,0.05,UPI,Beauty,192.36,150.65,769.44,38.47,730.97,602.6,128.37
O0002330,CUST00137,2025-11-27,P0029,2,0.1,UPI,Home,354.92,154.02,709.84,70.98,638.86,308.04,330.82
O0003011,CUST00201,2025-11-28,P0037,4,0.1,Net Banking,Fashion,32.76,22.26,131.04,13.1,117.94,89.04,28.9
O0003814,CUST00106,2025-11-28,P0039,1,0.05,UPI,Electronics,302.32,141.08,302.32,15.12,287.2,141.08,146.12
O0003525,CUST00413,2025-11-28,P0034,2,0.1,UPI,Electronics,186.26,105.01,372.52,37.25,335.27,210.02,125.25
O0002045,CUST00381,2025-11-28,P0017,2,0.1,UPI,Home,110.28,84.44,220.56,22.06,198.5,168.88,29.62
O0004615,CUST00350,2025-11-28,P0012,2,0.1,Net Banking,Electronics,216.75,132.72,433.5,43.35,390.15,265.44,124.71
O0000477,CUST00167,2025-11-28,P0043,3,0.05,Card,Electronics,364.08,156.96,1092.24,54.61,1037.63,470.88,566.75
O0000962,CUST00475,2025-11-29,P0003,1,0.1,UPI,Home,236.77,123.51,236.77,23.68,213.09,123.51,89.58
O0004888,CUST00605,2025-11-29,P0018,1,0.05,Card,Beauty,175.93,84.8,175.93,8.8,167.13,84.8,82.33
O0002224,CUST00454,2025-11-29,P0004,3,0.1,Wallet,Home,54.29,27.5,162.87,16.29,146.58,82.5,64.08
O0004326,CUST00156,2025-11-29,P0038,2,0.0,COD,Fashion,157.39,70.68,314.78,0.0,314.78,141.36,173.42
O0002748,CUST00381,2025-11-29,P0040,3,0.0,COD,Grocery,83.65,51.18,250.95,0.0,250.95,153.54,97.41
O0003414,CUST00198,2025-11-29,P0007,3,0.0,COD,Grocery,177.14,118.71,531.42,0.0,531.42,356.13,175.29
O0002347,CUST00447,2025-11-29,P0025,2,0.0,Card,Fashion,234.0,111.05,468.0,0.0,468.0,222.1,245.9
O0000902,CUST00129,2025-11-29,P0008,3,0.15,UPI,Fashion,152.63,75.07,457.89,68.68,389.21,225.21,164.0
O0002295,CUST00049,2025-11-30,P0020,1,0.1,UPI,Home,149.95,68.06,149.95,15.0,134.95,68.06,66.89
O0000812,CUST00643,2025-11-30,P0021,3,0.1,UPI,Beauty,264.24,127.61,792.72,79.27,713.45,382.83,330.62
O0004425,CUST00637,2025-11-30,P0033,1,0.2,Net Banking,Fashion,112.86,61.51,112.86,22.57,90.29,61.51,28.78
O0003443,CUST00204,2025-11-30,P0041,2,0.1,Wallet,Grocery,240.98,127.74,481.96,48.2,433.76,255.48,178.28
O0001498,CUST00439,2025-11-30,P0003,2,0.1,Card,Home,236.77,123.51,473.54,47.35,426.19,247.02,179.17
O0003589,CUST00424,2025-11-30,P0007,2,0.15,COD,Grocery,177.14,118.71,354.28,53.14,301.14,237.42,63.72
O0001118,CUST00535,2025-11-30,P0011,2,0.0,Wallet,Electronics,158.87,121.21,317.74,0.0,317.74,242.42,75.32
O0001901,CUST00122,2025-11-30,P0021,2,0.05,COD,Beauty,264.24,127.61,528.48,26.42,502.06,255.22,246.84
O0002612,CUST00536,2025-11-30,P0044,1,0.2,Net Banking,Home,319.2,142.3,319.2,63.84,255.36,142.3,113.06
O0000715,CUST00440,2025-12-01,P0008,2,0.0,Wallet,Fashion,152.63,75.07,305.26,0.0,305.26,150.14,155.12
O0001490,CUST00536,2025-12-01,P0025,2,0.0,COD,Fashion,234.0,111.05,468.0,0.0,468.0,222.1,245.9
O0003382,CUST00574,2025-12-01,P0032,1,0.15,Card,Electronics,325.98,157.6,325.98,48.9,277.08,157.6,119.48
O0003218,CUST00400,2025-12-01,P0015,2,0.05,COD,Fashion,43.69,25.91,87.38,4.37,83.01,51.82,31.19
O0005138,CUST00168,2025-12-01,P0037,1,0.15,Wallet,Fashion,32.76,22.26,32.76,4.91,27.85,22.26,5.59
O0004484,CUST00288,2025-12-01,P0028,1,0.0,UPI,Electronics,164.95,128.88,164.95,0.0,164.95,128.88,36.07
O0002411,CUST00221,2025-12-01,P0030,2,0.0,Wallet,Grocery,239.09,117.72,478.18,0.0,478.18,235.44,242.74
O0000274,CUST00463,2025-12-01,P0020,1,0.1,COD,Home,149.95,68.06,149.95,15.0,134.95,68.06,66.89
O0003237,CUST00610,2025-12-02,P0034,3,0.05,UPI,Electronics,186.26,105.01,558.78,27.94,530.84,315.03,215.81
O0005140,CUST00597,2025-12-02,P0045,1,0.0,COD,Grocery,121.81,53.8,121.81,0.0,121.81,53.8,68.01
O0004713,CUST00438,2025-12-02,P0014,4,0.1,Card,Electronics,66.45,51.75,265.8,26.58,239.22,207.0,32.22
O0002781,CUST00057,2025-12-02,P0036,1,0.0,UPI,Home,308.75,157.97,308.75,0.0,308.75,157.97,150.78
O0001114,CUST00063,2025-12-02,P0033,2,0.1,Net Banking,Fashion,112.86,61.51,225.72,22.57,203.15,123.02,80.13
O0001726,CUST00148,2025-12-02,P0001,2,0.2,COD,Fashion,114.26,54.48,228.52,45.7,182.82,108.96,73.86
O0001823,CUST00406,2025-12-02,P0010,3,0.0,UPI,Grocery,158.28,88.17,474.84,0.0,474.84,264.51,210.33
O0003041,CUST00464,2025-12-02,P0018,4,0.1,UPI,Beauty,175.93,84.8,703.72,70.37,633.35,339.2,294.15
O0004509,CUST00555,2025-12-02,P0033,1,0.0,UPI,Fashion,112.86,61.51,112.86,0.0,112.86,61.51,51.35
O0004831,CUST00541,2025-12-02,P0024,1,0.2,Net Banking,Grocery,220.04,119.95,220.04,44.01,176.03,119.95,56.08
O0001650,CUST00147,2025-12-03,P0019,1,0.0,UPI,Electronics,148.06,96.56,148.06,0.0,148.06,96.56,51.5
O0005038,CUST00184,2025-12-03,P0020,1,0.1,Card,Home,149.95,68.06,149.95,15.0,134.95,68.06,66.89
O0003327,CUST00575,2025-12-03,P0030,2,0.2,COD,Grocery,239.09,117.72,478.18,95.64,382.54,235.44,147.1
O0001102,CUST00216,2025-12-03,P0033,2,0.0,Card,Fashion,112.86,61.51,225.72,0.0,225.72,123.02,102.7
O0000874,CUST00611,2025-12-03,P0025,4,0.05,Card,Fashion,234.0,111.05,936.0,46.8,889.2,444.2,445.0
O0003344,CUST00625,2025-12-03,P0009,2,0.0,COD,Fashion,264.14,141.26,528.28,0.0,528.28,282.52,245.76
O0002312,CUST00283,2025-12-03,P0015,1,0.1,Wallet,Fashion,43.69,25.91,43.69,4.37,39.32,25.91,13.41
O0001597,CUST00310,2025-12-03,P0026,2,0.0,UPI,Electronics,133.04,87.51,266.08,0.0,266.08,175.02,91.06
O0002074,CUST00337,2025-12-03,P0003,1,0.0,Net Banking,Home,236.77,123.51,236.77,0.0,236.77,123.51,113.26
O0000425,CUST00108,2025-12-03,P0026,1,0.0,COD,Electronics,133.04,87.51,133.04,0.0,133.04,87.51,45.53
O0004300,CUST00338,2025-12-03,P0028,1,0.2,Wallet,Electronics,164.95,128.88,164.95,32.99,131.96,128.88,3.08
O0005078,CUST00459,2025-12-04,P0039,1,0.1,Card,Electronics,302.32,141.08,302.32,30.23,272.09,141.08,131.01
O0004317,CUST00087,2025-12-04,P0027,4,0.2,COD,Electronics,55.13,36.66,220.52,44.1,176.42,146.64,29.78
O0000104,CUST00440,2025-12-04,P0023,4,0.2,Net Banking,Fashion,67.68,45.5,270.72,54.14,216.58,182.0,34.58
O0005172,CUST00022,2025-12-04,P0036,2,0.05,Card,Home,308.75,157.97,617.5,30.88,586.62,315.94,270.68
O0000963,CUST00528,2025-12-04,P0003,1,0.0,Card,Home,236.77,123.51,236.77,0.0,236.77,123.51,113.26
O0001735,CUST00326,2025-12-04,P0019,1,0.1,Card,Electronics,148.06,96.56,148.06,14.81,133.25,96.56,36.69
O0001191,CUST00395,2025-12-04,P0032,3,0.0,UPI,Electronics,325.98,157.6,977.94,0.0,977.94,472.8,505.14
O0004078,CUST00368,2025-12-05,P0008,3,0.0,UPI,Fashion,152.63,75.07,457.89,0.0,457.89,225.21,232.68
O0003593,CUST00275,2025-12-05,P0012,2,0.0,UPI,Electronics,216.75,132.72,433.5,0.0,433.5,265.44,168.06
O0003343,CUST00226,2025-12-05,P0003,1,0.05,UPI,Home,236.77,123.51,236.77,11.84,224.93,123.51,101.42
O0001681,CUST00416,2025-12-05,P0010,1,0.1,Card,Grocery,158.28,88.17,158.28,15.83,142.45,88.17,54.28
O0002926,CUST00559,2025-12-05,P0019,3,0.1,Card,Electronics,148.06,96.56,444.18,44.42,399.76,289.68,110.08
O0002208,CUST00186,2025-12-06,P0041,4,0.1,UPI,Grocery,240.98,127.74,963.92,96.39,867.53,510.96,356.57
O0000094,CUST00617,2025-12-06,P0035,4,0.2,Card,Home,139.63,80.04,558.52,111.7,446.82,320.16,126.66
O0002876,CUST00560,2025-12-06,P0029,2,0.1,Card,Home,354.92,154.02,709.84,70.98,638.86,308.04,330.82
O0002580,CUST00118,2025-12-06,P0023,2,0.05,Card,Fashion,67.68,45.5,135.36,6.77,128.59,91.0,37.59
O0004769,CUST00194,2025-12-06,P0039,1,0.05,Card,Electronics,302.32,141.08,302.32,15.12,287.2,141.08,146.12
O0000459,CUST00048,2025-12-06,P0001,1,0.05,Card,Fashion,114.26,54.48,114.26,5.71,108.55,54.48,54.07
O0003770,CUST00486,2025-12-06,P0040,2,0.1,UPI,Grocery,83.65,51.18,167.3,16.73,150.57,102.36,48.21
O0002590,CUST00260,2025-12-06,P0008,4,0.0,Card,Fashion,152.63,75.07,610.52,0.0,610.52,300.28,310.24
O0000292,CUST00232,2025-12-07,P0031,2,0.05,UPI,Electronics,287.51,147.51,575.02,28.75,546.27,295.02,251.25
O0000971,CUST00461,2025-12-07,P0040,1,0.05,Wallet,Grocery,83.65,51.18,83.65,4.18,79.47,51.18,28.29
O0000151,CUST00560,2025-12-07,P0011,1,0.1,COD,Electronics,158.87,121.21,158.87,15.89,142.98,121.21,21.77
O0004834,CUST00623,2025-12-08,P0005,2,0.1,Net Banking,Electronics,273.97,126.69,547.94,54.79,493.15,253.38,239.77
O0000790,CUST00348,2025-12-08,P0020,1,0.05,Net Banking,Home,149.95,68.06,149.95,7.5,142.45,68.06,74.39
O0000537,CUST00503,2025-12-08,P0007,1,0.05,Wallet,Grocery,177.14,118.71,177.14,8.86,168.28,118.71,49.57
O0004087,CUST00022,2025-12-08,P0008,1,0.15,Wallet,Fashion,152.63,75.07,152.63,22.89,129.74,75.07,54.67
O0002510,CUST00053,2025-12-08,P0042,2,0.0,Net Banking,Fashion,92.99,66.18,185.98,0.0,185.98,132.36,53.62
O0004520,CUST00237,2025-12-08,P0005,1,0.05,Card,Electronics,273.97,126.69,273.97,13.7,260.27,126.69,133.58
O0001659,CUST00547,2025-12-08,P0032,3,0.15,UPI,Electronics,325.98,157.6,977.94,146.69,831.25,472.8,358.45
O0001154,CUST00080,2025-12-08,P0006,1,0.05,COD,Beauty,192.36,150.65,192.36,9.62,182.74,150.65,32.09
O0001994,CUST00481,2025-12-08,P0015,1,0.1,UPI,Fashion,43.69,25.91,43.69,4.37,39.32,25.91,13.41
O0005158,CUST00172,2025-12-09,P0006,3,0.15,COD,Beauty,192.36,150.65,577.08,86.56,490.52,451.95,38.57
O0003442,CUST00191,2025-12-09,P0034,1,0.0,Card,Electronics,186.26,105.01,186.26,0.0,186.26,105.01,81.25
O0000333,CUST00211,2025-12-09,P0005,4,0.0,COD,Electronics,273.97,126.69,1095.88,0.0,1095.88,506.76,589.12
O0002011,CUST00365,2025-12-09,P0027,1,0.1,Card,Electronics,55.13,36.66,55.13,5.51,49.62,36.66,12.96
O0001077,CUST00365,2025-12-09,P0031,1,0.0,Card,Electronics,287.51,147.51,287.51,0.0,287.51,147.51,140.0
O0005055,CUST00169,2025-12-09,P0002,2,0.0,Wallet,Electronics,165.42,102.08,330.84,0.0,330.84,204.16,126.68
O0003147,CUST00091,2025-12-09,P0017,2,0.05,Wallet,Home,110.28,84.44,220.56,11.03,209.53,168.88,40.65
O0003937,CUST00366,2025-12-09,P0026,3,0.05,UPI,Electronics,133.04,87.51,399.12,19.96,379.16,262.53,116.63
O0001446,CUST00422,2025-12-09,P0037,2,0.15,Card,Fashion,32.76,22.26,65.52,9.83,55.69,44.52,11.17
O0000853,CUST00591,2025-12-10,P0014,4,0.15,Wallet,Electronics,66.45,51.75,265.8,39.87,225.93,207.0,18.93
O0003366,CUST00598,2025-12-10,P0010,1,0.1,COD,Grocery,158.28,88.17,158.28,15.83,142.45,88.17,54.28
O0001895,CUST00253,2025-12-10,P0040,1,0.2,COD,Grocery,83.65,51.18,83.65,16.73,66.92,51.18,15.74
O0001554,CUST00237,2025-12-10,P0026,1,0.05,UPI,Electronics,133.04,87.51,133.04,6.65,126.39,87.51,38.88
O0003098,CUST00030,2025-12-10,P0007,2,0.0,Net Banking,Grocery,177.14,118.71,354.28,0.0,354.28,237.42,116.86
O0004053,CUST00640,2025-12-10,P0014,4,0.05,Card,Electronics,66.45,51.75,265.8,13.29,252.51,207.0,45.51
O0004422,CUST00280,2025-12-10,P0005,1,0.1,Card,Electronics,273.97,126.69,273.97,27.4,246.57,126.69,119.88
O0000020,CUST00379,2025-12-11,P0006,2,0.1,UPI,Beauty,192.36,150.65,384.72,38.47,346.25,301.3,44.95
O0002779,CUST00422,2025-12-11,P0016,4,0.1,UPI,Fashion,101.27,44.23,405.08,40.51,364.57,176.92,187.65
O0004986,CUST00183,2025-12-11,P0012,1,0.05,Card,Electronics,216.75,132.72,216.75,10.84,205.91,132.72,73.19
O0004168,CUST00236,2025-12-11,P0014,4,0.15,UPI,Electronics,66.45,51.75,265.8,39.87,225.93,207.0,18.93
O0002166,CUST00569,2025-12-11,P0023,1,0.0,COD,Fashion,67.68,45.5,67.68,0.0,67.68,45.5,22.18
O0001244,CUST00228,2025-12-11,P0033,4,0.1,Card,Fashion,112.86,61.51,451.44,45.14,406.3,246.04,160.26
O0004095,CUST00597,2025-12-11,P0025,1,0.1,Card,Fashion,234.0,111.05,234.0,23.4,210.6,111.05,99.55
O0005131,CUST00442,2025-12-11,P0022,4,0.0,Card,Electronics,326.52,146.8,1306.08,0.0,1306.08,587.2,718.88
O0000313,CUST00348,2025-12-11,P0011,2,0.05,Card,Electronics,158.87,121.21,317.74,15.89,301.85,242.42,59.43
O0003448,CUST00012,2025-12-12,P0025,1,0.0,Wallet,Fashion,234.0,111.05,234.0,0.0,234.0,111.05,122.95
O0002198,CUST00429,2025-12-12,P0045,1,0.0,UPI,Grocery,121.81,53.8,121.81,0.0,121.81,53.8,68.01
O0001276,CUST00431,2025-12-12,P0039,1,0.2,Net Banking,Electronics,302.32,141.08,302.32,60.46,241.86,141.08,100.78
O0000154,CUST00608,2025-12-12,P0019,1,0.0,Wallet,Electronics,148.06,96.56,148.06,0.0,148.06,96.56,51.5
O0004208,CUST00099,2025-12-12,P0020,2,0.05,Card,Home,149.95,68.06,299.9,15.0,284.9,136.12,148.78
O0003884,CUST00140,2025-12-12,P0013,1,0.15,UPI,Grocery,268.38,121.9,268.38,40.26,228.12,121.9,106.22
O0000334,CUST00617,2025-12-12,P0002,2,0.0,COD,Electronics,165.42,102.08,330.84,0.0,330.84,204.16,126.68
O0004465,CUST00596,2025-12-13,P0032,1,0.2,COD,Electronics,325.98,157.6,325.98,65.2,260.78,157.6,103.18
O0002219,CUST00283,2025-12-13,P0007,3,0.15,UPI,Grocery,177.14,118.71,531.42,79.71,451.71,356.13,95.58
O0002086,CUST00127,2025-12-13,P0010,1,0.1,UPI,Grocery,158.28,88.17,158.28,15.83,142.45,88.17,54.28
O0002176,CUST00436,2025-12-13,P0015,1,0.1,UPI,Fashion,43.69,25.91,43.69,4.37,39.32,25.91,13.41
O0002217,CUST00324,2025-12-13,P0008,1,0.15,Card,Fashion,152.63,75.07,152.63,22.89,129.74,75.07,54.67
O0003930,CUST00423,2025-12-13,P0021,2,0.05,COD,Beauty,264.24,127.61,528.48,26.42,502.06,255.22,246.84
O0003174,CUST00517,2025-12-13,P0043,1,0.0,UPI,Electronics,364.08,156.96,364.08,0.0,364.08,156.96,207.12
O0001217,CUST00431,2025-12-13,P0008,2,0.0,Net Banking,Fashion,152.63,75.07,305.26,0.0,305.26,150.14,155.12
O0000057,CUST00077,2025-12-13,P0016,3,0.05,UPI,Fashion,101.27,44.23,303.81,15.19,288.62,132.69,155.93
O0000946,CUST00582,2025-12-13,P0025,1,0.1,COD,Fashion,234.0,111.05,234.0,23.4,210.6,111.05,99.55
O0001943,CUST00352,2025-12-14,P0027,1,0.1,Card,Electronics,55.13,36.66,55.13,5.51,49.62,36.66,12.96
O0004227,CUST00357,2025-12-14,P0025,2,0.0,COD,Fashion,234.0,111.05,468.0,0.0,468.0,222.1,245.9
O0002244,CUST00271,2025-12-14,P0039,2,0.15,UPI,Electronics,302.32,141.08,604.64,90.7,513.94,282.16,231.78
O0002652,CUST00361,2025-12-14,P0040,1,0.1,Card,Grocery,83.65,51.18,83.65,8.36,75.29,51.18,24.11
O0000999,CUST00379,2025-12-14,P0035,4,0.05,Net Banking,Home,139.63,80.04,558.52,27.93,530.59,320.16,210.43
O0004887,CUST00505,2025-12-14,P0028,3,0.1,Card,Electronics,164.95,128.88,494.85,49.49,445.36,386.64,58.72
O0001222,CUST00130,2025-12-14,P0010,2,0.15,Card,Grocery,158.28,88.17,316.56,47.48,269.08,176.34,92.74
O0002025,CUST00143,2025-12-14,P0042,1,0.0,Wallet,Fashion,92.99,66.18,92.99,0.0,92.99,66.18,26.81
O0001688,CUST00439,2025-12-14,P0036,4,0.15,UPI,Home,308.75,157.97,1235.0,185.25,1049.75,631.88,417.87
O0004534,CUST00298,2025-12-14,P0008,1,0.15,COD,Fashion,152.63,75.07,152.63,22.89,129.74,75.07,54.67
O0001169,CUST00611,2025-12-15,P0038,2,0.0,COD,Fashion,157.39,70.68,314.78,0.0,314.78,141.36,173.42
O0003262,CUST00562,2025-12-15,P0041,4,0.0,COD,Grocery,240.98,127.74,963.92,0.0,963.92,510.96,452.96
O0005119,CUST00286,2025-12-15,P0008,1,0.1,COD,Fashion,152.63,75.07,152.63,15.26,137.37,75.07,62.3
O0003739,CUST00580,2025-12-15,P0023,2,0.15,UPI,Fashion,67.68,45.5,135.36,20.3,115.06,91.0,24.06
O0001911,CUST00286,2025-12-15,P0027,3,0.15,UPI,Electronics,55.13,36.66,165.39,24.81,140.58,109.98,30.6
O0002759,CUST00377,2025-12-15,P0022,4,0.1,Card,Electronics,326.52,146.8,1306.08,130.61,1175.47,587.2,588.27
O0001989,CUST00490,2025-12-15,P0033,2,0.0,COD,Fashion,112.86,61.51,225.72,0.0,225.72,123.02,102.7
O0000552,CUST00476,2025-12-16,P0011,1,0.15,Card,Electronics,158.87,121.21,158.87,23.83,135.04,121.21,13.83
O0004660,CUST00201,2025-12-16,P0043,2,0.1,Card,Electronics,364.08,156.96,728.16,72.82,655.34,313.92,341.42
O0001697,CUST00394,2025-12-16,P0032,3,0.1,Card,Electronics,325.98,157.6,977.94,97.79,880.15,472.8,407.35
O0002464,CUST00275,2025-12-17,P0015,2,0.0,COD,Fashion,43.69,25.91,87.38,0.0,87.38,51.82,35.56
O0003409,CUST00200,2025-12-17,P0040,3,0.1,COD,Grocery,83.65,51.18,250.95,25.1,225.85,153.54,72.31
O0001680,CUST00323,2025-12-17,P0029,4,0.1,Card,Home,354.92,154.02,1419.68,141.97,1277.71,616.08,661.63
O0002453,CUST00225,2025-12-17,P0023,1,0.15,UPI,Fashion,67.68,45.5,67.68,10.15,57.53,45.5,12.03
O0002507,CUST00394,2025-12-17,P0007,4,0.05,Card,Grocery,177.14,118.71,708.56,35.43,673.13,474.84,198.29
O0003750,CUST00201,2025-12-17,P0044,2,0.1,UPI,Home,319.2,142.3,638.4,63.84,574.56,284.6,289.96
O0000439,CUST00464,2025-12-18,P0003,1,0.15,COD,Home,236.77,123.51,236.77,35.52,201.25,123.51,77.74
O0001960,CUST00044,2025-12-18,P0035,1,0.0,COD,Home,139.63,80.04,139.63,0.0,139.63,80.04,59.59
O0000044,CUST00207,2025-12-18,P0025,1,0.0,Wallet,Fashion,234.0,111.05,234.0,0.0,234.0,111.05,122.95
O0001805,CUST00177,2025-12-18,P0032,2,0.05,UPI,Electronics,325.98,157.6,651.96,32.6,619.36,315.2,304.16
O0003192,CUST00378,2025-12-19,P0029,1,0.15,UPI,Home,354.92,154.02,354.92,53.24,301.68,154.02,147.66
O0000782,CUST00084,2025-12-19,P0037,2,0.1,UPI,Fashion,32.76,22.26,65.52,6.55,58.97,44.52,14.45
O0001493,CUST00207,2025-12-19,P0011,1,0.1,COD,Electronics,158.87,121.21,158.87,15.89,142.98,121.21,21.77
O0001468,CUST00206,2025-12-19,P0028,1,0.0,Net Banking,Electronics,164.95,128.88,164.95,0.0,164.95,128.88,36.07
O0001768,CUST00366,2025-12-19,P0043,2,0.1,COD,Electronics,364.08,156.96,728.16,72.82,655.34,313.92,341.42
O0001614,CUST00344,2025-12-19,P0032,1,0.15,Card,Electronics,325.98,157.6,325.98,48.9,277.08,157.6,119.48
O0002939,CUST00512,2025-12-19,P0016,2,0.0,Wallet,Fashion,101.27,44.23,202.54,0.0,202.54,88.46,114.08
O0003806,CUST00207,2025-12-19,P0015,1,0.1,UPI,Fashion,43.69,25.91,43.69,4.37,39.32,25.91,13.41
O0001449,CUST00413,2025-12-19,P0029,3,0.1,COD,Home,354.92,154.02,1064.76,106.48,958.28,462.06,496.22
O0002741,CUST00517,2025-12-19,P0021,2,0.1,Net Banking,Beauty,264.24,127.61,528.48,52.85,475.63,255.22,220.41
O0004714,CUST00367,2025-12-19,P0015,4,0.1,UPI,Fashion,43.69,25.91,174.76,17.48,157.28,103.64,53.64
O0000592,CUST00439,2025-12-20,P0044,4,0.05,Card,Home,319.2,142.3,1276.8,63.84,1212.96,569.2,643.76
O0002328,CUST00573,2025-12-20,P0018,2,0.1,UPI,Beauty,175.93,84.8,351.86,35.19,316.67,169.6,147.07
O0003212,CUST00631,2025-12-20,P0028,3,0.0,UPI,Electronics,164.95,128.88,494.85,0.0,494.85,386.64,108.21
O0002205,CUST00466,2025-12-20,P0023,4,0.0,UPI,Fashion,67.68,45.5,270.72,0.0,270.72,182.0,88.72
O0001537,CUST00587,2025-12-20,P0009,4,0.05,Wallet,Fashion,264.14,141.26,1056.56,52.83,1003.73,565.04,438.69
O0001618,CUST00237,2025-12-20,P0001,2,0.1,COD,Fashion,114.26,54.48,228.52,22.85,205.67,108.96,96.71
O0004626,CUST00257,2025-12-20,P0045,1,0.2,UPI,Grocery,121.81,53.8,121.81,24.36,97.45,53.8,43.65
O0004696,CUST00201,2025-12-21,P0030,2,0.05,UPI,Grocery,239.09,117.72,478.18,23.91,454.27,235.44,218.83
O0002189,CUST00611,2025-12-21,P0033,2,0.05,UPI,Fashion,112.86,61.51,225.72,11.29,214.43,123.02,91.41
O0004889,CUST00130,2025-12-21,P0036,4,0.1,Wallet,Home,308.75,157.97,1235.0,123.5,1111.5,631.88,479.62
O0005166,CUST00445,2025-12-21,P0033,4,0.15,Card,Fashion,112.86,61.51,451.44,67.72,383.72,246.04,137.68
O0000147,CUST00530,2025-12-21,P0031,2,0.1,Wallet,Electronics,287.51,147.51,575.02,57.5,517.52,295.02,222.5
O0004433,CUST00585,2025-12-21,P0002,1,0.2,Card,Electronics,165.42,102.08,165.42,33.08,132.34,102.08,30.26
O0003986,CUST00386,2025-12-21,P0017,1,0.05,UPI,Home,110.28,84.44,110.28,5.51,104.77,84.44,20.33
O0004495,CUST00144,2025-12-21,P0038,2,0.0,UPI,Fashion,157.39,70.68,314.78,0.0,314.78,141.36,173.42
O0003846,CUST00250,2025-12-21,P0016,1,0.0,Card,Fashion,101.27,44.23,101.27,0.0,101.27,44.23,57.04
O0004737,CUST00572,2025-12-21,P0042,1,0.1,COD,Fashion,92.99,66.18,92.99,9.3,83.69,66.18,17.51
O0003933,CUST00121,2025-12-22,P0004,1,0.0,Wallet,Home,54.29,27.5,54.29,0.0,54.29,27.5,26.79
O0003621,CUST00158,2025-12-22,P0039,1,0.0,Card,Electronics,302.32,141.08,302.32,0.0,302.32,141.08,161.24
O0002690,CUST00547,2025-12-22,P0019,3,0.0,Card,Electronics,148.06,96.56,444.18,0.0,444.18,289.68,154.5
O0005149,CUST00173,2025-12-22,P0015,2,0.1,UPI,Fashion,43.69,25.91,87.38,8.74,78.64,51.82,26.82
O0003215,CUST00414,2025-12-22,P0019,1,0.0,UPI,Electronics,148.06,96.56,148.06,0.0,148.06,96.56,51.5
O0000454,CUST00086,2025-12-22,P0009,2,0.0,UPI,Fashion,264.14,141.26,528.28,0.0,528.28,282.52,245.76
O0004512,CUST00266,2025-12-23,P0031,4,0.1,UPI,Electronics,287.51,147.51,1150.04,115.0,1035.04,590.04,445.0
O0004816,CUST00073,2025-12-23,P0030,1,0.0,Card,Grocery,239.09,117.72,239.09,0.0,239.09,117.72,121.37
O0002415,CUST00526,2025-12-23,P0026,2,0.0,UPI,Electronics,133.04,87.51,266.08,0.0,266.08,175.02,91.06
O0000700,CUST00005,2025-12-23,P0032,1,0.1,COD,Electronics,325.98,157.6,325.98,32.6,293.38,157.6,135.78
O0000530,CUST00245,2025-12-23,P0004,2,0.0,UPI,Home,54.29,27.5,108.58,0.0,108.58,55.0,53.58
O0002733,CUST00112,2025-12-23,P0028,3,0.05,UPI,Electronics,164.95,128.88,494.85,24.74,470.11,386.64,83.47
O0004132,CUST00106,2025-12-23,P0005,1,0.15,COD,Electronics,273.97,126.69,273.97,41.1,232.87,126.69,106.18
O0003663,CUST00585,2025-12-24,P0025,1,0.0,UPI,Fashion,234.0,111.05,234.0,0.0,234.0,111.05,122.95
O0003279,CUST00498,2025-12-24,P0005,4,0.15,Net Banking,Electronics,273.97,126.69,1095.88,164.38,931.5,506.76,424.74
O0001573,CUST00092,2025-12-24,P0041,1,0.05,COD,Grocery,240.98,127.74,240.98,12.05,228.93,127.74,101.19
O0001682,CUST00022,2025-12-25,P0011,3,0.0,UPI,Electronics,158.87,121.21,476.61,0.0,476.61,363.63,112.98
O0001290,CUST00134,2025-12-25,P0016,1,0.0,Card,Fashion,101.27,44.23,101.27,0.0,101.27,44.23,57.04
O0000870,CUST00189,2025-12-25,P0004,2,0.0,UPI,Home,54.29,27.5,108.58,0.0,108.58,55.0,53.58
O0000895,CUST00429,2025-12-25,P0037,1,0.0,UPI,Fashion,32.76,22.26,32.76,0.0,32.76,22.26,10.5
O0001344,CUST00064,2025-12-25,P0016,1,0.05,Card,Fashion,101.27,44.23,101.27,5.06,96.21,44.23,51.98
O0001810,CUST00418,2025-12-25,P0038,2,0.0,UPI,Fashion,157.39,70.68,314.78,0.0,314.78,141.36,173.42
O0000572,CUST00232,2025-12-25,P0025,2,0.1,Card,Fashion,234.0,111.05,468.0,46.8,421.2,222.1,199.1
O0004813,CUST00564,2025-12-25,P0032,1,0.0,Wallet,Electronics,325.98,157.6,325.98,0.0,325.98,157.6,168.38
O0004572,CUST00216,2025-12-25,P0011,1,0.1,UPI,Electronics,158.87,121.21,158.87,15.89,142.98,121.21,21.77
O0000685,CUST00026,2025-12-26,P0037,1,0.15,UPI,Fashion,32.76,22.26,32.76,4.91,27.85,22.26,5.59
O0004224,CUST00368,2025-12-26,P0039,1,0.0,COD,Electronics,302.32,141.08,302.32,0.0,302.32,141.08,161.24
O0003150,CUST00560,2025-12-26,P0017,4,0.15,UPI,Home,110.28,84.44,441.12,66.17,374.95,337.76,37.19
O0002533,CUST00406,2025-12-26,P0038,1,0.1,COD,Fashion,157.39,70.68,157.39,15.74,141.65,70.68,70.97
O0002712,CUST00559,2025-12-26,P0032,3,0.1,UPI,Electronics,325.98,157.6,977.94,97.79,880.15,472.8,407.35
O0001483,CUST00128,2025-12-27,P0008,4,0.0,Card,Fashion,152.63,75.07,610.52,0.0,610.52,300.28,310.24
O0002377,CUST00146,2025-12-27,P0022,4,0.1,Card,Electronics,326.52,146.8,1306.08,130.61,1175.47,587.2,588.27
O0002179,CUST00600,2025-12-27,P0026,1,0.0,Wallet,Electronics,133.04,87.51,133.04,0.0,133.04,87.51,45.53
O0001362,CUST00118,2025-12-27,P0030,2,0.05,UPI,Grocery,239.09,117.72,478.18,23.91,454.27,235.44,218.83
O0005193,CUST00097,2025-12-27,P0009,1,0.2,UPI,Fashion,264.14,141.26,264.14,52.83,211.31,141.26,70.05
O0002582,CUST00187,2025-12-27,P0008,1,0.0,Net Banking,Fashion,152.63,75.07,152.63,0.0,152.63,75.07,77.56
O0004079,CUST00038,2025-12-27,P0040,3,0.0,Net Banking,Grocery,83.65,51.18,250.95,0.0,250.95,153.54,97.41
O0004996,CUST00397,2025-12-27,P0021,2,0.0,COD,Beauty,264.24,127.61,528.48,0.0,528.48,255.22,273.26
O0004118,CUST00428,2025-12-28,P0032,4,0.0,UPI,Electronics,325.98,157.6,1303.92,0.0,1303.92,630.4,673.52
O0003294,CUST00277,2025-12-28,P0027,2,0.05,COD,Electronics,55.13,36.66,110.26,5.51,104.75,73.32,31.43
O0003643,CUST00625,2025-12-28,P0022,3,0.2,COD,Electronics,326.52,146.8,979.56,195.91,783.65,440.4,343.25
O0000867,CUST00598,2025-12-28,P0002,1,0.0,UPI,Electronics,165.42,102.08,165.42,0.0,165.42,102.08,63.34
O0002933,CUST00400,2025-12-28,P0036,1,0.0,Card,Home,308.75,157.97,308.75,0.0,308.75,157.97,150.78
O0003075,CUST00168,2025-12-28,P0022,2,0.0,COD,Electronics,326.52,146.8,653.04,0.0,653.04,293.6,359.44
O0003727,CUST00237,2025-12-28,P0043,3,0.0,UPI,Electronics,364.08,156.96,1092.24,0.0,1092.24,470.88,621.36
O0004698,CUST00370,2025-12-29,P0027,4,0.1,COD,Electronics,55.13,36.66,220.52,22.05,198.47,146.64,51.83
O0001700,CUST00176,2025-12-29,P0022,1,0.0,COD,Electronics,326.52,146.8,326.52,0.0,326.52,146.8,179.72
O0002425,CUST00051,2025-12-29,P0013,1,0.0,UPI,Grocery,268.38,121.9,268.38,0.0,268.38,121.9,146.48
O0004751,CUST00303,2025-12-29,P0034,2,0.1,Card,Electronics,186.26,105.01,372.52,37.25,335.27,210.02,125.25
O0001598,CUST00008,2025-12-29,P0002,2,0.15,Wallet,Electronics,165.42,102.08,330.84,49.63,281.21,204.16,77.05
O0000283,CUST00527,2025-12-30,P0002,1,0.0,COD,Electronics,165.42,102.08,165.42,0.0,165.42,102.08,63.34
O0002212,CUST00316,2025-12-30,P0015,4,0.15,UPI,Fashion,43.69,25.91,174.76,26.21,148.55,103.64,44.91
O0003061,CUST00443,2025-12-30,P0044,4,0.0,UPI,Home,319.2,142.3,1276.8,0.0,1276.8,569.2,707.6
O0004063,CUST00560,2025-12-30,P0014,4,0.05,Net Banking,Electronics,66.45,51.75,265.8,13.29,252.51,207.0,45.51
O0003316,CUST00560,2025-12-30,P0005,1,0.0,UPI,Electronics,273.97,126.69,273.97,0.0,273.97,126.69,147.28
O0002519,CUST00218,2025-12-30,P0016,1,0.15,Card,Fashion,101.27,44.23,101.27,15.19,86.08,44.23,41.85
O0002000,CUST00159,2025-12-30,P0004,2,0.0,COD,Home,54.29,27.5,108.58,0.0,108.58,55.0,53.58
O0003874,CUST00633,2025-12-30,P0042,1,0.0,Wallet,Fashion,92.99,66.18,92.99,0.0,92.99,66.18,26.81
